# File generated by ImageToStl.com - Free Image and 3D model conversion tools

o obj1
v 42.89297485 60.35458755 2.88819146
v 42.89297485 60.38700485 2.88228559
v 42.80327225 60.44710159 2.8832655
v 42.89297485 60.35458755 3.28819132
v 42.80327225 60.44710159 3.28326559
v 42.89297485 60.38700485 3.28228545
v 42.95643997 60.34448624 2.88851023
v 42.95643997 60.34448624 3.28851008
v 43.0685997 60.17346191 2.91492677
v 43.26782608 60.17346191 2.90782118
v 43.0685997 60.17346191 3.31492662
v 43.26782608 60.17346191 3.30782127
v 43.39464951 60.26064682 2.89040279
v 43.39464951 60.4509964 2.86224842
v 43.39464951 60.26064682 3.29040289
v 43.39464951 60.4509964 3.26224828
v 43.21243668 60.4509964 2.86529136
v 43.13122559 60.32069397 2.88826585
v 43.21243668 60.4509964 3.26529145
v 43.13122559 60.32069397 3.28826594
v 43.22957993 60.47850418 2.86289215
v 43.22957993 60.47850418 3.26289225
v 43.39464951 60.52815247 2.85410905
v 43.32154083 60.49027634 2.85982442
v 43.39464951 60.52815247 3.25410914
v 43.32154083 60.49027634 3.25982428
v 43.89632034 60.4509964 2.86224842
v 43.89632034 60.19076538 2.89890957
v 43.89632034 60.4509964 3.26224828
v 43.89632034 60.19076538 3.29890966
v 43.49583435 60.33020782 2.87994289
v 43.49583435 60.33020782 3.27994275
v 43.502388 60.5839653 2.8482213
v 43.502388 60.5839653 3.24822116
v 43.89632034 60.57995987 2.84864378
v 43.89632034 60.57995987 3.24864388
v 43.80950546 60.58482361 2.8481307
v 43.80950546 60.58482361 3.2481308
v 44.397995 59.94932938 2.87062669
v 44.28126144 59.94932938 2.88512206
v 44.397995 59.76680756 2.89329171
v 44.397995 59.94932938 3.27062654
v 44.397995 59.76680756 3.29329157
v 44.28126144 59.94932938 3.28512192
v 44.36909866 60.4509964 2.86146784
v 44.397995 60.42949677 2.8618145
v 44.36909866 60.4509964 3.2614677
v 44.397995 60.42949677 3.26181459
v 43.91761017 60.18334961 2.89852715
v 43.91761017 60.18334961 3.298527
v 44.26647949 59.97244263 2.88579106
v 44.26647949 59.97244263 3.28579092
v 44.05947113 60.57081985 2.85104418
v 44.05947113 60.57081985 3.25104403
v 44.32204056 60.48600769 2.85915232
v 44.32204056 60.48600769 3.25915217
v 44.71752548 59.44766235 2.93976569
v 44.74848175 59.42906952 2.9400332
v 44.89966583 59.44766235 2.94366646
v 44.71752548 59.44766235 3.33976579
v 44.89966583 59.44766235 3.34366632
v 44.74848175 59.42906952 3.34003329
v 44.89966583 59.25533676 2.93954754
v 44.89966583 59.25533676 3.33954763
v 44.89966583 59.94932938 2.93822861
v 44.89966583 59.94932938 3.3382287
v 44.53012466 59.56020737 2.92513633
v 44.53012466 59.56020737 3.32513642
v 44.89966583 60.05624771 2.92300749
v 44.89966583 60.05624771 3.32300735
v 45.23576355 58.94599152 2.93647742
v 45.12426376 58.94599152 2.9352982
v 45.15988922 58.89131546 2.93537498
v 45.23576355 58.94599152 3.33647752
v 45.15988922 58.89131546 3.33537507
v 45.12426376 58.94599152 3.33529806
v 45.19658661 59.44766235 3.00701809
v 45.20851898 59.32099915 2.9910388
v 45.19658661 59.44766235 3.40701818
v 45.20851898 59.32099915 3.39103866
v 44.99137878 59.14994431 2.94582152
v 44.99137878 59.14994431 3.34582162
v 45.40133667 59.06530762 2.96497941
v 45.40133667 59.18551636 2.99193072
v 45.40133667 59.06530762 3.36497951
v 45.40133667 59.18551636 3.39193082
v 45.04337311 59.94932938 2.97044849
v 45.40133667 59.68300247 3.05070496
v 45.04337311 59.94932938 3.37044859
v 45.40133667 59.68300247 3.45070505
v 45.40133667 59.47176361 3.05070496
v 45.19025421 59.51485443 3.00536084
v 45.40133667 59.47176361 3.45070505
v 45.19025421 59.51485443 3.40536094
v 45.48579788 59.12617111 2.98094678
v 45.48579788 59.12617111 3.38094687
v 45.71765137 59.44766235 3.06879687
v 45.51940155 59.44766235 3.05745769
v 45.7926178 59.39188385 3.05856276
v 45.71765137 59.44766235 3.46879697
v 45.7926178 59.39188385 3.45856285
v 45.51940155 59.44766235 3.45745778
v 45.40133667 58.58480453 2.93440843
v 45.40133667 58.94599152 2.93822861
v 45.20315933 58.81567764 2.93529868
v 45.40133667 58.58480453 3.33440852
v 45.20315933 58.81567764 3.33529878
v 45.40133667 58.94599152 3.3382287
v 45.36305618 58.94599152 2.93782377
v 45.36305618 58.94599152 3.33782387
v 45.40133667 58.97719193 2.94522381
v 45.40133667 58.97719193 3.3452239
v 45.90301132 58.44432449 2.93822861
v 45.52192307 58.44432449 2.93419814
v 45.90301132 58.07732773 2.95563674
v 45.90301132 58.44432449 3.3382287
v 45.90301132 58.07732773 3.35563684
v 45.52192307 58.44432449 3.334198
v 45.66290665 58.28008652 2.94431114
v 45.66290665 58.28008652 3.344311
v 45.90301132 58.94599152 2.94366646
v 45.90301132 58.94599152 3.34366632
v 45.7046814 59.22441483 3.01174498
v 45.7046814 59.22441483 3.41174507
v 45.90301132 59.1128006 2.98879862
v 45.6931572 59.0253334 2.96132016
v 45.90301132 59.1128006 3.38879871
v 45.6931572 59.0253334 3.36132026
v 45.90301132 59.30975342 3.04208589
v 45.82501221 59.36778259 3.05390143
v 45.90301132 59.25234222 3.02655339
v 45.90301132 59.30975342 3.44208574
v 45.90301132 59.25234222 3.42655325
v 45.82501221 59.36778259 3.45390129
v 46.28678513 57.94265747 3.02986431
v 46.3129921 57.93473053 3.03518677
v 46.40468216 57.94265747 3.05070496
v 46.28678513 57.94265747 3.42986441
v 46.40468216 57.94265747 3.45070505
v 46.3129921 57.93473053 3.43518662
v 46.40468216 57.89075851 3.05367351
v 46.40468216 57.89075851 3.4536736
v 46.40468216 58.44432449 2.96202469
v 46.40468216 58.44432449 3.36202478
v 45.93732452 58.04835129 2.96214151
v 45.93732452 58.04835129 3.36214161
v 46.39192581 58.94599152 3.06375504
v 46.40468216 58.93650436 3.06490421
v 46.39192581 58.94599152 3.46375513
v 46.40468216 58.93650436 3.46490431
v 45.97657394 59.14346313 3.01217461
v 45.97657394 59.14346313 3.41217446
v 46.906353 57.94265747 3.07264423
v 46.906353 57.81416321 3.08565712
v 46.906353 57.94265747 3.47264409
v 46.906353 57.81416321 3.48565722
v 46.6511879 57.77253342 3.07490039
v 46.6511879 57.77253342 3.47490025
v 46.906353 58.44432449 3.06688809
v 46.906353 58.44432449 3.46688795
v 46.906353 58.56325531 3.08029699
v 46.906353 58.56325531 3.48029709
v 47.40802765 57.94265747 3.09572911
v 47.40802765 57.94265747 3.49572897
v 47.40802765 57.59932327 3.16850138
v 47.30915833 57.72677231 3.13222933
v 47.40802765 57.59932327 3.56850147
v 47.30915833 57.72677231 3.53222919
v 46.99084473 57.82794952 3.09028721
v 46.99084473 57.82794952 3.4902873
v 47.06620407 58.44432449 3.0760777
v 47.40802765 58.19000626 3.09572911
v 47.06620407 58.44432449 3.4760778
v 47.40802765 58.19000626 3.49572897
v 47.90969849 57.44099045 3.20774436
v 47.53085709 57.44099045 3.2034533
v 47.90969849 57.1925354 3.33314681
v 47.90969849 57.44099045 3.60774446
v 47.90969849 57.1925354 3.73314691
v 47.53085709 57.44099045 3.60345316
v 47.57527924 57.38372803 3.22827554
v 47.57527924 57.38372803 3.62827563
v 47.74047852 57.94265747 3.09783435
v 47.84184647 57.86723709 3.11478758
v 47.74047852 57.94265747 3.49783421
v 47.84184647 57.86723709 3.51478744
v 47.90969849 57.80547333 3.12866855
v 47.90969849 57.80547333 3.52866864
v 48.41137314 56.93931961 3.56113601
v 48.14223099 56.93931961 3.50738764
v 48.41137314 56.83071518 3.58674812
v 48.41137314 56.93931961 3.96113586
v 48.41137314 56.83071518 3.98674798
v 48.14223099 56.93931961 3.9073875
v 48.31008911 57.44099045 3.32469201
v 48.41137314 57.34878922 3.39229298
v 48.31008911 57.44099045 3.72469187
v 48.41137314 57.34878922 3.79229307
v 47.94867325 57.17024994 3.35383463
v 47.94867325 57.17024994 3.75383472
v 48.13194656 56.94347 3.50340915
v 48.13194656 56.94347 3.90340924
v 48.86117935 56.93931961 3.57643366
v 48.91304398 56.89210892 3.59862375
v 48.86117935 56.93931961 3.97643352
v 48.91304398 56.89210892 3.99862361
v 48.48721695 56.80010986 3.60068703
v 48.48721695 56.80010986 4.00068712
v 48.91304398 56.71142578 3.67679262
v 48.91304398 56.71142578 4.07679272
v 49.15196228 56.67461395 3.74811673
v 49.15196228 56.67461395 4.14811707
v 48.99138641 56.69511032 3.70144296
v 48.99138641 56.69511032 4.10144281
v 49.41226959 56.43765259 3.9532702
v 49.21574402 56.43765259 3.8910594
v 49.41471481 56.4354248 3.95514202
v 49.41226959 56.43765259 4.35327005
v 49.41471481 56.4354248 4.35514212
v 49.21574402 56.43765259 4.29105949
v 49.37488937 56.31852722 4.00102949
v 49.41471481 56.29330826 4.02513981
v 49.37488937 56.31852722 4.40102959
v 49.41471481 56.29330826 4.4251399
v 49.27337265 56.56409454 3.83831549
v 49.12166214 56.50807953 3.82555676
v 49.27337265 56.56409454 4.23831558
v 49.12166214 56.50807953 4.22555685
v 49.78927231 56.09445953 4.14690018
v 49.78927231 56.09445953 4.5468998
v 49.58651733 56.18452454 4.08771896
v 49.58651733 56.18452454 4.48771858
v 13.29431438 62.4576683 1.89831567
v 12.91923618 62.4576683 1.89650452
v 13.29431438 62.23553848 1.95384848
v 13.29431438 62.4576683 2.29831553
v 13.29431438 62.23553848 2.35384846
v 12.91923618 62.4576683 2.2965045
v 12.88251114 62.38785172 1.91405809
v 13.04225826 62.26732254 1.94514668
v 12.88251114 62.38785172 2.31405807
v 13.04225826 62.26732254 2.34514666
v 13.06657314 62.73776627 1.82124007
v 13.29431438 62.88523865 1.78140056
v 13.06657314 62.73776627 2.22124004
v 13.29431438 62.88523865 2.18140054
v 13.79598618 62.4576683 1.89589322
v 13.79598618 62.04308319 2.00154114
v 13.79598618 62.4576683 2.29589319
v 13.79598618 62.04308319 2.40154123
v 13.43655491 62.21760178 1.95797467
v 13.43655491 62.21760178 2.35797477
v 13.55374813 62.0437851 2.00156784
v 13.68776226 62.13109589 1.97929621
v 13.55374813 62.0437851 2.40156794
v 13.68776226 62.13109589 2.3792963
v 13.408741 62.95933533 1.76311719
v 13.408741 62.95933533 2.16311717
v 13.79598618 62.50021362 1.8852011
v 13.79598618 62.50021362 2.28520107
v 13.62574673 62.95933533 1.76686788
v 13.7284956 62.49785614 1.8859992
v 13.62574673 62.95933533 2.16686797
v 13.7284956 62.49785614 2.28599906
v 13.5117836 63.02606201 1.74459708
v 13.5117836 63.02606201 2.14459705
v 13.61091328 63.02595901 1.74649763
v 13.61091328 63.02595901 2.14649749
v 14.29765892 61.95600128 2.02027059
v 13.94619942 61.95600128 2.02269602
v 14.29765892 61.92155457 2.03679013
v 14.29765892 61.95600128 2.42027044
v 14.29765892 61.92155457 2.43678999
v 13.94619942 61.95600128 2.42269611
v 13.92971802 61.93664169 2.03167248
v 14.12354565 61.77619171 2.10584688
v 13.92971802 61.93664169 2.43167257
v 14.12354565 61.77619171 2.50584698
v 14.29765892 62.4576683 1.89589322
v 14.29765892 62.4576683 2.29589319
v 13.8906908 61.96607208 2.02052641
v 14.03325367 62.20013428 1.96067977
v 13.8906908 61.96607208 2.42052627
v 14.03325367 62.20013428 2.36067986
v 14.11452007 62.15372086 1.97201645
v 14.11452007 62.15372086 2.37201643
v 14.29765892 60.95266342 2.40481019
v 14.21115971 60.95266342 2.40273118
v 14.29765892 60.86236191 2.43100119
v 14.29765892 60.95266342 2.80481029
v 14.29765892 60.86236191 2.83100104
v 14.21115971 60.95266342 2.80273128
v 14.07820511 61.091465 2.35978007
v 14.13277245 61.40075684 2.2724421
v 14.07820511 61.091465 2.75977993
v 14.13277245 61.40075684 2.67244196
v 14.29765892 61.45433426 2.26084757
v 14.29765892 61.45433426 2.66084743
v 14.12580585 61.45433426 2.25693059
v 14.12580585 61.45433426 2.65693069
v 14.10259533 61.63283157 2.17286181
v 14.10259533 61.63283157 2.57286191
v 14.29765892 61.77809143 2.10558844
v 14.29765892 61.77809143 2.50558829
v 14.29765892 60.75933456 2.46088266
v 14.2700119 60.66949463 2.48617649
v 14.29765892 60.6516304 2.49212074
v 14.29765892 60.75933456 2.86088276
v 14.29765892 60.6516304 2.89212084
v 14.2700119 60.66949463 2.88617635
v 14.32165432 60.83731079 2.44032454
v 14.32165432 60.83731079 2.84032464
v 14.53900623 60.49569321 2.5517447
v 14.63506126 60.60372925 2.52892685
v 14.53900623 60.49569321 2.95174479
v 14.63506126 60.60372925 2.92892694
v 14.79933071 60.9252739 2.4591527
v 14.79933071 60.95266342 2.45225835
v 14.79933071 60.9252739 2.85915279
v 14.79933071 60.95266342 2.85225821
v 14.79933071 61.45433426 2.27413821
v 14.79933071 61.45433426 2.67413831
v 14.79933071 60.4509964 2.57852292
v 14.78396225 60.4509964 2.57765865
v 14.79933071 60.13491058 2.79628158
v 14.79933071 60.4509964 2.97852302
v 14.79933071 60.13491058 3.19628143
v 14.78396225 60.4509964 2.97765875
v 14.66329193 60.33227921 2.65015841
v 14.75374794 60.12807465 2.79614925
v 14.66329193 60.33227921 3.0501585
v 14.75374794 60.12807465 3.19614935
v 14.79933071 60.46611786 2.57471728
v 14.79933071 60.46611786 2.97471738
v 14.79933071 59.87928009 2.9663558
v 14.76886177 59.85751724 2.97496819
v 14.79933071 59.80635071 3.01031423
v 14.79933071 59.87928009 3.3663559
v 14.79933071 59.80635071 3.41031408
v 14.76886177 59.85751724 3.37496829
v 15.05943966 59.44766235 3.24240708
v 15.09631443 59.40473175 3.25869465
v 15.30100346 59.44766235 3.25716519
v 15.05943966 59.44766235 3.64240718
v 15.30100346 59.44766235 3.65716529
v 15.09631443 59.40473175 3.65869474
v 14.86458874 59.40683746 3.24196529
v 14.8851881 59.32209778 3.26753235
v 14.86458874 59.40683746 3.64196515
v 14.8851881 59.32209778 3.66753221
v 15.1521244 59.17021942 3.34185171
v 15.30100346 59.04452896 3.40538192
v 15.0708065 59.29971313 3.29071665
v 15.1521244 59.17021942 3.74185181
v 15.0708065 59.29971313 3.69071674
v 15.30100346 59.04452896 3.80538201
v 14.89740944 59.94932938 2.93676186
v 14.89740944 59.94932938 3.33676171
v 14.90779591 59.62420654 3.12931061
v 14.90779591 59.62420654 3.5293107
v 15.30100346 59.94932938 2.98872614
v 15.30100346 59.94932938 3.38872623
v 15.25240898 60.20287323 2.80516982
v 15.25240898 60.20287323 3.20516992
v 15.30100346 60.4509964 2.63736033
v 15.30100346 60.4509964 3.03736043
v 15.30100346 58.94599152 3.44161081
v 15.12888336 58.94599152 3.41390514
v 15.30100346 58.81887436 3.47407556
v 15.30100346 58.94599152 3.84161067
v 15.30100346 58.81887436 3.87407565
v 15.12888336 58.94599152 3.813905
v 15.12538624 58.94474411 3.41362023
v 15.17497063 58.8442688 3.44489002
v 15.12538624 58.94474411 3.81362033
v 15.17497063 58.8442688 3.84488988
v 15.27730083 58.80876923 3.47222805
v 15.27730083 58.80876923 3.87222815
v 15.30100346 59.00754166 3.41898131
v 15.30100346 59.00754166 3.81898141
v 15.80267525 58.94599152 3.57982564
v 15.80267525 58.75297928 3.60520387
v 15.80267525 58.94599152 3.97982574
v 15.80267525 58.75297928 4.00520372
v 15.38487816 58.85462189 3.48616171
v 15.38487816 58.85462189 3.88616157
v 15.41353703 58.74552536 3.51824021
v 15.57766533 58.70922089 3.5621233
v 15.41353703 58.74552536 3.91824007
v 15.57766533 58.70922089 3.96212316
v 15.33178043 59.01854706 3.42302942
v 15.33178043 59.01854706 3.82302952
v 15.80267525 59.44766235 3.35200429
v 15.80267525 59.44766235 3.75200415
v 15.80267525 59.94932938 3.12453699
v 15.80267525 59.94932938 3.52453709
v 15.80267525 60.4509964 2.86351728
v 15.80267525 60.4509964 3.26351714
v 15.30100346 60.95266342 2.48703599
v 15.30100346 60.95266342 2.88703585
v 15.80267525 60.95266342 2.55031204
v 15.80267525 60.95266342 2.9503119
v 15.30100346 61.45433426 2.29159451
v 15.30100346 61.45433426 2.69159436
v 15.80267525 61.45433426 2.35311055
v 15.80267525 61.45433426 2.75311041
v 15.30100346 61.95600128 2.0590899
v 15.30100346 61.95600128 2.45908999
v 15.80267525 61.53992462 2.3133111
v 15.33865738 61.95600128 2.06364942
v 15.80267525 61.53992462 2.71331096
v 15.33865738 61.95600128 2.46364951
v 15.30100346 61.98976517 2.04838514
v 15.30100346 61.98976517 2.44838524
v 16.30434799 58.94599152 3.70760417
v 16.30434799 58.89909744 3.71930122
v 16.30434799 58.94599152 4.10760403
v 16.30434799 58.89909744 4.11930132
v 16.05915451 58.80285645 3.67260265
v 16.05915451 58.80285645 4.07260275
v 16.144701 58.87335587 3.68233299
v 16.144701 58.87335587 4.08233309
v 16.30434799 59.44766235 3.57500029
v 16.30434799 59.44766235 3.97500014
v 16.30434799 59.94932938 3.23712993
v 16.30434799 59.94932938 3.63713002
v 16.30434799 60.4509964 2.96818471
v 16.30434799 60.4509964 3.36818457
v 16.30434799 60.95266342 2.67171454
v 16.30434799 60.95266342 3.07171464
v 15.89813042 61.45433426 2.37197566
v 16.30434799 61.09008408 2.61159945
v 15.89813042 61.45433426 2.77197552
v 16.30434799 61.09008408 3.01159954
v 16.41905594 58.91759109 3.7543056
v 16.41905594 58.91759109 4.15430546
v 16.80602074 58.78769684 3.90879798
v 16.80602074 58.94599152 3.88339758
v 16.6314621 58.85943604 3.83879828
v 16.80602074 58.78769684 4.30879784
v 16.6314621 58.85943604 4.23879814
v 16.80602074 58.94599152 4.28339767
v 16.80602074 59.44766235 3.69145179
v 16.80602074 59.44766235 4.09145164
v 16.80602074 59.94932938 3.35200429
v 16.80602074 59.94932938 3.75200415
v 16.80602074 60.4509964 3.12117481
v 16.80602074 60.4509964 3.52117467
v 16.45760345 60.95266342 2.71614218
v 16.80602074 60.64024734 3.0064826
v 16.45760345 60.95266342 3.11614227
v 16.80602074 60.64024734 3.4064827
v 17.30769157 58.44432449 4.01877308
v 17.24065971 58.44432449 4.01144028
v 17.30769157 58.35332489 4.03200006
v 17.30769157 58.44432449 4.41877317
v 17.30769157 58.35332489 4.43200016
v 17.24065971 58.44432449 4.41144037
v 17.27910042 58.35332489 4.02852917
v 17.27910042 58.35332489 4.42852926
v 17.30769157 58.94599152 3.97040176
v 17.30769157 58.94599152 4.37040186
v 16.97458076 58.71842575 3.94425011
v 17.09518814 58.70454025 3.96337843
v 16.97458076 58.71842575 4.3442502
v 17.09518814 58.70454025 4.36337852
v 17.15539169 58.6461792 3.97872567
v 17.15539169 58.6461792 4.37872553
v 17.30769157 59.44766235 3.76916218
v 17.30769157 59.44766235 4.16916227
v 17.30769157 59.94932938 3.415941
v 17.30769157 59.94932938 3.8159411
v 17.01707649 60.4509964 3.12258935
v 17.30769157 60.1904068 3.27590585
v 17.01707649 60.4509964 3.52258921
v 17.30769157 60.1904068 3.67590594
v 17.80936432 58.44432449 4.17709398
v 17.80936432 58.4252739 4.1775322
v 17.80936432 58.44432449 4.57709408
v 17.80936432 58.4252739 4.57753229
v 17.44942856 58.35332489 4.07358503
v 17.44942856 58.35332489 4.47358513
v 17.63749504 58.31969833 4.13094616
v 17.60414314 58.40265274 4.11537313
v 17.63749504 58.31969833 4.53094625
v 17.60414314 58.40265274 4.51537323
v 17.78084755 58.94599152 4.08479691
v 17.75863075 58.91827774 4.08393669
v 17.78084755 58.94599152 4.484797
v 17.75863075 58.91827774 4.48393679
v 17.80936432 58.82080841 4.11300278
v 17.70259476 58.81809616 4.08564138
v 17.80936432 58.82080841 4.51300287
v 17.70259476 58.81809616 4.48564148
v 17.65873528 58.88134003 4.06484699
v 17.65873528 58.88134003 4.46484709
v 17.80936432 59.44766235 3.95179892
v 17.80936432 58.98156738 4.08177137
v 17.80936432 59.44766235 4.35179901
v 17.80936432 58.98156738 4.48177147
v 17.57654953 59.94932938 3.52244568
v 17.80936432 59.74056625 3.75496244
v 17.57654953 59.94932938 3.92244577
v 17.80936432 59.74056625 4.15496254
v 17.84038162 58.44432449 4.18259525
v 17.84038162 58.44432449 4.58259535
v 17.86311913 58.82217407 4.12580633
v 17.86311913 58.82217407 4.52580643
v 17.99188614 58.53739166 4.19655371
v 17.99188614 58.53739166 4.59655333
v 18.06301117 58.6470871 4.19643211
v 18.01546097 58.71960831 4.17656708
v 17.99188614 58.61753845 4.18543148
v 18.06301117 58.6470871 4.59643221
v 17.99188614 58.61753845 4.5854311
v 18.01546097 58.71960831 4.57656717
v 18.31103706 58.94599152 4.2240591
v 18.13730621 58.94599152 4.1782198
v 18.31103706 58.8789978 4.22967052
v 18.31103706 58.94599152 4.62405872
v 18.31103706 58.8789978 4.62967014
v 18.13730621 58.94599152 4.57821989
v 18.13602257 59.44766235 3.98303962
v 18.31103706 59.29072952 4.06993723
v 18.13602257 59.44766235 4.38303947
v 18.31103706 59.29072952 4.46993732
v 17.81573296 58.9895134 4.08114386
v 17.81573296 58.9895134 4.48114347
v 17.99403381 58.96928787 4.13247871
v 18.08343506 58.96676636 4.15630341
v 17.96508598 59.00649643 4.11274767
v 17.99403381 58.96928787 4.53247881
v 17.96508598 59.00649643 4.51274776
v 18.08343506 58.96676636 4.5563035
v 18.38630867 58.94599152 4.23157787
v 18.38630867 58.94599152 4.63157797
v 18.32860374 58.8722229 4.23232555
v 18.32860374 58.8722229 4.63232517
v 18.47533798 58.94599152 4.24047184
v 18.42498016 58.94599152 4.23544121
v 18.46331978 58.92691803 4.24161482
v 18.47533798 58.94599152 4.64047146
v 18.46331978 58.92691803 4.64161491
v 18.42498016 58.94599152 4.63544083
v 18.39714241 58.95984268 4.22708797
v 18.39714241 58.95984268 4.62708807
v 18.61974144 59.01391983 4.23542452
v 18.52405167 59.02331161 4.21932888
v 18.61974144 59.01391983 4.63542461
v 18.52405167 59.02331161 4.6193285
v 14.89836884 60.56355286 2.56074381
v 14.89836884 60.56355286 2.9607439
v 14.9233036 60.95266342 2.46085238
v 14.9233036 60.95266342 2.86085248
v 14.81332588 60.95266342 2.45322847
v 14.81332588 60.95266342 2.85322833
v 14.93907738 61.19881439 2.37218213
v 14.93907738 61.19881439 2.77218223
v 14.79933071 61.95600128 2.02373266
v 14.79933071 61.95600128 2.42373276
v 14.79933071 62.4396019 1.90049684
v 14.79933071 62.4396019 2.30049682
v 14.41926479 61.86864471 2.063416
v 14.41926479 61.86864471 2.4634161
v 14.41926479 61.95600128 2.02110982
v 14.41926479 61.95600128 2.42110968
v 14.33892059 61.95600128 2.02055526
v 14.33892059 61.95600128 2.42055535
v 14.77918434 62.4576683 1.89589322
v 14.77918434 62.4576683 2.29589319
v 14.41926479 62.02307892 2.00436735
v 14.41926479 62.02307892 2.40436745
v 14.53138924 62.95933533 1.760396
v 14.29765892 62.95933533 1.760396
v 14.54847145 62.66454315 1.84001756
v 14.53138924 62.95933533 2.16039586
v 14.54847145 62.66454315 2.24001765
v 14.29765892 62.95933533 2.16039586
v 14.29765892 63.41485977 1.64078963
v 14.40760326 63.40175629 1.64423037
v 14.29765892 63.41485977 2.0407896
v 14.40760326 63.40175629 2.04423046
v 14.5120554 63.29296875 1.67279482
v 14.5120554 63.29296875 2.07279491
v 13.83461761 62.50156021 1.88479888
v 13.83461761 62.50156021 2.28479886
v 14.16730309 62.95933533 1.76284218
v 14.16730309 62.95933533 2.16284227
v 14.04678249 62.95933533 1.76510394
v 13.85442638 62.95933533 1.76871359
v 14.17385769 62.78107834 1.81003988
v 14.04678249 62.95933533 2.16510391
v 14.17385769 62.78107834 2.21003985
v 13.85442638 62.95933533 2.16871357
v 13.86543465 63.21372986 1.69404674
v 13.86543465 63.21372986 2.09404659
v 14.14990711 63.43246841 1.63406515
v 14.14990711 63.43246841 2.03406525
v 14.79933071 62.4576683 1.89589322
v 14.79933071 62.4576683 2.29589319
v 14.60425663 62.64323807 1.84577191
v 14.60425663 62.64323807 2.24577188
v 14.79933071 62.95933533 1.760396
v 14.79933071 62.95933533 2.16039586
v 14.74379826 62.95933533 1.760396
v 14.76332569 62.8087616 1.80106568
v 14.74379826 62.95933533 2.16039586
v 14.76332569 62.8087616 2.20106578
v 14.69149876 63.36262512 1.6545049
v 14.69149876 63.36262512 2.05450487
v 14.79933071 63.46100616 1.62867308
v 14.74292469 63.46100616 1.62867308
v 14.79933071 63.46100616 2.02867317
v 14.74292469 63.46100616 2.02867317
v 14.79933071 63.56891251 1.59977901
v 14.79933071 63.56891251 1.99977899
v 15.30100346 62.4576683 1.90003479
v 15.30100346 62.4576683 2.30003476
v 15.30100346 62.95933533 1.76113951
v 15.30100346 62.95933533 2.16113949
v 15.30100346 64.24721527 1.41715181
v 15.28293705 64.19908905 1.42984867
v 15.30100346 64.17292023 1.43730652
v 15.30100346 64.24721527 1.81715178
v 15.30100346 64.17292023 1.8373065
v 15.28293705 64.19908905 1.82984865
v 15.80267525 61.95600128 2.11983943
v 15.80267525 61.95600128 2.51983953
v 15.80267525 62.4576683 1.97016156
v 15.80267525 62.4576683 2.37016153
v 15.80267525 62.95933533 1.85056734
v 15.80267525 62.95933533 2.2505672
v 15.30100346 63.08872223 1.72697532
v 15.38512993 63.12045288 1.7312777
v 15.30100346 63.08872223 2.1269753
v 15.38512993 63.12045288 2.1312778
v 15.80267525 63.07007599 1.81183672
v 15.80267525 63.07007599 2.21183681
v 15.48548985 63.46100616 1.64575052
v 15.41387558 63.46100616 1.63912129
v 15.62594318 63.24144363 1.72891402
v 15.48548985 63.46100616 2.04575038
v 15.62594318 63.24144363 2.12891388
v 15.41387558 63.46100616 2.03912139
v 15.42222309 63.55990601 1.61354005
v 15.42222309 63.55990601 2.01354003
v 15.78440762 63.96267319 1.54168534
v 15.44614697 63.96267319 1.50855815
v 15.80267525 63.92962646 1.55214536
v 15.78440762 63.96267319 1.94168544
v 15.80267525 63.92962646 1.95214534
v 15.44614697 63.96267319 1.90855813
v 15.62687206 63.70088196 1.59544301
v 15.80267525 63.54449463 1.65320396
v 15.62687206 63.70088196 1.99544299
v 15.80267525 63.54449463 2.05320406
v 15.38251305 64.46434021 1.36240304
v 15.38251305 64.46434021 1.76240301
v 15.50708103 64.46434021 1.36874998
v 15.50708103 64.46434021 1.76874995
v 15.4328928 64.59854126 1.32482111
v 15.4328928 64.59854126 1.72482109
v 16.30434799 61.45433426 2.45225835
v 16.30434799 61.45433426 2.85225821
v 16.30434799 61.95600128 2.28213668
v 16.30434799 61.95600128 2.68213677
v 16.30434799 62.4576683 2.04370356
v 16.30434799 62.4576683 2.44370365
v 16.80602074 60.95266342 2.81714582
v 16.80602074 60.95266342 3.21714568
v 16.80602074 61.45433426 2.45225835
v 16.80602074 61.45433426 2.85225821
v 16.80602074 61.95600128 2.27413821
v 16.80602074 61.95600128 2.67413831
v 16.80602074 62.4576683 2.05694675
v 16.80602074 62.40781021 2.07853293
v 16.80602074 62.4576683 2.45694661
v 16.80602074 62.40781021 2.47853279
v 16.80602074 62.24966812 2.14699864
v 16.71213913 62.27313232 2.13582301
v 16.80602074 62.24966812 2.5469985
v 16.71213913 62.27313232 2.53582287
v 16.68880463 62.95933533 1.88425875
v 16.30434799 62.95933533 1.87495446
v 16.70244789 62.95035553 1.88762617
v 16.68880463 62.95933533 2.28425884
v 16.70244789 62.95035553 2.28762603
v 16.30434799 62.95933533 2.27495456
v 16.80602074 62.50591278 2.04061317
v 16.80602074 62.50591278 2.44061327
v 16.80602074 62.67976761 1.98175073
v 16.80602074 62.71961212 1.96825957
v 16.6061058 62.50711441 2.03497219
v 16.80602074 62.67976761 2.38175082
v 16.6061058 62.50711441 2.43497229
v 16.80602074 62.71961212 2.36825967
v 16.79764938 62.84240723 1.92647815
v 16.63288116 62.7350769 1.95866418
v 16.79764938 62.84240723 2.32647824
v 16.63288116 62.7350769 2.35866427
v 16.30434799 63.30009842 1.75998294
v 16.49968147 63.08384323 1.83924532
v 16.30434799 63.30009842 2.15998292
v 16.49968147 63.08384323 2.23924541
v 16.84077644 62.4576683 2.05694675
v 16.84077644 62.4576683 2.45694661
v 16.87412071 62.50550079 2.04075193
v 16.87412071 62.50550079 2.44075179
v 16.84783554 62.71587753 1.96952391
v 16.84783554 62.71587753 2.369524
v 17.30769157 60.4509964 3.12453699
v 17.30769157 60.4509964 3.52453709
v 17.30769157 60.95266342 2.8426497
v 17.30769157 60.95266342 3.24264979
v 17.30769157 61.45433426 2.45225835
v 17.30769157 61.45433426 2.85225821
v 17.30769157 61.95600128 2.27413821
v 17.30769157 61.95600128 2.67413831
v 17.11143112 62.1733284 2.18004918
v 17.11143112 62.1733284 2.58004904
v 17.30769157 62.03152466 2.24144053
v 17.30769157 62.03152466 2.64144063
v 17.30769157 63.46100616 1.75213397
v 17.29654121 63.46100616 1.75173283
v 17.30769157 63.4162674 1.76416945
v 17.30769157 63.46100616 2.15213394
v 17.30769157 63.4162674 2.16416955
v 17.29654121 63.46100616 2.15173292
v 17.30769157 63.85274887 1.65572524
v 17.22061539 63.76560211 1.67354488
v 17.30769157 63.85274887 2.05572534
v 17.22061539 63.76560211 2.07354474
v 17.80936432 59.94932938 3.61467314
v 17.80936432 59.94932938 4.01467323
v 17.80936432 60.4509964 3.2006669
v 17.80936432 60.4509964 3.60066676
v 17.80936432 60.95266342 2.8426497
v 17.80936432 60.95266342 3.24264979
v 17.80936432 61.45433426 2.462605
v 17.80936432 61.45433426 2.86260509
v 17.80936432 61.95600128 2.28213668
v 17.80936432 61.95600128 2.68213677
v 17.34441185 62.00499344 2.25372362
v 17.34441185 62.00499344 2.65372348
v 17.62771416 62.4576683 2.08091021
v 17.69028091 62.29202271 2.14986444
v 17.80936432 62.4576683 2.09451199
v 17.62771416 62.4576683 2.48091006
v 17.80936432 62.4576683 2.49451208
v 17.69028091 62.29202271 2.54986453
v 17.58545113 62.14009476 2.20487332
v 17.58545113 62.14009476 2.60487342
v 17.60548592 62.51652145 2.05908298
v 17.60548592 62.51652145 2.45908308
v 17.51608849 62.95933533 1.90129077
v 17.7221508 62.68740845 2.00891423
v 17.80936432 62.95933533 1.92126799
v 17.51608849 62.95933533 2.30129075
v 17.80936432 62.95933533 2.32126808
v 17.7221508 62.68740845 2.40891409
v 17.37526703 63.1451683 1.84088206
v 17.37526703 63.1451683 2.24088216
v 17.80936432 63.25824738 1.83102417
v 17.78455162 63.33317947 1.80732036
v 17.80936432 63.25824738 2.23102427
v 17.78455162 63.33317947 2.20732021
v 17.70439911 63.46100616 1.76611185
v 17.70439911 63.46100616 2.16611195
v 17.40051079 63.94564438 1.64209986
v 17.40051079 63.94564438 2.04209971
v 18.31103706 59.44766235 3.99977732
v 18.31103706 59.44766235 4.39977741
v 18.31103706 59.94932938 3.68868732
v 18.31103706 59.94932938 4.08868742
v 18.31103706 60.4509964 3.22651601
v 18.31103706 60.4509964 3.6265161
v 18.31103706 60.95266342 2.88503766
v 18.31103706 60.95266342 3.28503752
v 18.31103706 61.45433426 2.52672005
v 18.31103706 61.45433426 2.92672014
v 18.31103706 61.95600128 2.31551147
v 18.31103706 61.95600128 2.71551156
v 18.01042747 62.4576683 2.1046629
v 18.01700592 62.39230728 2.12987375
v 18.01042747 62.4576683 2.50466299
v 18.01700592 62.39230728 2.52987385
v 18.31103706 62.21116638 2.21598649
v 18.31103706 62.21116638 2.61598659
v 17.90834808 62.95933533 1.93646598
v 17.98246002 62.73553848 2.01717305
v 17.90834808 62.95933533 2.33646607
v 17.98246002 62.73553848 2.41717291
v 18.74635887 58.94599152 4.26754475
v 18.65278816 58.94599152 4.25819778
v 18.6679821 58.9147644 4.26519346
v 18.74635887 58.94599152 4.66754484
v 18.6679821 58.9147644 4.66519356
v 18.65278816 58.94599152 4.65819788
v 18.81270981 59.44766235 4.18066788
v 18.81270981 58.97243118 4.26924515
v 18.81270981 59.44766235 4.58066797
v 18.81270981 58.97243118 4.66924524
v 18.81270981 59.94932938 3.73330474
v 18.81270981 59.94932938 4.1333046
v 18.81270981 60.4509964 3.27659535
v 18.81270981 60.4509964 3.67659545
v 18.81270981 60.95266342 2.90373707
v 18.81270981 60.95266342 3.30373693
v 18.81270981 61.45433426 2.57099438
v 18.81270981 61.45433426 2.97099447
v 18.81270981 61.95600128 2.39311218
v 18.81270981 61.95600128 2.79311228
v 18.36611176 62.17723465 2.23499155
v 18.36611176 62.17723465 2.63499141
v 18.81270981 62.38517761 2.17714977
v 18.81270981 62.38517761 2.57714987
v 18.78959465 62.4576683 2.13971257
v 18.55406761 62.4576683 2.12993193
v 18.78959465 62.4576683 2.53971267
v 18.55406761 62.4576683 2.52993178
v 18.6047039 62.53321838 2.11304832
v 18.6047039 62.53321838 2.51304841
v 18.78017998 62.48719788 2.13174176
v 18.78017998 62.48719788 2.53174186
v 18.81270981 58.86355591 4.29169798
v 18.54726219 58.63476562 4.29260397
v 18.81270981 58.60900497 4.34581184
v 18.81270981 58.86355591 4.6916976
v 18.81270981 58.60900497 4.74581194
v 18.54726219 58.63476562 4.69260406
v 18.90835381 58.94599152 4.29361916
v 18.90835381 58.94599152 4.69361925
v 18.86501122 58.60393143 4.35354996
v 19.31438065 58.61909103 4.40923119
v 18.86501122 58.60393143 4.75355005
v 19.31438065 58.61909103 4.80923128
v 19.31438065 58.94599152 4.3761735
v 19.31438065 58.94599152 4.77617359
v 19.04761696 59.06602478 4.2933383
v 19.04761696 59.06602478 4.69333839
v 19.31438065 59.44766235 4.22711658
v 19.31438065 59.44766235 4.6271162
v 19.31438065 59.94932938 3.73330474
v 19.31438065 59.94932938 4.1333046
v 19.31438065 60.4509964 3.27659535
v 19.31438065 60.4509964 3.67659545
v 19.31438065 60.95266342 2.88503766
v 19.31438065 60.95266342 3.28503752
v 19.31438065 61.45433426 2.57099438
v 19.31438065 61.45433426 2.97099447
v 19.31438065 61.77233124 2.45823741
v 19.2643795 61.80505753 2.44663429
v 19.31438065 61.77233124 2.8582375
v 19.2643795 61.80505753 2.84663439
v 19.02544403 61.95600128 2.39311218
v 19.03073311 61.93352127 2.40108299
v 19.02544403 61.95600128 2.79311228
v 19.03073311 61.93352127 2.80108309
v 19.16027832 61.75593185 2.46405244
v 19.16027832 61.75593185 2.86405253
v 18.9655838 62.21043777 2.27063799
v 18.9655838 62.21043777 2.67063808
v 18.86663055 62.2160759 2.26424646
v 18.86663055 62.2160759 2.66424656
v 19.26204681 62.4576683 2.17288065
v 19.06457138 62.4576683 2.15872574
v 19.31438065 62.37459564 2.21248031
v 19.26204681 62.4576683 2.57288074
v 19.31438065 62.37459564 2.6124804
v 19.06457138 62.4576683 2.55872583
v 19.11000443 62.31672287 2.22692013
v 19.31438065 62.05820847 2.34900784
v 19.11000443 62.31672287 2.62692022
v 19.31438065 62.05820847 2.7490077
v 18.99906349 62.87512589 2.03676772
v 18.99906349 62.66089249 2.09694505
v 18.99906349 62.87512589 2.43676758
v 18.99906349 62.66089249 2.49694514
v 19.81605339 58.94599152 4.41577768
v 19.81605339 58.63601685 4.49623775
v 19.81605339 58.94599152 4.81577778
v 19.81605339 58.63601685 4.89623785
v 19.81605339 59.44766235 4.27042341
v 19.81605339 59.44766235 4.67042351
v 19.81605339 59.94932938 3.73330474
v 19.81605339 59.94932938 4.1333046
v 19.81605339 60.4509964 3.27659535
v 19.81605339 60.4509964 3.67659545
v 19.81605339 60.95266342 2.90373707
v 19.81605339 60.95266342 3.30373693
v 19.81605339 61.45433426 2.66735625
v 19.81605339 61.45433426 3.06735635
v 19.5102253 61.64416122 2.53122973
v 19.5102253 61.64416122 2.93122983
v 19.81605339 61.95600128 2.42128754
v 19.39518356 61.95600128 2.39765024
v 19.81605339 61.95600128 2.82128739
v 19.39518356 61.95600128 2.79765034
v 19.67095184 61.60678101 2.57070255
v 19.67095184 61.60678101 2.97070265
v 19.41479874 61.93119049 2.40822434
v 19.41479874 61.93119049 2.80822444
v 19.81605339 62.4576683 2.21722865
v 19.3415184 62.4576683 2.178828
v 19.81605339 62.4576683 2.61722851
v 19.3415184 62.4576683 2.57882786
v 19.33406067 62.34335709 2.22744155
v 19.33406067 62.34335709 2.62744141
v 19.37161827 62.91900635 2.02931714
v 19.37161827 62.91900635 2.429317
v 19.81605339 62.95933533 2.01603341
v 19.36255074 62.95933533 2.01603341
v 19.81605339 62.95933533 2.41603327
v 19.36255074 62.95933533 2.41603327
v 20.31772614 58.94599152 4.52456665
v 20.31772614 58.70309448 4.57796144
v 20.31772614 58.94599152 4.92456675
v 20.31772614 58.70309448 4.97796154
v 19.87039185 58.63785172 4.50621891
v 19.87039185 58.63785172 4.90621901
v 20.31772614 59.44766235 4.29308033
v 20.31772614 59.44766235 4.69307995
v 20.31772614 59.94932938 3.85356927
v 20.31772614 59.94932938 4.25356913
v 20.31772614 60.4509964 3.27659535
v 20.31772614 60.4509964 3.67659545
v 20.31772614 60.95266342 2.88503766
v 20.31772614 60.95266342 3.28503752
v 20.31772614 61.45433426 2.66735625
v 20.31772614 61.45433426 3.06735635
v 20.31772614 61.95600128 2.42128754
v 20.31772614 61.95600128 2.82128739
v 20.31772614 62.4576683 2.21996355
v 20.31772614 62.4576683 2.61996365
v 20.02759171 62.95933533 2.01603341
v 20.11120605 62.75780487 2.09750557
v 20.02759171 62.95933533 2.41603327
v 20.11120605 62.75780487 2.49750543
v 20.31772614 62.68848038 2.12613869
v 20.18595695 62.9418869 2.02310181
v 20.31772614 62.68848038 2.52613854
v 20.18595695 62.9418869 2.42310166
v 19.96010399 63.46100616 1.83615398
v 19.81605339 63.46100616 1.82915246
v 20.04163742 63.33329773 1.88489914
v 19.96010399 63.46100616 2.23615384
v 20.04163742 63.33329773 2.28489923
v 19.81605339 63.46100616 2.22915244
v 19.96871758 63.10123825 1.96527123
v 19.96871758 63.10123825 2.36527133
v 19.81605339 63.68663788 1.77403104
v 19.81605339 63.68663788 2.17403102
v 20.81939888 58.94599152 4.54599476
v 20.81939888 58.68572235 4.6486187
v 20.81939888 58.94599152 4.94599485
v 20.81939888 58.68572235 5.04861879
v 20.40649796 58.71604156 4.58600616
v 20.40649796 58.71604156 4.98600626
v 20.81939888 59.44766235 4.29308033
v 20.81939888 59.44766235 4.69307995
v 20.81939888 59.94932938 3.73330474
v 20.81939888 59.94932938 4.1333046
v 20.81939888 60.4509964 3.2006669
v 20.81939888 60.4509964 3.60066676
v 20.81939888 60.95266342 2.88445449
v 20.81939888 60.95266342 3.28445435
v 20.81939888 61.45433426 2.66735625
v 20.81939888 61.45433426 3.06735635
v 20.81939888 61.95600128 2.42209005
v 20.81939888 61.95600128 2.82208991
v 20.81939888 62.4576683 2.2272768
v 20.81939888 62.4576683 2.62727666
v 20.32182884 62.68058777 2.12941265
v 20.32182884 62.68058777 2.52941275
v 20.81939888 62.95933533 2.02512646
v 20.56114578 62.95933533 2.02044559
v 20.81939888 62.95933533 2.42512631
v 20.56114578 62.95933533 2.42044544
v 20.45727348 62.5272522 2.19378066
v 20.45727348 62.5272522 2.59378052
v 20.6113472 62.69417953 2.12859249
v 20.6113472 62.69417953 2.52859259
v 20.54328537 63.05367661 1.99163306
v 20.54328537 63.05367661 2.39163303
v 20.81939888 63.02293396 2.0076282
v 20.57876015 63.40509796 1.88768852
v 20.81939888 63.02293396 2.40762806
v 20.57876015 63.40509796 2.28768849
v 21.32106972 58.94599152 4.54599476
v 21.32106972 58.45490265 4.74195862
v 21.32106972 58.94599152 4.94599485
v 21.32106972 58.45490265 5.14195824
v 21.01240921 58.67154694 4.65470791
v 21.01240921 58.67154694 5.054708
v 21.32106972 59.44766235 4.27417278
v 21.32106972 59.44766235 4.67417288
v 21.32106972 59.94932938 3.73330474
v 21.32106972 59.94932938 4.1333046
v 21.32106972 60.4509964 3.19625926
v 21.32106972 60.4509964 3.59625912
v 21.32106972 60.95266342 2.88445449
v 21.32106972 60.95266342 3.28445435
v 21.32106972 61.45433426 2.66735625
v 21.32106972 61.45433426 3.06735635
v 21.32106972 61.95600128 2.42760038
v 21.32106972 61.95600128 2.82760048
v 21.32106972 62.4576683 2.2272768
v 21.32106972 62.4576683 2.62727666
v 21.32106972 63.71936035 1.80968344
v 21.29829979 63.64970398 1.82662046
v 21.32106972 63.60748672 1.83614397
v 21.32106972 63.71936035 2.20968342
v 21.32106972 63.60748672 2.23614407
v 21.29829979 63.64970398 2.22662044
v 21.82274246 58.44432449 4.74617863
v 21.33613777 58.44432449 4.74617863
v 21.82274246 58.25920105 4.76953506
v 21.82274246 58.44432449 5.14617872
v 21.82274246 58.25920105 5.16953516
v 21.33613777 58.44432449 5.14617872
v 21.48703194 58.33841324 4.75768042
v 21.48703194 58.33841324 5.15768003
v 21.82274246 58.94599152 4.52456665
v 21.82274246 58.94599152 4.92456675
v 21.82274246 59.44766235 4.19091749
v 21.82274246 59.44766235 4.59091759
v 21.82274246 59.94932938 3.68366718
v 21.82274246 59.94932938 4.08366728
v 21.82274246 60.4509964 3.11415768
v 21.82274246 60.4509964 3.51415753
v 21.82274246 60.95266342 2.88445449
v 21.82274246 60.95266342 3.28445435
v 21.82274246 61.45433426 2.66735625
v 21.82274246 61.45433426 3.06735635
v 21.82274246 61.95600128 2.43082762
v 21.82274246 61.95600128 2.83082771
v 21.82274246 62.4576683 2.24228644
v 21.82274246 62.4576683 2.64228654
v 21.82274246 62.95933533 2.05396414
v 21.32106972 62.95933533 2.02512646
v 21.82274246 62.95933533 2.45396399
v 21.32106972 62.95933533 2.42512631
v 21.32106972 63.19210815 1.95351553
v 21.38575554 63.13262177 1.97664368
v 21.32106972 63.19210815 2.35351562
v 21.38575554 63.13262177 2.37664366
v 21.82274246 63.30709457 1.96424246
v 21.82274246 63.30709457 2.36424255
v 21.7449379 63.46100616 1.91619897
v 21.40007591 63.46100616 1.8792541
v 21.7449379 63.46100616 2.31619906
v 21.40007591 63.46100616 2.27925396
v 21.55401421 63.17559052 1.9769721
v 21.55401421 63.17559052 2.3769722
v 21.49585724 63.96267319 1.77203441
v 21.40060616 63.96267319 1.76118946
v 21.67521095 63.59893417 1.87676072
v 21.49585724 63.96267319 2.1720345
v 21.67521095 63.59893417 2.27676082
v 21.40060616 63.96267319 2.16118956
v 21.43857765 64.07883453 1.74489272
v 21.43857765 64.07883453 2.14489269
v 22.32441521 58.44432449 4.79311037
v 22.32441521 58.31414795 4.8046422
v 22.32441521 58.44432449 5.19311047
v 22.32441521 58.31414795 5.2046423
v 21.94960403 58.22926712 4.78313589
v 21.94960403 58.22926712 5.18313599
v 22.32441521 58.94599152 4.50229073
v 22.32441521 58.94599152 4.90229034
v 22.32441521 59.44766235 4.07672071
v 22.32441521 59.44766235 4.47672033
v 22.32441521 59.94932938 3.5968461
v 22.32441521 59.94932938 3.9968462
v 22.32441521 60.4509964 3.11293817
v 22.32441521 60.4509964 3.51293826
v 22.32441521 60.95266342 2.88445449
v 22.32441521 60.95266342 3.28445435
v 22.32441521 61.45433426 2.69675803
v 22.32441521 61.45433426 3.09675789
v 22.32441521 61.95600128 2.4441638
v 22.32441521 61.95600128 2.84416366
v 22.32441521 62.4576683 2.24860644
v 22.32441521 62.4576683 2.64860654
v 22.32441521 62.95933533 2.05396414
v 22.32441521 62.95933533 2.45396399
v 21.94614029 63.06299973 2.02724457
v 21.94614029 63.06299973 2.42724466
v 22.32441521 62.99534988 2.04470825
v 22.32441521 62.99534988 2.44470835
v 21.98917007 63.38883209 1.9432956
v 22.08646774 63.11191559 2.01467776
v 22.21804619 63.1199379 2.01265407
v 21.98917007 63.38883209 2.34329557
v 22.21804619 63.1199379 2.41265416
v 22.08646774 63.11191559 2.41467786
v 22.82608604 57.94265747 4.8687644
v 22.81848907 57.94265747 4.86829138
v 22.82608604 57.93514633 4.87087774
v 22.82608604 57.94265747 5.2687645
v 22.82608604 57.93514633 5.27087784
v 22.81848907 57.94265747 5.26829147
v 22.82608604 58.44432449 4.79624939
v 22.82608604 58.44432449 5.19624901
v 22.42067337 58.33594513 4.80447721
v 22.42067337 58.33594513 5.20447731
v 22.82608604 58.94599152 4.45200968
v 22.82608604 58.94599152 4.85200977
v 22.82608604 59.44766235 3.98166919
v 22.82608604 59.44766235 4.38166952
v 22.82608604 59.94932938 3.50326085
v 22.82608604 59.94932938 3.90326095
v 22.82608604 60.4509964 3.11293817
v 22.82608604 60.4509964 3.51293826
v 22.82608604 60.95266342 2.88445449
v 22.82608604 60.95266342 3.28445435
v 22.82608604 61.45433426 2.70327544
v 22.82608604 61.45433426 3.1032753
v 22.82608604 61.95600128 2.4441638
v 22.82608604 61.95600128 2.84416366
v 22.82608604 62.4576683 2.25114155
v 22.82608604 62.4576683 2.65114141
v 22.82608604 64.46434021 1.68700385
v 22.7996254 64.46434021 1.68661988
v 22.82608604 64.39904022 1.70338368
v 22.82608604 64.46434021 2.08700395
v 22.82608604 64.39904022 2.10338378
v 22.7996254 64.46434021 2.08661985
v 22.82608604 64.96601105 1.54089928
v 22.65258026 64.96601105 1.52574074
v 22.82608604 64.96601105 1.94089925
v 22.65258026 64.96601105 1.92574072
v 22.74963379 64.58770752 1.64859521
v 22.74963379 64.58770752 2.04859519
v 22.82608604 65.20466614 1.46364605
v 22.609869 65.3285675 1.41830194
v 22.82608604 65.20466614 1.86364603
v 22.609869 65.3285675 1.81830192
v 22.63070679 65.0512619 1.4991349
v 22.63070679 65.0512619 1.89913487
v 23.32775879 57.94265747 4.90272236
v 23.32775879 57.61481476 4.97600412
v 23.32775879 57.94265747 5.30272245
v 23.32775879 57.61481476 5.37600422
v 22.91861916 57.84366608 4.90182543
v 22.91861916 57.84366608 5.30182552
v 23.32775879 58.44432449 4.7979331
v 23.32775879 58.44432449 5.1979332
v 23.32775879 58.94599152 4.35806799
v 23.32775879 58.94599152 4.75806761
v 23.32775879 59.44766235 3.85356927
v 23.32775879 59.44766235 4.25356913
v 23.32775879 59.94932938 3.36808372
v 23.32775879 59.94932938 3.76808381
v 23.32775879 60.4509964 3.04547715
v 23.32775879 60.4509964 3.44547725
v 23.32775879 60.95266342 2.86077428
v 23.32775879 60.95266342 3.26077414
v 23.32775879 61.45433426 2.70327544
v 23.32775879 61.45433426 3.1032753
v 23.32775879 61.95600128 2.49660611
v 23.32775879 61.95600128 2.89660621
v 23.32775879 62.4576683 2.26424217
v 23.32775879 62.4576683 2.66424203
v 23.32775879 62.95933533 2.10438275
v 22.82608604 62.95933533 2.05396414
v 23.32775879 62.95933533 2.50438285
v 22.82608604 62.95933533 2.45396399
v 23.32775879 63.46100616 1.97530794
v 22.82608604 63.46100616 1.97386479
v 23.32775879 63.46100616 2.37530804
v 22.82608604 63.46100616 2.37386489
v 23.32775879 63.96267319 1.81284297
v 22.82608604 63.96267319 1.81284297
v 23.32775879 63.65620804 1.91209197
v 23.32775879 63.96267319 2.21284294
v 23.32775879 63.65620804 2.31209207
v 22.82608604 63.96267319 2.21284294
v 23.32775879 63.5364151 1.95088613
v 23.19176865 63.62786484 1.92100894
v 23.32775879 63.5364151 2.35088611
v 23.19176865 63.62786484 2.32100892
v 22.82608604 64.05724335 1.78912175
v 22.98327827 64.01113129 1.80068672
v 22.82608604 64.05724335 2.18912172
v 22.98327827 64.01113129 2.20068669
v 23.32775879 64.09486389 1.77968442
v 23.32775879 64.09486389 2.1796844
v 23.06027603 64.46434021 1.68700385
v 23.06243706 64.46013641 1.68805873
v 23.06027603 64.46434021 2.08700395
v 23.06243706 64.46013641 2.08805871
v 23.22985458 64.20923615 1.75099385
v 23.22985458 64.20923615 2.15099382
v 22.9282856 64.72129822 1.61391377
v 22.9282856 64.72129822 2.01391387
v 22.93724823 64.96601105 1.54460621
v 22.93724823 64.96601105 1.94460618
v 22.94352341 65.13737488 1.48800802
v 22.94352341 65.13737488 1.888008
v 23.44091225 63.96267319 1.81284297
v 23.51955986 63.87079239 1.84220695
v 23.44091225 63.96267319 2.21284294
v 23.51955986 63.87079239 2.24220705
v 23.50093269 63.69229507 1.89936411
v 23.50093269 63.69229507 2.29936409
v 23.82943153 57.94265747 4.90272236
v 23.82943153 57.53867722 5.00509357
v 23.82943153 57.94265747 5.30272245
v 23.82943153 57.53867722 5.40509367
v 23.46387672 57.53867722 4.99629784
v 23.46387672 57.53867722 5.39629793
v 23.82943153 58.44432449 4.74527979
v 23.82943153 58.44432449 5.14527988
v 23.82943153 58.94599152 4.29189253
v 23.82943153 58.94599152 4.69189262
v 23.82943153 59.44766235 3.82258224
v 23.82943153 59.44766235 4.22258234
v 23.82943153 59.94932938 3.35656285
v 23.82943153 59.94932938 3.75656295
v 23.82943153 60.4509964 2.98313761
v 23.82943153 60.4509964 3.3831377
v 23.82943153 60.95266342 2.84563804
v 23.82943153 60.95266342 3.24563813
v 23.82943153 61.45433426 2.70327544
v 23.82943153 61.45433426 3.1032753
v 23.82943153 61.95600128 2.44014287
v 23.82943153 61.95600128 2.84014273
v 23.82943153 62.4576683 2.26241636
v 23.82943153 62.4576683 2.66241646
v 23.82943153 57.44099045 5.0298481
v 23.80962181 57.44099045 5.02925634
v 23.82943153 57.0510025 5.166677
v 23.82943153 57.44099045 5.42984819
v 23.82943153 57.0510025 5.56667709
v 23.80962181 57.44099045 5.42925596
v 23.6350708 57.07930374 5.14791441
v 23.6350708 57.07930374 5.54791451
v 23.82943153 57.48203278 5.01944685
v 23.82943153 57.48203278 5.41944695
v 24.33110428 57.44099045 5.14219856
v 24.33110428 56.97948837 5.25032949
v 24.33110428 57.44099045 5.54219866
v 24.33110428 56.97948837 5.65032959
v 24.30807877 56.98130035 5.24720764
v 24.30807877 56.98130035 5.64720774
v 23.85676765 57.53867722 5.01021242
v 23.85676765 57.53867722 5.41021204
v 24.33110428 57.94265747 4.92053032
v 24.33110428 57.94265747 5.32053041
v 24.33110428 58.44432449 4.51578617
v 24.33110428 58.44432449 4.91578627
v 24.33110428 58.94599152 4.07672071
v 24.33110428 58.94599152 4.47672033
v 24.33110428 59.44766235 3.65650058
v 24.33110428 59.44766235 4.05650043
v 24.33110428 59.94932938 3.31227231
v 24.33110428 59.94932938 3.71227217
v 24.33110428 60.4509964 2.97831941
v 24.33110428 60.4509964 3.3783195
v 24.33110428 60.95266342 2.80236149
v 24.33110428 60.95266342 3.20236158
v 24.33110428 61.45433426 2.66068769
v 24.33110428 61.45433426 3.06068754
v 24.33110428 61.95600128 2.42760038
v 24.33110428 61.95600128 2.82760048
v 24.33110428 62.38585663 2.28762674
v 24.28996468 62.32868576 2.30639648
v 24.33110428 62.38585663 2.68762684
v 24.28996468 62.32868576 2.70639634
v 24.20864296 62.4576683 2.26379633
v 24.20864296 62.4576683 2.66379642
v 24.3407135 62.95933533 2.09351802
v 24.33110428 62.95933533 2.09351802
v 24.47250748 62.80754471 2.14501953
v 24.3407135 62.95933533 2.49351811
v 24.47250748 62.80754471 2.54501963
v 24.33110428 62.95933533 2.49351811
v 24.33110428 62.77388763 2.15662909
v 24.37932777 62.7013092 2.1812377
v 24.33110428 62.77388763 2.55662894
v 24.37932777 62.7013092 2.58123779
v 24.33110428 62.97040558 2.0907867
v 24.33110428 62.97040558 2.49078655
v 24.83277512 57.44099045 5.20586061
v 24.83277512 56.94002914 5.33224249
v 24.83277512 57.44099045 5.60586071
v 24.83277512 56.94002914 5.73224258
v 24.83277512 57.94265747 4.8687644
v 24.83277512 57.94265747 5.2687645
v 24.83277512 58.44432449 4.45200968
v 24.83277512 58.44432449 4.85200977
v 24.83277512 58.94599152 3.98949623
v 24.83277512 58.94599152 4.38949633
v 24.83277512 59.44766235 3.5977037
v 24.83277512 59.44766235 3.99770355
v 24.83277512 59.94932938 3.23924255
v 24.83277512 59.94932938 3.63924265
v 24.83277512 60.4509964 2.97737837
v 24.83277512 60.4509964 3.37737846
v 24.74995613 60.95266342 2.77751327
v 24.83277512 60.72332764 2.86621499
v 24.74995613 60.95266342 3.17751336
v 24.83277512 60.72332764 3.26621485
v 24.77716637 61.45433426 2.62974954
v 24.72379112 61.40598679 2.64748502
v 24.77716637 61.45433426 3.02974963
v 24.72379112 61.40598679 3.04748511
v 24.71413803 61.05185318 2.75086665
v 24.71413803 61.05185318 3.15086675
v 24.83277512 61.95600128 2.42725992
v 24.83277512 61.50470734 2.60594773
v 24.83277512 61.95600128 2.82725978
v 24.83277512 61.50470734 3.00594783
v 24.38278008 62.4576683 2.26405406
v 24.38278008 62.4576683 2.66405392
v 24.83277512 62.4576683 2.26241636
v 24.83277512 62.4576683 2.66241646
v 24.4171257 62.5053978 2.24771571
v 24.4171257 62.5053978 2.64771581
v 24.83277512 62.95933533 2.09351802
v 24.79553413 62.95933533 2.09351802
v 24.83277512 62.95933533 2.49351811
v 24.79553413 62.95933533 2.49351811
v 24.67375565 62.71401215 2.17639613
v 24.67375565 62.71401215 2.57639599
v 24.82287025 63.01440811 2.08037424
v 24.82287025 63.01440811 2.48037434
v 24.83277512 63.16607285 2.04420972
v 24.83277512 63.16607285 2.44420981
v 25.33444786 56.93931961 5.36652899
v 24.84077263 56.93931961 5.3329649
v 25.33444786 56.87660217 5.37555933
v 25.33444786 56.93931961 5.76652908
v 25.33444786 56.87660217 5.77555895
v 24.84077263 56.93931961 5.73296499
v 25.33444786 57.44099045 5.20586061
v 25.33444786 57.44099045 5.60586071
v 24.83913803 56.93952942 5.33280134
v 24.83913803 56.93952942 5.73280144
v 25.33444786 57.94265747 4.79311037
v 25.33444786 57.94265747 5.19311047
v 25.33444786 58.44432449 4.3232646
v 25.33444786 58.44432449 4.72326469
v 25.33444786 58.94599152 3.85356927
v 25.33444786 58.94599152 4.25356913
v 25.33444786 59.44766235 3.49524617
v 25.33444786 59.44766235 3.89524627
v 25.33444786 59.94932938 3.23558998
v 25.33444786 59.94932938 3.63558984
v 25.23585129 60.4509964 2.9727006
v 25.26410103 60.39095306 3.00393915
v 25.23585129 60.4509964 3.37270069
v 25.26410103 60.39095306 3.40393925
v 25.33444786 60.24933624 3.07769251
v 25.33444786 60.24933624 3.4776926
v 24.85471725 60.66257095 2.89039826
v 24.85471725 60.66257095 3.29039836
v 25.15854454 60.61531448 2.9023428
v 25.15854454 60.61531448 3.30234289
v 24.91046333 60.49521255 2.95815921
v 24.91046333 60.49521255 3.3581593
v 24.89859009 64.46434021 1.66897535
v 24.83277512 64.46434021 1.67493153
v 24.83277512 64.32537079 1.71691847
v 24.89859009 64.46434021 2.06897545
v 24.83277512 64.32537079 2.11691856
v 24.83277512 64.46434021 2.07493162
v 24.83277512 64.88209534 1.54211295
v 24.9134388 64.76639557 1.5751189
v 24.83277512 64.88209534 1.94211292
v 24.9134388 64.76639557 1.97511888
v 25.02461815 64.73045349 1.58033991
v 25.02461815 64.73045349 1.98033988
v 24.93966103 64.95011902 1.51831496
v 24.93966103 64.95011902 1.91831493
v 25.33444786 61.45433426 2.56057525
v 25.02420044 61.45433426 2.60096931
v 25.33444786 61.4408493 2.56558919
v 25.33444786 61.45433426 2.9605751
v 25.33444786 61.4408493 2.96558905
v 25.02420044 61.45433426 3.00096917
v 24.89376831 61.33334351 2.65450096
v 25.07023621 61.34059525 2.63251162
v 24.89376831 61.33334351 3.05450106
v 25.07023621 61.34059525 3.03251171
v 24.98098564 61.15901566 2.6998868
v 25.15713882 61.12802505 2.69583941
v 24.98098564 61.15901566 3.09988666
v 25.15713882 61.12802505 3.09583926
v 25.0994339 61.74625015 2.49579382
v 25.0994339 61.74625015 2.89579391
v 25.17206383 61.5914917 2.53948784
v 25.17206383 61.5914917 2.93948793
v 25.33444786 61.95600128 2.42725992
v 25.33444786 61.95600128 2.82725978
v 25.33444786 62.4576683 2.24860644
v 25.33444786 62.4576683 2.64860654
v 25.33444786 62.95933533 2.09496903
v 25.33444786 62.95933533 2.49496913
v 24.8466835 63.37899399 1.99333596
v 24.8466835 63.37899399 2.39333606
v 25.33444786 63.11080933 2.05715036
v 25.33444786 63.11080933 2.45715046
v 25.2700386 63.46100616 1.97024834
v 24.83277512 63.46100616 1.97386479
v 25.2700386 63.19245911 2.03691268
v 25.2700386 63.46100616 2.37024832
v 25.2700386 63.19245911 2.43691278
v 24.83277512 63.46100616 2.37386489
v 24.83277512 63.38030243 1.99311364
v 24.83277512 63.38030243 2.39311361
v 24.83277512 63.96267319 1.82650173
v 24.83277512 63.96267319 2.2265017
v 25.2700386 63.60947418 1.92722976
v 25.18956375 63.95923615 1.82618713
v 25.2700386 63.60947418 2.32722974
v 25.18956375 63.95923615 2.22618723
v 25.18964386 63.96267319 1.82518816
v 25.18964386 63.96267319 2.22518802
v 25.19566345 64.21627045 1.73262107
v 25.19566345 64.21627045 2.13262105
v 25.03625488 64.32147217 1.70471299
v 24.83277512 64.32147217 1.71809673
v 24.93062401 64.04090881 1.80117977
v 25.03625488 64.32147217 2.10471296
v 24.93062401 64.04090881 2.20117974
v 24.83277512 64.32147217 2.11809683
v 25.33444786 60.95266342 2.74711871
v 25.26457024 60.95266342 2.75066781
v 25.33444786 60.65643692 2.8796463
v 25.33444786 60.95266342 3.14711857
v 25.33444786 60.65643692 3.2796464
v 25.26457024 60.95266342 3.15066791
v 25.11777306 60.67972565 2.8756125
v 25.11777306 60.67972565 3.27561259
v 25.33444786 61.0825882 2.69880772
v 25.33444786 61.0825882 3.09880781
v 25.998312 60.95266342 2.74691081
v 25.83612061 60.95266342 2.74691081
v 25.89382744 60.82870865 2.79784751
v 25.998312 60.95266342 3.14691091
v 25.89382744 60.82870865 3.1978476
v 25.83612061 60.95266342 3.14691091
v 25.83612061 60.87499237 2.77853417
v 25.83612061 60.87499237 3.17853403
v 26.33779335 61.45433426 2.56057525
v 25.83612061 61.45433426 2.55711436
v 26.33779335 61.29440689 2.61997747
v 26.33779335 61.45433426 2.9605751
v 26.33779335 61.29440689 3.01997757
v 25.83612061 61.45433426 2.95711446
v 26.31637955 61.28948212 2.62170625
v 26.31637955 61.28948212 3.02170634
v 26.20699501 61.20023727 2.65450978
v 26.20699501 61.20023727 3.05450988
v 26.55754089 61.45433426 2.56057525
v 26.55651474 61.34467316 2.60130572
v 26.55754089 61.45433426 2.9605751
v 26.55651474 61.34467316 3.00130582
v 26.49250793 61.95600128 2.41286659
v 26.33779335 61.95600128 2.42578173
v 26.56099701 61.8237915 2.44758344
v 26.49250793 61.95600128 2.81286669
v 26.56099701 61.8237915 2.84758353
v 26.33779335 61.95600128 2.82578158
v 26.33779335 61.99555969 2.41150022
v 26.41976547 62.09642029 2.37015867
v 26.33779335 61.99555969 2.81150007
v 26.41976547 62.09642029 2.77015877
v 25.83612061 63.46100616 1.9697156
v 25.56185913 63.46100616 1.9697156
v 25.83612061 63.04462051 2.07247138
v 25.83612061 63.46100616 2.36971569
v 25.83612061 63.04462051 2.47247148
v 25.56185913 63.46100616 2.36971569
v 25.52600479 63.23448563 2.02602148
v 25.52600479 63.23448563 2.42602158
v 25.58975983 63.6372757 1.91874564
v 25.68578911 63.96267319 1.82465518
v 25.58975983 63.6372757 2.31874561
v 25.68578911 63.96267319 2.22465515
v 25.83612061 63.96267319 1.82465518
v 25.83612061 63.96267319 2.22465515
v 25.73789597 64.13923645 1.75795603
v 25.73789597 64.13923645 2.15795612
v 25.83612061 64.27402496 1.70788813
v 25.83612061 64.27402496 2.10788822
v 26.33779335 62.95933533 2.03116488
v 25.97542 62.95933533 2.0762043
v 26.33779335 62.73748016 2.12558246
v 26.33779335 62.95933533 2.43116474
v 26.33779335 62.73748016 2.52558231
v 25.97542 62.95933533 2.4762044
v 26.33779335 63.46100616 1.9697156
v 26.33779335 63.46100616 2.36971569
v 26.33779335 63.96267319 1.75385547
v 26.33779335 63.96267319 2.15385556
v 25.91199112 64.37813568 1.66612864
v 25.91199112 64.37813568 2.06612873
v 26.33779335 64.46434021 1.62953067
v 26.18379402 64.46434021 1.63167441
v 26.33779335 64.46434021 2.02953053
v 26.18379402 64.46434021 2.03167439
v 26.16887093 64.20524597 1.70718968
v 26.16887093 64.20524597 2.10718966
v 26.21268463 64.96601105 1.4993881
v 26.21268463 64.96601105 1.89938807
v 26.33779335 64.8891983 1.51734316
v 26.26602173 64.96601105 1.49839604
v 26.33779335 64.8891983 1.91734314
v 26.26602173 64.96601105 1.89839602
v 26.21578217 65.01977539 1.48180282
v 26.21578217 65.01977539 1.8818028
v 26.34092331 60.4509964 2.96767259
v 26.33779335 60.4509964 2.96764803
v 26.33779335 60.43651962 2.97538137
v 26.34092331 60.4509964 3.36767244
v 26.33779335 60.43651962 3.37538123
v 26.33779335 60.4509964 3.36764812
v 26.43785286 60.95266342 2.74691081
v 26.33779335 60.95266342 2.74691081
v 26.43785286 60.89929199 2.77047896
v 26.43785286 60.95266342 3.14691091
v 26.43785286 60.89929199 3.17047882
v 26.33779335 60.95266342 3.14691091
v 26.33779335 61.08681488 2.697083
v 26.43785286 61.22431564 2.6460104
v 26.33779335 61.08681488 3.09708285
v 26.43785286 61.22431564 3.04601049
v 26.83946419 56.43765259 5.61883068
v 26.33779335 56.43765259 5.53252316
v 26.83946419 56.28512192 5.65685558
v 26.83946419 56.43765259 6.0188303
v 26.83946419 56.28512192 6.05685568
v 26.33779335 56.43765259 5.93252277
v 26.33779335 56.36486435 5.55359268
v 26.38868332 56.33614731 5.57024765
v 26.33779335 56.36486435 5.95359278
v 26.38868332 56.33614731 5.97024727
v 26.83946419 56.93931961 5.45185757
v 26.33779335 56.93931961 5.41880751
v 26.83946419 56.93931961 5.85185766
v 26.33779335 56.93931961 5.8188076
v 26.83946419 57.44099045 5.13654137
v 26.33779335 57.44099045 5.13654137
v 26.83946419 57.44099045 5.53654146
v 26.33779335 57.44099045 5.53654146
v 26.83946419 57.94265747 4.55712652
v 26.33779335 57.94265747 4.57204247
v 26.83946419 57.94265747 4.95712662
v 26.33779335 57.94265747 4.97204256
v 26.83946419 58.44432449 4.12280178
v 26.33779335 58.44432449 4.14893007
v 26.83946419 58.44432449 4.52280188
v 26.33779335 58.44432449 4.54893017
v 26.83946419 58.94599152 3.77949739
v 26.33779335 58.94599152 3.82258224
v 26.83946419 58.94599152 4.17949772
v 26.33779335 58.94599152 4.22258234
v 26.83946419 59.44766235 3.44308186
v 26.33779335 59.44766235 3.46108508
v 26.83946419 59.44766235 3.84308171
v 26.33779335 59.44766235 3.86108518
v 26.83946419 59.94932938 3.23390746
v 26.33779335 59.94932938 3.23558998
v 26.83946419 59.94932938 3.63390732
v 26.33779335 59.94932938 3.63558984
v 26.33779335 60.42917252 2.97930551
v 26.35210609 60.4509964 2.96775961
v 26.33779335 60.42917252 3.37930536
v 26.35210609 60.4509964 3.3677597
v 26.83946419 60.4509964 2.97155643
v 26.83946419 60.4509964 3.37155652
v 26.59811592 60.82613754 2.80309558
v 26.59811592 60.82613754 3.20309544
v 26.83946419 60.95266342 2.74691081
v 26.74145699 60.95266342 2.74691081
v 26.83946419 60.95266342 3.14691091
v 26.74145699 60.95266342 3.14691091
v 26.83946419 61.03917694 2.71477723
v 26.83946419 61.03917694 3.11477709
v 26.83946419 62.95933533 2.09351802
v 26.83946419 62.46614838 2.24211001
v 26.83946419 62.95933533 2.49351811
v 26.83946419 62.46614838 2.64211011
v 26.57240677 62.59384155 2.19462752
v 26.57240677 62.59384155 2.59462738
v 26.83946419 63.46100616 1.97530794
v 26.83946419 63.46100616 2.37530804
v 26.83946419 63.96267319 1.8039887
v 26.83946419 63.96267319 2.20398855
v 26.83946419 64.46434021 1.63651431
v 26.83946419 64.46434021 2.03651428
v 26.67760086 64.52554321 1.6141547
v 26.67760086 64.52554321 2.01415467
v 26.83946419 64.75966644 1.53042269
v 26.75928116 64.87449646 1.49429369
v 26.83946419 64.75966644 1.93042266
v 26.75928116 64.87449646 1.89429367
v 27.34113693 61.95600128 2.42578173
v 27.29718208 61.95600128 2.42211246
v 27.34113693 61.81721878 2.46888447
v 27.34113693 61.95600128 2.82578158
v 27.34113693 61.81721878 2.86888433
v 27.29718208 61.95600128 2.82211256
v 26.8571949 62.4576683 2.24520063
v 27.18846321 62.29927444 2.30504751
v 27.34113693 62.4576683 2.25983429
v 26.8571949 62.4576683 2.64520049
v 27.34113693 62.4576683 2.65983438
v 27.18846321 62.29927444 2.70504737
v 27.34113693 62.95933533 2.09351802
v 27.34113693 62.57633972 2.22049165
v 27.34113693 62.95933533 2.49351811
v 27.34113693 62.57633972 2.6204915
v 27.34113693 62.52890015 2.23621893
v 27.34113693 62.52890015 2.63621902
v 27.32884026 62.53830719 2.23278832
v 27.32884026 62.53830719 2.63278842
v 27.34113693 63.46100616 1.97085047
v 27.34113693 63.46100616 2.37085056
v 27.20217896 63.96267319 1.76774192
v 27.34113693 63.77025986 1.83708251
v 27.20217896 63.96267319 2.16774201
v 27.34113693 63.77025986 2.23708248
v 27.0440197 64.46434021 1.63282728
v 27.18995667 63.979599 1.76428199
v 27.0440197 64.46434021 2.03282714
v 27.18995667 63.979599 2.16428185
v 27.04276085 64.46851349 1.63135684
v 27.04276085 64.46851349 2.03135681
v 27.46496582 62.95933533 2.09387612
v 27.46496582 62.95933533 2.49387622
v 27.61719704 63.46100616 1.97330332
v 27.47293472 62.98398209 2.08791161
v 27.61719704 63.46100616 2.37330341
v 27.47293472 62.98398209 2.48791146
v 27.37886429 63.71802139 1.86098969
v 27.37886429 63.71802139 2.26098967
v 27.66622353 63.62311935 1.90892375
v 27.66622353 63.62311935 2.30892372
v 27.53744888 63.96267319 1.76551616
v 27.50880814 63.96267319 1.76381493
v 27.53744888 63.96267319 2.16551614
v 27.50880814 63.96267319 2.16381502
v 27.52551842 63.994133 1.75619531
v 27.52551842 63.994133 2.1561954
v 27.84280968 56.43765259 5.68622255
v 27.34113693 56.43765259 5.61883068
v 27.84280968 56.18000412 5.76418543
v 27.84280968 56.43765259 6.08622217
v 27.84280968 56.18000412 6.16418505
v 27.34113693 56.43765259 6.0188303
v 27.34113693 56.30210495 5.65910101
v 27.46191216 56.16430283 5.71662855
v 27.34113693 56.30210495 6.0591011
v 27.46191216 56.16430283 6.11662817
v 27.84280968 56.93931961 5.35344172
v 27.34113693 56.93931961 5.41880751
v 27.84280968 56.93931961 5.75344181
v 27.34113693 56.93931961 5.8188076
v 27.84280968 57.44099045 4.91332865
v 27.34113693 57.44099045 4.9248085
v 27.84280968 57.44099045 5.31332874
v 27.34113693 57.44099045 5.3248086
v 27.84280968 57.94265747 4.46657228
v 27.34113693 57.94265747 4.57204247
v 27.84280968 57.94265747 4.8665719
v 27.34113693 57.94265747 4.97204256
v 27.84280968 58.44432449 4.03219414
v 27.34113693 58.44432449 4.06456423
v 27.84280968 58.44432449 4.43219423
v 27.34113693 58.44432449 4.46456432
v 27.84280968 58.94599152 3.64285398
v 27.34113693 58.94599152 3.75011492
v 27.84280968 58.94599152 4.04285383
v 27.34113693 58.94599152 4.15011501
v 27.84280968 59.44766235 3.36649156
v 27.34113693 59.44766235 3.40863466
v 27.84280968 59.44766235 3.76649165
v 27.34113693 59.44766235 3.80863476
v 27.84280968 59.94932938 3.10647082
v 27.34113693 59.94932938 3.23390746
v 27.84280968 59.94932938 3.50647092
v 27.34113693 59.94932938 3.63390732
v 27.84280968 60.4509964 2.96764803
v 27.34113693 60.4509964 2.97229528
v 27.84280968 60.4509964 3.36764812
v 27.34113693 60.4509964 3.37229514
v 27.84280968 60.95266342 2.74691081
v 27.34113693 60.95266342 2.76091075
v 27.84280968 60.95266342 3.14691091
v 27.34113693 60.95266342 3.16091061
v 27.34113693 61.12940598 2.69773436
v 27.38564491 61.45433426 2.58211803
v 27.34113693 61.12940598 3.09773421
v 27.38564491 61.45433426 2.98211789
v 27.84280968 61.45433426 2.587569
v 27.84280968 61.45433426 2.98756909
v 27.40690613 61.60955811 2.53392005
v 27.40690613 61.60955811 2.93392015
v 27.84280968 61.95600128 2.42578173
v 27.84280968 61.95600128 2.82578158
v 27.84280968 62.95933533 2.09496903
v 27.63236618 62.95933533 2.09436035
v 27.84280968 62.80602264 2.14614272
v 27.84280968 62.95933533 2.49496913
v 27.84280968 62.80602264 2.54614258
v 27.63236618 62.95933533 2.49436045
v 27.64131737 62.87995911 2.12080884
v 27.64131737 62.87995911 2.52080894
v 27.84280968 63.46100616 1.97530794
v 27.81540298 63.46100616 1.97506452
v 27.84280968 63.46100616 2.37530804
v 27.81540298 63.46100616 2.37506437
v 27.60790253 63.17624283 2.04194307
v 27.60790253 63.17624283 2.44194317
v 27.84280968 63.49861526 1.96093976
v 27.84280968 63.49861526 2.36093974
v 28.34448242 56.43765259 5.57015324
v 28.34448242 56.33322525 5.63765049
v 28.34448242 56.43765259 5.97015285
v 28.34448242 56.33322525 6.03765059
v 27.94455719 56.18420029 5.75704575
v 27.94455719 56.18420029 6.15704584
v 28.34448242 56.93931961 5.20961905
v 28.34448242 56.93931961 5.60961914
v 28.34448242 57.44099045 4.79932117
v 28.34448242 57.44099045 5.19932127
v 28.34448242 57.94265747 4.46071482
v 28.34448242 57.94265747 4.86071444
v 28.34448242 58.44432449 3.99219108
v 28.34448242 58.44432449 4.39219093
v 28.34448242 58.94599152 3.5977037
v 28.34448242 58.94599152 3.99770355
v 28.34448242 59.44766235 3.36155677
v 28.34448242 59.44766235 3.76155686
v 28.34448242 59.94932938 3.10279059
v 28.34448242 59.94932938 3.50279045
v 28.13681793 60.4509964 2.95798588
v 28.14038086 60.4405899 2.96090651
v 28.13681793 60.4509964 3.35798573
v 28.14038086 60.4405899 3.3609066
v 28.34448242 60.14424133 3.04387856
v 28.30755997 60.04688263 3.07375932
v 28.34448242 60.14424133 3.44387865
v 28.30755997 60.04688263 3.47375917
v 27.96505356 60.95266342 2.7449491
v 27.96505356 60.95266342 3.1449492
v 27.84762001 61.45433426 2.58731031
v 27.84638023 61.29927063 2.63666987
v 27.84762001 61.45433426 2.98731017
v 27.84638023 61.29927063 3.03666997
v 28.34448242 61.95600128 2.41883564
v 28.34448242 61.66653061 2.50062156
v 28.34448242 61.95600128 2.81883574
v 28.34448242 61.66653061 2.90062141
v 28.16288757 61.57963181 2.53313279
v 27.85044861 61.80858612 2.47312689
v 28.16288757 61.57963181 2.93313265
v 27.85044861 61.80858612 2.87312698
v 28.34448242 62.4576683 2.25983429
v 27.84280968 62.4576683 2.26241636
v 28.34448242 62.4576683 2.65983438
v 27.84280968 62.4576683 2.66241646
v 27.84280968 62.53826141 2.23551583
v 27.91703987 62.77878189 2.16009855
v 27.84280968 62.53826141 2.63551569
v 27.91703987 62.77878189 2.56009865
v 28.34448242 62.95933533 2.14777517
v 28.34448242 62.95933533 2.54777503
v 28.34448242 63.18890762 2.0668118
v 28.07158089 63.46100616 1.9732753
v 28.34448242 63.18890762 2.4668119
v 28.07158089 63.46100616 2.37327528
v 27.92320442 63.60894394 1.91687858
v 27.92320442 63.60894394 2.31687856
v 28.34448242 60.95266342 2.73886037
v 28.34022713 60.95266342 2.73892856
v 28.34448242 60.94332504 2.74281287
v 28.34448242 60.95266342 3.13886023
v 28.34448242 60.94332504 3.14281273
v 28.34022713 60.95266342 3.13892865
v 28.34448242 61.15998077 2.66518354
v 28.30172157 61.03720093 2.7097764
v 28.34448242 61.15998077 3.0651834
v 28.30172157 61.03720093 3.10977626
v 28.42963409 61.95600128 2.4141202
v 28.43096542 61.93744659 2.41946411
v 28.42963409 61.95600128 2.81412005
v 28.43096542 61.93744659 2.81946421
v 28.44638062 61.71529388 2.48388195
v 28.44638062 61.71529388 2.88388205
v 28.47425652 62.4576683 2.25591016
v 28.41158485 62.20750427 2.33625245
v 28.47425652 62.4576683 2.65591002
v 28.41158485 62.20750427 2.73625231
v 28.48563576 62.95933533 2.13291717
v 28.57970428 62.78368378 2.16843033
v 28.48563576 62.95933533 2.53291726
v 28.57970428 62.78368378 2.56843042
v 28.52768517 62.67093658 2.20081306
v 28.52768517 62.67093658 2.60081315
v 28.38355446 63.14995193 2.07796741
v 28.38355446 63.14995193 2.47796726
v 28.59403419 56.43765259 5.55103922
v 28.58212662 56.42177963 5.56278706
v 28.59403419 56.43765259 5.95103884
v 28.58212662 56.42177963 5.96278715
v 28.84615326 56.93931961 5.13654137
v 28.84615326 56.93931961 5.53654146
v 28.81794357 56.73614502 5.29991293
v 28.81794357 56.73614502 5.69991255
v 28.84615326 56.71261215 5.31512976
v 28.84615326 56.71261215 5.71512985
v 28.84615326 57.44099045 4.66210747
v 28.84615326 57.44099045 5.06210756
v 28.84615326 57.94265747 4.32991314
v 28.84615326 57.94265747 4.72991323
v 28.84615326 58.44432449 3.97409248
v 28.84615326 58.44432449 4.37409258
v 28.84615326 58.94599152 3.57739806
v 28.84615326 58.94599152 3.97739816
v 28.84615326 59.44766235 3.35656285
v 28.84615326 59.44766235 3.75656295
v 28.84615326 59.94932938 3.10279059
v 28.84615326 59.94932938 3.50279045
v 28.46081734 60.4509964 2.94593048
v 28.46081734 60.4509964 3.34593058
v 28.84615326 60.4509964 2.92860532
v 28.84615326 60.4509964 3.32860541
v 28.50984764 60.5802803 2.89080787
v 28.50984764 60.5802803 3.29080772
v 28.84615326 60.95266342 2.73741269
v 28.84615326 60.95266342 3.13741279
v 28.84615326 61.45433426 2.56030011
v 28.44699287 61.45433426 2.56051898
v 28.84615326 61.45433426 2.96030021
v 28.44699287 61.45433426 2.96051908
v 28.57082939 61.80992508 2.4511869
v 28.57082939 61.80992508 2.85118675
v 28.84615326 61.95600128 2.39105439
v 28.56369019 61.95600128 2.40669656
v 28.84615326 61.95600128 2.79105449
v 28.56369019 61.95600128 2.80669641
v 28.55595398 62.11429596 2.35863113
v 28.55595398 62.11429596 2.75863099
v 28.84615326 62.27785873 2.29713464
v 28.84615326 62.27785873 2.69713449
v 28.84615326 63.35658264 1.9957875
v 28.76313972 63.42261505 1.98014295
v 28.84615326 63.17831039 2.04029751
v 28.84615326 63.35658264 2.39578748
v 28.84615326 63.17831039 2.4402976
v 28.76313972 63.42261505 2.38014293
v 29.347826 56.93931961 5.01402044
v 29.347826 56.56046677 5.27034855
v 29.347826 56.93931961 5.41402054
v 29.347826 56.56046677 5.67034864
v 29.17329025 56.43972397 5.41398764
v 29.17329025 56.43972397 5.81398773
v 29.347826 57.44099045 4.60836649
v 29.347826 57.44099045 5.00836658
v 29.347826 57.94265747 4.24514484
v 29.347826 57.94265747 4.64514446
v 29.347826 58.44432449 3.84709835
v 29.347826 58.26698303 3.9878087
v 29.347826 58.44432449 4.24709845
v 29.347826 58.26698303 4.3878088
v 29.347826 58.04595184 4.16318655
v 29.28071594 58.19035721 4.06273603
v 29.347826 58.04595184 4.56318617
v 29.28071594 58.19035721 4.46273613
v 29.347826 58.94599152 3.57549238
v 29.347826 58.94599152 3.97549248
v 29.347826 59.44766235 3.31939483
v 29.347826 59.44766235 3.71939468
v 29.78407288 56.93931961 4.92762613
v 29.81993675 56.88706207 4.9515214
v 29.78407288 56.93931961 5.32762623
v 29.81993675 56.88706207 5.35152149
v 29.65621948 57.44099045 4.56453896
v 29.55271149 57.27645111 4.70853853
v 29.65621948 57.44099045 4.96453905
v 29.55271149 57.27645111 5.10853863
v 29.42369461 58.44432449 3.84476829
v 29.43301964 58.36426163 3.90581846
v 29.42369461 58.44432449 4.24476814
v 29.43301964 58.36426163 4.30581856
v 29.58068657 58.94599152 3.57549238
v 29.39671707 58.67595291 3.72088575
v 29.58068657 58.94599152 3.97549248
v 29.39671707 58.67595291 4.12088585
v 29.42036247 59.44766235 3.32249141
v 29.50999451 59.17959595 3.45946383
v 29.42036247 59.44766235 3.7224915
v 29.50999451 59.17959595 3.85946393
v 29.61576462 58.9974823 3.55038142
v 29.61576462 58.9974823 3.95038152
v 29.71524239 59.94932938 3.11284065
v 29.347826 59.94932938 3.10279059
v 29.47525978 59.7363205 3.19907618
v 29.71524239 59.94932938 3.51284075
v 29.47525978 59.7363205 3.59907603
v 29.347826 59.94932938 3.50279045
v 29.41495705 59.46382904 3.31524658
v 29.41495705 59.46382904 3.71524668
v 29.347826 60.15453339 3.04076767
v 29.41016197 60.20105743 3.02819753
v 29.347826 60.15453339 3.44076777
v 29.41016197 60.20105743 3.42819738
v 29.84949875 60.06849289 3.07968283
v 29.84949875 60.06849289 3.47968268
v 29.84949875 60.4509964 2.9614625
v 29.58893013 60.4509964 2.95611191
v 29.84949875 60.4509964 3.36146235
v 29.58893013 60.4509964 3.356112
v 29.58918953 60.28226471 3.00766993
v 29.58918953 60.28226471 3.40766978
v 29.58847427 60.74854279 2.83352637
v 29.58847427 60.74854279 3.23352647
v 29.84949875 60.74320602 2.84464598
v 29.76209259 60.77442551 2.82905102
v 29.84949875 60.74320602 3.24464607
v 29.76209259 60.77442551 3.22905087
v 29.75960922 60.95266342 2.75695968
v 29.61151505 60.95266342 2.75045061
v 29.75960922 60.95266342 3.15695977
v 29.61151505 60.95266342 3.15045047
v 29.64995766 61.29322052 2.63313293
v 29.64995766 61.29322052 3.03313303
v 29.75496292 61.28598785 2.64096355
v 29.75496292 61.28598785 3.04096341
v 29.95549965 60.4509964 2.96375132
v 29.93828392 60.33654785 3.00093985
v 29.95549965 60.4509964 3.36375141
v 29.93828392 60.33654785 3.4009397
v 29.97579193 60.18059158 3.05511618
v 29.97579193 60.18059158 3.45511603
v 30.19844055 60.35024261 3.00770617
v 30.19844055 60.35024261 3.40770626
v 29.99180984 60.69237518 2.87016344
v 29.99180984 60.69237518 3.27016354
v 29.69634628 61.45433426 2.5793283
v 29.347826 61.45433426 2.56057525
v 29.78500175 61.3433876 2.62257361
v 29.69634628 61.45433426 2.97932816
v 29.78500175 61.3433876 3.02257347
v 29.347826 61.45433426 2.9605751
v 29.347826 61.33840179 2.60177588
v 29.45324326 61.29587555 2.6222322
v 29.347826 61.33840179 3.00177574
v 29.45324326 61.29587555 3.02223206
v 29.39257812 61.95600128 2.41945529
v 29.347826 61.95600128 2.41883564
v 29.4317894 61.78539658 2.46934104
v 29.39257812 61.95600128 2.81945539
v 29.4317894 61.78539658 2.86934114
v 29.347826 61.95600128 2.81883574
v 29.347826 62.15070343 2.35358453
v 29.347826 62.15070343 2.75358462
v 29.98303604 56.43765259 5.18990135
v 29.96795654 56.43765259 5.19212818
v 29.96597481 56.43120575 5.19764042
v 29.98303604 56.43765259 5.58990145
v 29.96597481 56.43120575 5.59764004
v 29.96795654 56.43765259 5.5921278
v 30.35117149 56.93931961 4.79932117
v 30.10254478 56.93931961 4.85648727
v 30.35117149 56.57676697 5.04230833
v 30.35117149 56.93931961 5.19932127
v 30.35117149 56.57676697 5.44230843
v 30.10254478 56.93931961 5.25648737
v 30.09272194 56.843853 4.91868305
v 30.09272194 56.843853 5.31868315
v 30.35117149 57.44099045 4.44853067
v 30.15416527 57.44099045 4.48330021
v 30.35117149 57.44099045 4.84853029
v 30.15416527 57.44099045 4.88329983
v 29.84949875 57.94265747 4.14893007
v 29.84949875 57.66757965 4.36175919
v 30.35117149 57.94265747 4.08870697
v 29.84949875 57.94265747 4.54893017
v 30.35117149 57.94265747 4.48870707
v 29.84949875 57.66757965 4.7617588
v 30.17293358 57.62338257 4.34550762
v 30.17293358 57.62338257 4.74550772
v 30.35117149 58.44432449 3.80026245
v 29.84949875 58.44432449 3.83169007
v 30.35117149 58.44432449 4.20026255
v 29.84949875 58.44432449 4.23168993
v 30.35117149 58.94599152 3.57549238
v 29.84949875 58.94599152 3.57549238
v 30.35117149 58.94599152 3.97549248
v 29.84949875 58.94599152 3.97549248
v 30.35117149 59.44766235 3.36649156
v 29.84949875 59.44766235 3.34081197
v 30.35117149 59.44766235 3.76649165
v 29.84949875 59.44766235 3.74081182
v 29.84949875 59.68902206 3.23289728
v 30.23723602 59.94932938 3.16676283
v 29.84949875 59.68902206 3.63289714
v 30.23723602 59.94932938 3.56676292
v 30.35117149 59.94932938 3.18152857
v 30.35117149 59.94932938 3.58152866
v 30.35117149 60.02581787 3.14962649
v 30.35117149 60.02581787 3.54962659
v 30.35117149 63.70019531 1.89018047
v 30.32424545 63.69704437 1.89118421
v 30.35117149 63.65255356 1.90951502
v 30.35117149 63.70019531 2.29018044
v 30.35117149 63.65255356 2.309515
v 30.32424545 63.69704437 2.29118419
v 30.85284233 56.93931961 4.61371326
v 30.85284233 56.76307678 4.76933908
v 30.85284233 56.93931961 5.01371288
v 30.85284233 56.76307678 5.1693387
v 30.53652573 56.64681244 4.94978523
v 30.53652573 56.64681244 5.34978485
v 30.85284233 57.44099045 4.24514484
v 30.85284233 57.44099045 4.64514446
v 30.85284233 57.94265747 4.03516817
v 30.85284233 57.94265747 4.43516827
v 30.85284233 58.44432449 3.79214168
v 30.85284233 58.44432449 4.19214153
v 30.85284233 58.94599152 3.57549238
v 30.85284233 58.94599152 3.97549248
v 30.85284233 59.44766235 3.36649156
v 30.85284233 59.44766235 3.76649165
v 30.85284233 59.94932938 3.1966517
v 30.85284233 59.94932938 3.59665155
v 30.47277069 60.10745621 3.12475705
v 30.47277069 60.10745621 3.52475691
v 30.85284233 60.4509964 3.05957842
v 30.85284233 60.4509964 3.45957851
v 30.53321457 60.4509964 3.00396824
v 30.53321457 60.4509964 3.4039681
v 30.5597496 60.60180664 2.95497942
v 30.5597496 60.60180664 3.35497952
v 30.85284233 60.95266342 2.89063835
v 30.68798256 60.95266342 2.85668135
v 30.85284233 60.95266342 3.29063845
v 30.68798256 60.95266342 3.2566812
v 30.80616188 61.27601242 2.78010559
v 30.80616188 61.27601242 3.18010569
v 30.85284233 61.45433426 2.73235059
v 30.78601265 61.45433426 2.72104144
v 30.85284233 61.45433426 3.13235068
v 30.78601265 61.45433426 3.1210413
v 30.72932625 61.95600128 2.53432775
v 30.72932625 61.95600128 2.93432784
v 30.85284233 61.95600128 2.56030011
v 30.85284233 61.95600128 2.96030021
v 30.71291924 62.10120392 2.48690343
v 30.71291924 62.10120392 2.88690329
v 30.85284233 62.4576683 2.386446
v 30.69672966 62.4576683 2.37807918
v 30.85284233 62.4576683 2.78644586
v 30.69672966 62.4576683 2.77807903
v 30.69540787 62.48678589 2.36509442
v 30.69540787 62.48678589 2.76509428
v 30.72387123 62.95933533 2.15553713
v 30.85121346 62.60535812 2.31845379
v 30.85284233 62.95933533 2.15570545
v 30.72387123 62.95933533 2.55553722
v 30.85284233 62.95933533 2.55570531
v 30.85121346 62.60535812 2.71845388
v 30.65522575 63.15015793 2.09711671
v 30.65522575 63.15015793 2.49711657
v 30.85284233 63.46100616 2.0117383
v 30.46709824 63.46100616 1.99291265
v 30.85284233 63.46100616 2.4117384
v 30.46709824 63.46100616 2.39291263
v 30.85284233 63.71611023 1.9254396
v 30.83042526 63.75627899 1.90986538
v 30.85284233 63.71611023 2.32543969
v 30.83042526 63.75627899 2.30986547
v 31.35451508 56.93931961 4.53707075
v 31.35451508 56.91332626 4.55837202
v 31.35451508 56.93931961 4.93707085
v 31.35451508 56.91332626 4.95837212
v 31.04201698 56.83260727 4.67648363
v 31.04201698 56.83260727 5.07648373
v 31.35451508 57.44099045 4.14893007
v 31.35451508 57.44099045 4.54893017
v 31.35451508 57.94265747 3.94673848
v 31.35451508 57.94265747 4.34673882
v 31.35451508 58.44432449 3.77949739
v 31.35451508 58.44432449 4.17949772
v 31.35451508 58.94599152 3.54985142
v 31.35451508 58.94599152 3.94985151
v 31.35451508 59.44766235 3.36929178
v 31.35451508 59.44766235 3.76929188
v 31.35451508 59.94932938 3.24625349
v 31.35451508 59.94932938 3.64625335
v 31.35451508 60.4509964 3.07981396
v 31.35451508 60.4509964 3.47981381
v 31.33364296 60.95266342 2.95851588
v 31.35451508 60.87634659 2.97946692
v 31.33364296 60.95266342 3.35851574
v 31.35451508 60.87634659 3.37946677
v 31.20128632 61.45433426 2.77052116
v 31.20291901 61.43759155 2.77635169
v 31.20128632 61.45433426 3.17052102
v 31.20291901 61.43759155 3.17635179
v 31.28719711 61.12248993 2.89372492
v 31.28719711 61.12248993 3.29372478
v 31.15241051 61.95600128 2.61229849
v 31.15241051 61.95600128 3.01229835
v 31.21986389 62.4576683 2.40943933
v 31.28625679 62.25955963 2.50124025
v 31.21986389 62.4576683 2.80943942
v 31.28625679 62.25955963 2.90124035
v 31.13414192 62.14352036 2.53247786
v 31.13414192 62.14352036 2.93247795
v 31.21178436 62.95933533 2.16361213
v 31.25139809 62.86132812 2.21272612
v 31.21178436 62.95933533 2.56361222
v 31.25139809 62.86132812 2.61272597
v 31.20898056 62.49014282 2.39288425
v 31.20898056 62.49014282 2.79288411
v 30.99520683 63.46100616 2.01905417
v 31.0453167 63.37121201 2.04638648
v 30.99520683 63.46100616 2.41905403
v 31.0453167 63.37121201 2.44638634
v 31.44700623 56.93931961 4.50365067
v 31.44473648 56.93663025 4.50665569
v 31.44700623 56.93931961 4.90365076
v 31.44473648 56.93663025 4.90665579
v 31.78150177 57.44099045 4.10069847
v 31.72450066 57.26807022 4.20924997
v 31.78150177 57.44099045 4.50069809
v 31.72450066 57.26807022 4.60925007
v 31.85618782 57.94265747 3.84709835
v 31.85618782 57.66755676 3.98153853
v 31.85618782 57.94265747 4.24709845
v 31.85618782 57.66755676 4.38153839
v 31.85618782 58.44432449 3.74120426
v 31.85618782 58.44432449 4.14120436
v 31.85618782 58.94599152 3.50543451
v 31.85618782 58.94599152 3.90543437
v 31.85618782 59.44766235 3.35491896
v 31.85618782 59.44766235 3.75491905
v 31.85618782 59.94932938 3.24625349
v 31.85618782 59.94932938 3.64625335
v 31.54582596 60.4509964 3.07452154
v 31.66375732 60.29128265 3.12697172
v 31.54582596 60.4509964 3.47452164
v 31.66375732 60.29128265 3.52697182
v 31.85618782 60.34775925 3.10304284
v 31.85618782 60.34775925 3.50304294
v 31.42673492 60.6122818 3.04040885
v 31.42673492 60.6122818 3.44040895
v 31.85618782 60.65513992 3.02342248
v 31.82218742 60.66889572 3.02109051
v 31.85618782 60.59635162 3.03566575
v 31.85618782 60.65513992 3.42342257
v 31.85618782 60.59635162 3.43566561
v 31.82218742 60.66889572 3.42109036
v 31.90999031 57.94265747 3.84207535
v 31.87305069 57.71871567 3.95561314
v 31.90999031 57.94265747 4.24207544
v 31.87305069 57.71871567 4.35561323
v 32.26715851 58.44432449 3.65029764
v 32.26869202 58.41130829 3.66039824
v 32.26715851 58.44432449 4.05029774
v 32.26869202 58.41130829 4.0603981
v 31.91446304 57.96976471 3.83553314
v 31.89772987 58.09226608 3.81005645
v 31.91446304 57.96976471 4.23553324
v 31.89772987 58.09226608 4.2100563
v 32.08664322 58.94599152 3.49321342
v 32.25252151 58.75976562 3.54719591
v 32.08664322 58.94599152 3.89321351
v 32.25252151 58.75976562 3.94719577
v 32.35786057 59.44766235 3.35127711
v 32.35786057 59.05839539 3.45025158
v 32.35786057 59.44766235 3.75127697
v 32.35786057 59.05839539 3.85025144
v 32.03210831 59.00721741 3.47871876
v 32.03210831 59.00721741 3.87871885
v 32.32632065 59.00721741 3.46476007
v 32.32632065 59.00721741 3.86476016
v 32.35786057 59.94932938 3.25462341
v 32.35786057 59.67666626 3.30715561
v 32.35786057 59.94932938 3.65462327
v 32.35786057 59.67666626 3.70715547
v 32.35786057 59.56474304 3.32871914
v 32.31178284 59.69844055 3.30274343
v 32.35786057 59.56474304 3.72871923
v 32.31178284 59.69844055 3.70274353
v 31.95861053 60.37782288 3.09730792
v 31.95861053 60.37782288 3.49730778
v 32.35786057 60.4509964 3.09358096
v 32.35786057 60.4509964 3.49358082
v 31.9243145 60.4509964 3.06969023
v 31.9243145 60.4509964 3.46969008
v 32.35786057 60.73165894 3.01966619
v 32.30197906 60.47481918 3.08437443
v 32.35786057 60.73165894 3.41966629
v 32.30197906 60.47481918 3.48437452
v 32.39820862 59.44766235 3.35127711
v 32.46977615 59.23999786 3.40407753
v 32.39820862 59.44766235 3.75127697
v 32.46977615 59.23999786 3.80407763
v 32.76313019 58.94599152 3.47883081
v 32.6950531 58.94599152 3.47883081
v 32.6995163 58.81135941 3.5159719
v 32.76313019 58.94599152 3.87883091
v 32.6995163 58.81135941 3.91597176
v 32.6950531 58.94599152 3.87883091
v 32.8595314 59.44766235 3.35127711
v 32.67842484 59.44766235 3.35127711
v 32.8595314 59.15002823 3.42695308
v 32.8595314 59.44766235 3.75127697
v 32.8595314 59.15002823 3.82695317
v 32.67842484 59.44766235 3.75127697
v 32.8595314 59.94932938 3.25739932
v 32.8595314 59.94932938 3.65739942
v 32.67581558 59.52640533 3.33638167
v 32.67581558 59.52640533 3.73638153
v 33.36120224 58.94599152 3.47280812
v 33.09550095 58.94599152 3.47599792
v 33.36120224 58.8993187 3.48283386
v 33.36120224 58.94599152 3.87280822
v 33.36120224 58.8993187 3.88283396
v 33.09550095 58.94599152 3.87599802
v 33.18842316 58.72576141 3.52589822
v 33.18842316 58.72576141 3.92589831
v 33.30420303 59.44766235 3.3545053
v 33.30011749 59.42977142 3.35872149
v 33.30420303 59.44766235 3.75450516
v 33.30011749 59.42977142 3.75872135
v 32.93870926 59.31760788 3.38452387
v 32.93870926 59.31760788 3.78452373
v 33.36120224 59.29384995 3.39106393
v 33.36120224 59.29384995 3.79106402
v 33.36120224 59.94932938 3.25907111
v 33.36120224 59.69722748 3.30723739
v 33.36120224 59.94932938 3.65907121
v 33.36120224 59.69722748 3.70723748
v 33.36120224 60.4509964 3.11478567
v 32.8595314 60.4509964 3.11426926
v 33.36120224 60.4509964 3.51478577
v 32.8595314 60.4509964 3.51426935
v 32.8595314 60.70453262 3.03704309
v 33.07975388 60.95266342 2.97463727
v 32.8595314 60.70453262 3.43704319
v 33.07975388 60.95266342 3.37463737
v 33.36120224 60.95266342 2.99147511
v 33.36120224 60.95266342 3.3914752
v 33.08442307 60.9579277 2.97384167
v 33.08442307 60.9579277 3.37384152
v 33.36120224 61.08150101 2.96570826
v 33.29808426 61.00583267 2.97701335
v 33.36120224 61.08150101 3.36570835
v 33.29808426 61.00583267 3.37701321
v 33.40766907 58.94599152 3.46874118
v 33.40766907 58.94599152 3.86874127
v 33.48336411 59.02202606 3.44470334
v 33.48336411 59.02202606 3.8447032
v 34.83342361 60.4509964 3.06909585
v 34.36454773 60.4509964 3.11426926
v 34.66603088 60.194561 3.13046432
v 34.83342361 60.4509964 3.46909595
v 34.66603088 60.194561 3.53046417
v 34.36454773 60.4509964 3.51426935
v 34.36454773 60.22105408 3.15203023
v 34.36454773 60.22105408 3.55203009
v 34.80898666 60.95266342 2.99147511
v 34.36454773 60.95266342 2.99147511
v 34.86622238 60.86015701 3.00520563
v 34.80898666 60.95266342 3.3914752
v 34.86622238 60.86015701 3.40520549
v 34.36454773 60.95266342 3.3914752
v 34.86622238 60.50123978 3.05847883
v 34.86622238 60.50123978 3.45847869
v 34.61664963 61.45433426 2.90150762
v 34.36454773 61.45433426 2.89549565
v 34.60784531 61.27777863 2.93303466
v 34.61664963 61.45433426 3.30150771
v 34.60784531 61.27777863 3.33303452
v 34.36454773 61.45433426 3.29549575
v 34.86622238 61.95600128 2.82853484
v 34.36454773 61.95600128 2.80908942
v 34.86622238 61.5771904 2.8881309
v 34.86622238 61.95600128 3.22853494
v 34.86622238 61.5771904 3.288131
v 34.36454773 61.95600128 3.20908952
v 34.62962723 61.71462631 2.85903597
v 34.62962723 61.71462631 3.25903606
v 34.36454773 62.16950989 2.73693371
v 34.51089096 62.4576683 2.64906287
v 34.36454773 62.16950989 3.1369338
v 34.51089096 62.4576683 3.04906273
v 34.86622238 62.4576683 2.67216253
v 34.86622238 62.4576683 3.07216263
v 34.55015564 62.53498459 2.62995648
v 34.55015564 62.53498459 3.02995658
v 34.86622238 62.79517746 2.59335876
v 34.77192307 62.83395767 2.57293677
v 34.86622238 62.79517746 2.99335885
v 34.77192307 62.83395767 2.97293687
v 34.86622238 61.31279373 2.93116331
v 34.68731689 61.31197357 2.92824531
v 34.86622238 61.2387352 2.94356632
v 34.86622238 61.31279373 3.33116341
v 34.86622238 61.2387352 3.34356618
v 34.68731689 61.31197357 3.3282454
v 34.86622238 62.95933533 2.55502987
v 34.84635544 62.95933533 2.55226707
v 34.86622238 62.91305923 2.56583524
v 34.86622238 62.95933533 2.95502973
v 34.86622238 62.91305923 2.96583509
v 34.84635544 62.95933533 2.95226717
v 34.82861328 62.91387939 2.56066585
v 34.82861328 62.91387939 2.96066594
v 34.86622238 63.01024246 2.54111218
v 34.86622238 63.01024246 2.94111228
v 34.98022461 60.67588806 3.0425632
v 34.98022461 60.67588806 3.44256306
v 35.31781006 61.31486893 2.97458267
v 35.31781006 61.31486893 3.37458253
v 35.0140686 61.17821121 2.96686244
v 35.36789322 61.21992874 2.99258065
v 35.0140686 61.17821121 3.3668623
v 35.36789322 61.21992874 3.39258051
v 35.07772064 61.45433426 2.9296639
v 35.36789322 61.45433426 2.96012783
v 35.07772064 61.45433426 3.32966375
v 35.36789322 61.45433426 3.36012793
v 35.36789322 61.95600128 2.84934187
v 35.36789322 61.95600128 3.24934196
v 35.36789322 62.4576683 2.71798158
v 35.36789322 62.4576683 3.11798143
v 35.36789322 62.73542404 2.63114595
v 35.06759262 62.7123642 2.62299442
v 35.36789322 62.73542404 3.03114581
v 35.06759262 62.7123642 3.02299452
v 35.36789322 62.95933533 2.56114221
v 35.36789322 62.95933533 2.9611423
v 35.36789322 62.79764175 2.61169386
v 35.16051102 62.90663147 2.57336903
v 35.36789322 62.79764175 3.01169395
v 35.16051102 62.90663147 2.97336888
v 34.94748688 63.21847534 2.48795986
v 34.94748688 63.21847534 2.88795972
v 35.36789322 63.24884415 2.50121784
v 35.36789322 63.24884415 2.90121794
v 34.96025467 63.38122177 2.44608498
v 34.96025467 63.38122177 2.84608507
v 35.75761414 61.45433426 2.96849561
v 35.75420761 61.40176773 2.97603822
v 35.75761414 61.45433426 3.3684957
v 35.75420761 61.40176773 3.37603831
v 35.49377441 61.23477173 2.99368882
v 35.49377441 61.23477173 3.39368868
v 36.00216293 61.95600128 2.86270213
v 35.86956406 61.95600128 2.86525965
v 35.97104645 61.83211899 2.89009428
v 36.00216293 61.95600128 3.26270223
v 35.97104645 61.83211899 3.29009414
v 35.86956406 61.95600128 3.2652595
v 35.86956406 61.76743317 2.90496778
v 35.86956406 61.76743317 3.30496788
v 35.86956406 62.37674332 2.75518346
v 36.09613419 62.33010864 2.77689934
v 35.86956406 62.37674332 3.15518332
v 36.09613419 62.33010864 3.17689943
v 26.2088089 56.43765259 5.52771235
v 26.2088089 56.43765259 5.92771244
v 27.11044693 56.43765259 5.61883068
v 27.11044693 56.43765259 6.0188303
v 26.89003181 56.27939606 5.65904522
v 26.89003181 56.27939606 6.05904484
v 27.22233963 56.43765259 5.61883068
v 27.22233963 56.43765259 6.0188303
v 27.17912292 56.48696136 5.60021925
v 27.17912292 56.48696136 6.00021887
v 25.63323593 56.93931961 5.39766502
v 25.63323593 56.93931961 5.79766512
v 25.36112213 56.87321472 5.37898636
v 25.36112213 56.87321472 5.77898645
v 25.83612061 56.93931961 5.41880751
v 25.70962715 56.93931961 5.40562582
v 25.83612061 56.64796448 5.47398376
v 25.83612061 56.93931961 5.8188076
v 25.83612061 56.64796448 5.87398386
v 25.70962715 56.93931961 5.80562592
v 25.72338486 56.71158218 5.44786453
v 25.72338486 56.71158218 5.84786463
v 25.83612061 57.44099045 5.14219856
v 25.83612061 57.44099045 5.54219866
v 25.7085228 56.95761108 5.39650106
v 25.7085228 56.95761108 5.79650068
v 25.83612061 57.94265747 4.63871765
v 25.83612061 57.94265747 5.03871727
v 25.83612061 58.44432449 4.29189253
v 25.83612061 58.44432449 4.69189262
v 25.83612061 58.94599152 3.83169007
v 25.83612061 58.94599152 4.23168993
v 25.83612061 59.44766235 3.46108508
v 25.83612061 59.44766235 3.86108518
v 25.83612061 59.94932938 3.23558998
v 25.83612061 59.94932938 3.63558984
v 25.33624268 60.24572372 3.07955098
v 25.33624268 60.24572372 3.47955108
v 25.83612061 60.39743042 2.9815321
v 25.81642532 60.37036514 2.9975481
v 25.83612061 60.39743042 3.38153195
v 25.81642532 60.37036514 3.3975482
v 25.53954315 60.4509964 2.96321821
v 25.52123642 60.4509964 2.96396255
v 25.58476448 60.27714157 3.05640888
v 25.53954315 60.4509964 3.36321831
v 25.58476448 60.27714157 3.45640874
v 25.52123642 60.4509964 3.36396265
v 25.53544426 60.46676254 2.95658636
v 25.53544426 60.46676254 3.35658646
v 29.39583015 57.94265747 4.23593807
v 29.39583015 57.94265747 4.63593817
v 29.80277634 57.67396164 4.36453724
v 29.80277634 57.67396164 4.76453686
v 29.63490868 57.94265747 4.19008541
v 29.50757217 57.70220947 4.3924017
v 29.63490868 57.94265747 4.59008551
v 29.50757217 57.70220947 4.79240179
v 29.66719246 58.00361633 4.14177656
v 29.66719246 58.00361633 4.54177666
v 29.67072678 58.44432449 3.83718085
v 29.67072678 58.44432449 4.23718071
v 29.67311859 58.74276352 3.68147421
v 29.67311859 58.74276352 4.0814743
v 29.70667648 58.94599152 3.57549238
v 29.70667648 58.94599152 3.97549248
v 29.78951836 59.44766235 3.33825135
v 29.78951836 59.44766235 3.73825121
v 29.82686424 59.67382812 3.23888111
v 29.82686424 59.67382812 3.63888121
v 29.06110573 59.94932938 3.10279059
v 29.06110573 59.94932938 3.50279045
v 29.07288361 59.94932938 3.10279059
v 29.06189537 59.94112778 3.10667777
v 29.07288361 59.94932938 3.50279045
v 29.06189537 59.94112778 3.50667787
v 29.01270676 60.4509964 2.93609381
v 29.01270676 60.4509964 3.33609366
v 28.89748573 60.95266342 2.73756075
v 28.87433243 60.88544083 2.76327276
v 28.89748573 60.95266342 3.13756084
v 28.87433243 60.88544083 3.16327262
v 29.00965118 60.48266602 2.9234519
v 29.00965118 60.48266602 3.323452
v 33.41419983 59.94932938 3.25247717
v 33.41419983 59.94932938 3.65247726
v 33.41265488 59.9224968 3.25796533
v 33.41265488 59.9224968 3.65796518
v 33.63110733 59.94932938 3.2254889
v 33.5704689 59.68404388 3.29052091
v 33.86287689 59.94932938 3.1966517
v 33.63110733 59.94932938 3.625489
v 33.86287689 59.94932938 3.59665155
v 33.5704689 59.68404388 3.690521
v 33.86287689 59.84496689 3.22300601
v 33.86287689 59.84496689 3.62300587
v 33.71984863 60.33754349 3.13732457
v 33.71984863 60.33754349 3.53732467
v 33.44044495 60.40481567 3.12715983
v 33.44044495 60.40481567 3.52715993
v 33.86287689 60.4509964 3.11478567
v 33.86287689 60.4509964 3.51478577
v 33.86287689 60.95266342 3.02273226
v 33.86287689 60.95266342 3.42273211
v 33.67220688 61.45433426 2.89384127
v 33.67220688 61.45433426 3.29384112
v 33.86287689 61.45433426 2.89549565
v 33.86287689 61.45433426 3.29549575
v 33.7737236 61.57603073 2.87284422
v 33.7737236 61.57603073 3.27284408
v 33.86287689 61.59465027 2.87132812
v 33.86287689 61.59465027 3.27132797
v 34.05250931 59.94932938 3.1966517
v 34.05250931 59.94932938 3.59665155
v 34.15566635 59.94932938 3.1966517
v 34.10166931 59.94932938 3.1966517
v 34.11557388 59.8880806 3.21132731
v 34.15566635 59.94932938 3.59665155
v 34.11557388 59.8880806 3.61132741
v 34.10166931 59.94932938 3.59665155
v 34.05296326 59.94957733 3.19661093
v 34.05470657 60.15621948 3.16280842
v 34.05296326 59.94957733 3.59661102
v 34.05470657 60.15621948 3.56280851
v 34.33521271 60.223629 3.15162325
v 34.33521271 60.223629 3.55162334
v 34.01511383 61.62644196 2.86585236
v 34.01511383 61.62644196 3.26585221
v 34.25611877 61.95600128 2.80908942
v 34.14789963 61.74290848 2.84579229
v 34.25611877 61.95600128 3.20908952
v 34.14789963 61.74290848 3.24579239
v 32.58158493 60.4509964 3.10280704
v 32.58158493 60.4509964 3.50280714
v 32.63451385 60.4509964 3.10499001
v 32.60453033 60.41720963 3.11400628
v 32.63451385 60.4509964 3.50498986
v 32.60453033 60.41720963 3.51400638
v 32.36589813 60.76861572 3.01005507
v 32.36589813 60.76861572 3.41005516
v 27.24821091 60.4509964 2.97215843
v 27.23918915 60.38512421 3.0065167
v 27.24821091 60.4509964 3.37215829
v 27.23918915 60.38512421 3.40651679
v 26.89156151 60.4509964 2.9716332
v 26.84932327 60.20062637 3.10249591
v 26.89156151 60.4509964 3.37163305
v 26.84932327 60.20062637 3.502496
v 26.95549583 60.95266342 2.75014877
v 26.97289276 60.93309021 2.75926208
v 26.95549583 60.95266342 3.15014887
v 26.97289276 60.93309021 3.15926194
v 26.8613987 61.05854034 2.70826268
v 26.8613987 61.05854034 3.10826278
v 27.31692886 60.95266342 2.76023507
v 27.31692886 60.95266342 3.16023517
v 25.87510109 60.4509964 2.95244217
v 25.87510109 60.4509964 3.35244226
v 26.33542252 60.42555618 2.98116183
v 26.33542252 60.42555618 3.38116169
v 26.24016953 60.95266342 2.74691081
v 26.24016953 60.95266342 3.14691091
v 25.65571594 60.95266342 2.74698567
v 25.65571594 60.95266342 3.14698553
v 25.36668396 60.65296936 2.88040829
v 25.36668396 60.65296936 3.28040838
v 25.73928452 60.95266342 2.74695086
v 25.73928452 60.95266342 3.14695096
v 29.01309967 61.45433426 2.56039166
v 29.01309967 61.45433426 2.96039152
v 29.02854347 61.33317566 2.60327792
v 29.02854347 61.33317566 3.00327802
v 29.19244766 61.45433426 2.56048989
v 29.18954659 61.40224838 2.57896018
v 29.19244766 61.45433426 2.96048999
v 29.18954659 61.40224838 2.97896004
v 29.20189857 61.62398911 2.50985527
v 29.20189857 61.62398911 2.90985537
v 28.99209023 61.61917114 2.50739789
v 28.99209023 61.61917114 2.90739799
v 28.89975166 62.30806732 2.28965831
v 28.89975166 62.30806732 2.68965816
v 29.33291054 62.21559525 2.33134651
v 29.24470139 62.4576683 2.24946856
v 29.33291054 62.21559525 2.73134637
v 29.24470139 62.4576683 2.64946866
v 28.91240501 62.4576683 2.24546289
v 28.91240501 62.4576683 2.64546299
v 28.94800377 62.87857056 2.12407303
v 28.94800377 62.87857056 2.52407289
v 29.27213097 62.95933533 2.11892843
v 28.92056084 62.95933533 2.099154
v 29.21777725 62.53155518 2.22951555
v 29.27213097 62.95933533 2.51892853
v 29.21777725 62.53155518 2.62951565
v 28.92056084 62.95933533 2.49915409
v 29.27887154 63.01238632 2.10359287
v 29.27887154 63.01238632 2.50359297
v 25.5343895 61.45433426 2.55919576
v 25.5343895 61.45433426 2.95919585
v 25.69216537 60.99045944 2.73274231
v 25.69216537 60.99045944 3.1327424
v 25.34209061 61.45433426 2.56052256
v 25.34209061 61.45433426 2.96052241
v 25.83612061 61.95600128 2.42725992
v 25.83612061 61.95600128 2.82725978
v 25.58392334 61.54642868 2.53469586
v 25.58392334 61.54642868 2.93469572
v 25.52051926 61.76913071 2.47644138
v 25.52051926 61.76913071 2.87644124
v 25.83612061 62.4576683 2.24466443
v 25.83612061 62.4576683 2.64466429
v 25.45393753 62.95933533 2.09462333
v 25.58329582 62.79535675 2.1440649
v 25.45393753 62.95933533 2.49462342
v 25.58329582 62.79535675 2.54406476
v 25.83612061 62.59994507 2.20179796
v 25.83612061 62.59994507 2.60179806
v 26.30425453 61.95600128 2.42588043
v 26.30425453 61.95600128 2.82588053
v 26.30564308 61.95600128 2.42587638
v 26.30410385 61.95410538 2.42638874
v 26.30564308 61.95600128 2.82587647
v 26.30410385 61.95410538 2.82638884
v 26.26150322 62.4576683 2.24466443
v 26.33547211 62.34709167 2.28458691
v 26.26150322 62.4576683 2.64466429
v 26.33547211 62.34709167 2.684587
v 25.85419846 62.58597565 2.20543289
v 25.85419846 62.58597565 2.60543299
v 26.20546341 62.54144287 2.2117579
v 26.20546341 62.54144287 2.61175799
v 35.47266769 61.95600128 2.85266638
v 35.47266769 61.95600128 3.25266623
v 35.76399994 61.55282211 2.94768023
v 35.76399994 61.55282211 3.34768033
v 35.50551224 61.73212433 2.90251803
v 35.50551224 61.73212433 3.30251789
v 35.76200867 61.95600128 2.86184692
v 35.76200867 61.95600128 3.26184678
v 35.84477615 61.75163269 2.90761232
v 35.84477615 61.75163269 3.30761242
v 27.43425369 62.4576683 2.26031351
v 27.43425369 62.4576683 2.66031361
v 27.81793594 62.4576683 2.26228833
v 27.81793594 62.4576683 2.66228843
v 27.7446537 62.22022247 2.33947325
v 27.7446537 62.22022247 2.73947334
v 35.45005417 62.4576683 2.7206068
v 35.40707397 62.40314102 2.73351049
v 35.45005417 62.4576683 3.1206069
v 35.40707397 62.40314102 3.13351035
v 35.84392166 62.4576683 2.73319221
v 35.55883789 62.4576683 2.72408271
v 35.86022949 62.37866592 2.75438261
v 35.84392166 62.4576683 3.13319206
v 35.86022949 62.37866592 3.15438271
v 35.55883789 62.4576683 3.1240828
v 35.47119141 62.7433548 2.63549924
v 35.47119141 62.7433548 3.03549933
v 35.52191925 62.54883194 2.69608307
v 35.52191925 62.54883194 3.09608316
v 35.76407623 62.84453201 2.6280396
v 35.60371399 62.95933533 2.5828383
v 35.76407623 62.84453201 3.02803969
v 35.60371399 62.95933533 2.98283839
v 35.57491684 62.97995377 2.57513833
v 35.57491684 62.97995377 2.97513819
v 35.51375961 63.20147324 2.51796532
v 35.51375961 63.20147324 2.91796541
v 15.91688156 62.95933533 1.85611904
v 15.91688156 62.95933533 2.25611901
v 16.10713768 62.95933533 1.86536777
v 16.10713768 62.95933533 2.26536775
v 16.11984634 62.7625351 1.92509353
v 16.11984634 62.7625351 2.32509351
v 16.15900993 63.46100616 1.69683397
v 15.8965292 63.46100616 1.68083286
v 16.15900993 63.46100616 2.09683394
v 15.8965292 63.46100616 2.08083296
v 16.08560181 63.29281235 1.75001204
v 16.08560181 63.29281235 2.15001202
v 15.94824982 63.6662941 1.63147271
v 15.94824982 63.6662941 2.03147268
v 16.15312386 63.46752167 1.69486892
v 16.15312386 63.46752167 2.0948689
v 20.85944366 62.95933533 2.02512646
v 20.85944366 62.95933533 2.42512631
v 21.10224915 62.95933533 2.02512646
v 21.03303528 62.88380051 2.05556464
v 21.10224915 62.95933533 2.42512631
v 21.03303528 62.88380051 2.45556474
v 21.00742722 62.95933533 2.02512646
v 20.94275665 62.95933533 2.02512646
v 21.00742722 62.95933533 2.42512631
v 20.94275665 62.95933533 2.42512631
v 20.93704224 62.83609772 2.07478595
v 20.93704224 62.83609772 2.47478604
v 20.95053673 63.1271553 1.97752678
v 20.95053673 63.1271553 2.37752676
v 21.02866554 63.46100616 1.88029397
v 21.02866554 63.46100616 2.28029394
v 21.02835083 63.46100616 1.88030422
v 21.14622307 63.00732803 2.01090574
v 21.02835083 63.46100616 2.28030419
v 21.14622307 63.00732803 2.41090584
v 21.02825165 63.46138382 1.88021028
v 21.02825165 63.46138382 2.28021026
v 22.35516167 62.95933533 2.05396414
v 22.35516167 62.95933533 2.45396399
v 22.68019676 62.95933533 2.05396414
v 22.74969673 62.79194641 2.11962724
v 22.68019676 62.95933533 2.45396399
v 22.74969673 62.79194641 2.51962709
v 22.44564056 62.85335922 2.09521198
v 22.44564056 62.85335922 2.49521208
v 22.53545761 62.77508163 2.12584567
v 22.53545761 62.77508163 2.52584553
v 22.41148186 63.46100616 1.93350482
v 22.41148186 63.46100616 2.33350492
v 22.60586548 63.13836288 2.01772928
v 22.60586548 63.13836288 2.41772938
v 22.38350487 63.50743866 1.91957164
v 22.58215332 63.85392761 1.84123278
v 22.38350487 63.50743866 2.31957173
v 22.58215332 63.85392761 2.24123287
v 22.56604958 63.96267319 1.81098163
v 22.56604958 63.96267319 2.21098161
v 22.49727058 64.42710876 1.69175124
v 22.49727058 64.42710876 2.09175134
v 22.81421661 64.06072235 1.7881465
v 22.81421661 64.06072235 2.18814635
v 23.54493523 62.95933533 2.08255625
v 23.54493523 62.95933533 2.48255634
v 23.82943153 62.95933533 2.05396414
v 23.82943153 62.95933533 2.45396399
v 23.58066368 62.95933533 2.07896566
v 23.55927849 62.9272995 2.09275532
v 23.58066368 62.95933533 2.47896552
v 23.55927849 62.9272995 2.49275541
v 23.3709507 63.46100616 1.97482646
v 23.47762108 63.10968781 2.05465055
v 23.3709507 63.46100616 2.37482643
v 23.47762108 63.10968781 2.45465064
v 23.35326004 63.51926804 1.95618856
v 23.35326004 63.51926804 2.35618854
v 23.82583618 63.32661438 1.99241114
v 23.82583618 63.32661438 2.39241099
v 23.78125572 63.46100616 1.97025263
v 23.82943153 63.46100616 1.9697156
v 23.78125572 63.46100616 2.37025261
v 23.82943153 63.46100616 2.36971569
v 23.7179203 63.65193176 1.91078269
v 23.7179203 63.65193176 2.31078267
v 23.82943153 63.65894699 1.90781915
v 23.75985909 63.79258347 1.86629367
v 23.82943153 63.65894699 2.30781913
v 23.75985909 63.79258347 2.26629376
v 24.13183975 62.95933533 2.07780719
v 24.13183975 62.95933533 2.47780704
v 24.03993797 62.72525406 2.16043997
v 24.03993797 62.72525406 2.56044006
v 24.20788002 62.95933533 2.08380246
v 24.20788002 62.95933533 2.48380256
v 23.93248177 63.46100616 1.9697156
v 24.08315659 63.17158127 2.02986169
v 23.93248177 63.46100616 2.36971569
v 24.08315659 63.17158127 2.42986178
v 24.16008186 63.03127289 2.06421494
v 24.16008186 63.03127289 2.46421504
v 24.2630024 63.04883957 2.06701851
v 24.2630024 63.04883957 2.4670186
v 14.89405251 63.46100616 1.62867308
v 14.89405251 63.46100616 2.02867317
v 15.21935749 63.05792618 1.73500979
v 15.21935749 63.05792618 2.13500977
v 15.21689701 63.4213295 1.63913977
v 15.10587025 63.46100616 1.62867308
v 15.21689701 63.4213295 2.03913975
v 15.10587025 63.46100616 2.02867317
v 15.05610085 63.46100616 1.62867308
v 14.84950066 63.05141068 1.73628056
v 15.05610085 63.46100616 2.02867317
v 14.84950066 63.05141068 2.13628054
v 14.86790276 63.70009613 1.56465316
v 14.86790276 63.70009613 1.96465313
v 14.90283775 63.54177094 1.60704648
v 14.90283775 63.54177094 2.00704646
v 15.06370163 63.47607422 1.62463808
v 15.06370163 63.47607422 2.02463818
v 19.4285717 63.46100616 1.81655538
v 19.34375 63.04296112 1.98232186
v 19.49689293 63.46100616 1.81877649
v 19.4285717 63.46100616 2.21655536
v 19.49689293 63.46100616 2.21877646
v 19.34375 63.04296112 2.38232183
v 19.71540642 63.46100616 1.82588041
v 19.71540642 63.46100616 2.22588038
v 19.64525604 63.15361786 1.94150949
v 19.64525604 63.15361786 2.34150958
v 19.74203873 63.18663025 1.93027222
v 19.74203873 63.18663025 2.3302722
v 19.44879341 63.56066132 1.79523897
v 19.44879341 63.56066132 2.19523883
v 19.67152977 63.91300964 1.71826363
v 19.67152977 63.91300964 2.11826372
v 24.69281197 63.46100616 1.97270715
v 24.69281197 63.46100616 2.37270713
v 24.70159721 63.39263535 1.98923445
v 24.70159721 63.39263535 2.3892343
v 24.58061409 63.96267319 1.82650173
v 24.56752014 63.93105698 1.83565068
v 24.62164116 63.96267319 1.82650173
v 24.58061409 63.96267319 2.2265017
v 24.62164116 63.96267319 2.2265017
v 24.56752014 63.93105698 2.23565054
v 24.65334511 63.76819229 1.88305449
v 24.83194542 63.93827438 1.83366895
v 24.65334511 63.76819229 2.28305459
v 24.83194542 63.93827438 2.2336688
v 24.81348419 63.96267319 1.82650173
v 24.81348419 63.96267319 2.2265017
v 24.51489258 64.46434021 1.67493153
v 24.35772514 64.36026001 1.70637763
v 24.51489258 64.46434021 2.07493162
v 24.35772514 64.36026001 2.1063776
v 24.46432304 64.17945099 1.76100636
v 24.7093544 64.27352905 1.73258114
v 24.46432304 64.17945099 2.16100621
v 24.7093544 64.27352905 2.13258123
v 24.75468254 64.04039001 1.80302
v 24.75468254 64.04039001 2.2030201
v 24.8309288 64.32147217 1.71809673
v 24.8309288 64.32147217 2.11809683
v 24.74720192 64.61818695 1.62735188
v 24.74720192 64.61818695 2.02735186
v 24.77427673 64.96601105 1.51840413
v 24.77427673 64.96601105 1.9184041
v 24.72469521 64.96601105 1.52092075
v 24.72469521 64.96601105 1.92092073
v 24.71962357 65.04440308 1.49377346
v 24.71962357 65.04440308 1.89377356
v 32.35786057 63.96267319 1.9925127
v 32.29850769 63.96267319 1.99145007
v 32.35786057 63.7492218 2.05796456
v 32.35786057 63.96267319 2.3925128
v 32.35786057 63.7492218 2.45796442
v 32.29850769 63.96267319 2.39144993
v 32.24767685 63.78144073 2.04498768
v 32.24767685 63.78144073 2.44498777
v 32.34074402 64.11325836 1.95965183
v 32.35786057 64.1197052 1.95957446
v 32.34074402 64.11325836 2.3596518
v 32.35786057 64.1197052 2.35957456
v 32.60388947 63.67728043 2.08719611
v 32.60388947 63.67728043 2.48719621
v 32.8595314 63.93670273 2.01928282
v 32.8595314 63.96267319 2.0117383
v 32.68346024 63.94862366 2.00915122
v 32.8595314 63.93670273 2.41928267
v 32.68346024 63.94862366 2.40915132
v 32.8595314 63.96267319 2.4117384
v 32.48194885 64.16647339 1.95631146
v 32.48194885 64.16647339 2.35631156
v 32.8595314 64.46434021 1.92433858
v 32.8595314 64.46434021 2.32433844
v 32.55370712 64.46434021 1.90175092
v 32.55370712 64.46434021 2.3017509
v 32.61392975 64.71434021 1.8425411
v 32.61392975 64.71434021 2.24254107
v 32.8595314 64.64096069 1.88869417
v 32.8595314 64.64096069 2.28869414
v 33.36120224 63.46100616 2.24752951
v 33.05657578 63.46100616 2.19284844
v 33.36120224 63.23057556 2.32577372
v 33.36120224 63.46100616 2.6475296
v 33.36120224 63.23057556 2.72577381
v 33.05657578 63.46100616 2.5928483
v 33.36120224 63.96267319 2.14634252
v 33.36120224 63.96267319 2.54634261
v 32.89439774 63.5836792 2.12885642
v 32.95609665 63.93016434 2.04653573
v 32.89439774 63.5836792 2.52885652
v 32.95609665 63.93016434 2.44653583
v 33.36120224 64.46434021 2.01024199
v 33.36120224 64.46434021 2.41024184
v 32.98560715 64.60328674 1.92307293
v 32.98560715 64.60328674 2.32307291
v 33.36120224 64.57659912 2.00426483
v 33.36120224 64.57659912 2.40426493
v 33.14603424 64.73355103 1.94190776
v 33.03801727 64.77115631 1.90919793
v 33.24219894 64.60805511 1.97714734
v 33.14603424 64.73355103 2.34190774
v 33.24219894 64.60805511 2.37714744
v 33.03801727 64.77115631 2.3091979
v 33.86287689 63.46100616 2.3643837
v 33.86287689 63.23449707 2.41896367
v 33.86287689 63.46100616 2.76438379
v 33.86287689 63.23449707 2.81896377
v 33.37749481 63.21825409 2.33297515
v 33.37749481 63.21825409 2.73297501
v 33.6855545 63.0536232 2.43544078
v 33.69731522 63.21492767 2.39312196
v 33.6855545 63.0536232 2.83544087
v 33.69731522 63.21492767 2.79312181
v 33.86287689 63.96267319 2.17873168
v 33.86287689 63.96267319 2.57873178
v 33.86287689 64.46434021 2.12318587
v 33.86287689 64.46434021 2.52318597
v 33.61561966 64.50934601 2.06179118
v 33.61561966 64.50934601 2.46179128
v 33.86287689 64.51881409 2.11233187
v 33.86287689 64.51881409 2.51233172
v 33.80305862 64.53342438 2.09715533
v 33.80305862 64.53342438 2.49715543
v 34.36454773 63.46100616 2.38251448
v 34.36454773 63.18128204 2.43980742
v 34.36454773 63.46100616 2.78251433
v 34.36454773 63.18128204 2.83980727
v 33.93296814 63.24278259 2.41839886
v 33.93296814 63.24278259 2.81839871
v 34.10667419 63.11570358 2.45033455
v 34.10667419 63.11570358 2.85033441
v 34.36454773 63.96267319 2.27884603
v 34.36454773 63.96267319 2.67884612
v 34.08579636 64.46434021 2.14996171
v 34.12306976 64.45523071 2.15582228
v 34.08579636 64.46434021 2.54996157
v 34.12306976 64.45523071 2.55582237
v 34.36454773 64.3066864 2.21342421
v 34.35725403 64.30760956 2.21219277
v 34.36454773 64.3066864 2.6134243
v 34.35725403 64.30760956 2.61219287
v 34.86622238 63.46100616 2.41787505
v 34.86622238 63.12475586 2.50980496
v 34.86622238 63.46100616 2.81787515
v 34.86622238 63.12475586 2.90980506
v 34.48161697 63.21105576 2.445961
v 34.48161697 63.21105576 2.84596086
v 34.54370117 63.17663574 2.46035075
v 34.65314865 63.17643356 2.47236991
v 34.54370117 63.17663574 2.86035061
v 34.65314865 63.17643356 2.87236977
v 34.71134567 63.0235939 2.51728535
v 34.81107712 62.96809387 2.54503322
v 34.71134567 63.0235939 2.9172852
v 34.81107712 62.96809387 2.94503331
v 34.86622238 63.96267319 2.32477927
v 34.86622238 63.96267319 2.72477937
v 34.64237976 64.27176666 2.26783943
v 34.64237976 64.27176666 2.66783953
v 34.86622238 63.98874283 2.32322311
v 34.86622238 63.98874283 2.72322321
v 34.93569946 63.46100616 2.42333555
v 34.93590164 63.45720291 2.42435598
v 34.93569946 63.46100616 2.82333565
v 34.93590164 63.45720291 2.82435584
v 34.91462326 63.26226807 2.47473979
v 34.91462326 63.26226807 2.87473989
v 34.88684082 63.96267319 2.32642817
v 34.91055679 63.93268585 2.33388638
v 34.88684082 63.96267319 2.72642827
v 34.91055679 63.93268585 2.73388624
vn 0.12972 0.17772 0.97549
vn -0.12972 -0.17772 -0.97549
vn 0.02358 0.17918 0.98353
vn -0.02358 -0.17918 -0.98353
vn 0.03507 0.17913 0.9832
vn -0.03507 -0.17913 -0.9832
vn 0.03526 0.14623 0.98862
vn -0.03526 -0.14623 -0.98862
vn 0.01647 0.16365 0.98638
vn -0.01647 -0.16365 -0.98638
vn 0.01804 0.14455 0.98933
vn -0.01804 -0.14455 -0.98933
vn 0.0224 0.15202 0.98812
vn -0.0224 -0.15202 -0.98812
vn 0.02203 0.15169 0.98818
vn -0.02203 -0.15169 -0.98818
vn 0.01665 0.07658 0.99692
vn -0.01665 -0.07657 -0.99692
vn 0.02339 0.10488 0.99421
vn -0.02339 -0.10488 -0.99421
vn 0.02045 0.09946 0.99483
vn -0.02046 -0.09947 -0.99483
vn -0 0.1395 0.99022
vn 0 -0.1395 -0.99022
vn 0.00167 0.14632 0.98924
vn -0.00168 -0.14632 -0.98924
vn 0.00509 0.14912 0.98881
vn -0.00509 -0.14912 -0.98881
vn -0 0.10491 0.99448
vn -0 -0.10491 -0.99448
vn 0 0.10491 0.99448
vn 0 -0.10491 -0.99448
vn 0 0.10491 0.99448
vn 0 -0.1049 -0.99448
vn 0 0.10491 0.99448
vn 0 -0.10491 -0.99448
vn 0.1223 0.12231 0.98493
vn -0.1223 -0.12231 -0.98493
vn 0.00165 0.01834 0.99983
vn -0.00165 -0.01835 -0.99983
vn 0.06623 0.1392 0.98805
vn -0.06624 -0.1392 -0.98805
vn 0.12307 0.05002 0.99114
vn -0.12307 -0.05002 -0.99114
vn 0.00165 0.01835 0.99983
vn -0.00165 -0.01835 -0.99983
vn 0.12222 0.14285 0.98217
vn -0.12222 -0.14285 -0.98217
vn 0.14025 0.15658 0.97766
vn -0.14025 -0.15658 -0.97766
vn -0.00875 0.10491 0.99444
vn 0.00875 -0.1049 -0.99444
vn 0.00165 0.0682 0.99767
vn -0.00165 -0.0682 -0.99767
vn -0.00047 0.09373 0.9956
vn 0.00047 -0.09373 -0.9956
vn -0.02141 -0.02126 0.99954
vn 0.02141 0.02126 -0.99954
vn -0.02139 -0.02141 0.99954
vn 0.02139 0.02141 -0.99954
vn -0.13354 0.01074 0.99099
vn 0.13354 -0.01074 -0.99099
vn -0.04644 0.1231 0.99131
vn 0.04644 -0.1231 -0.99131
vn -0.02132 0.09389 0.99535
vn 0.02132 -0.09389 -0.99535
vn -0.00827 0.13597 0.99068
vn 0.00826 -0.13597 -0.99068
vn -0.10768 0.01824 0.99402
vn 0.10768 -0.01824 -0.99402
vn -0.13224 0.1397 0.98132
vn 0.13224 -0.13971 -0.98132
vn -0.01058 -0.00549 0.99993
vn 0.01058 0.00548 -0.99993
vn -0.20656 -0.14159 0.96813
vn 0.20656 0.1416 -0.96813
vn -0.0926 -0.02132 0.99548
vn 0.0926 0.02132 -0.99548
vn -0.01056 -0.05838 0.99824
vn 0.01056 0.05839 -0.99824
vn -0.01032 -0.21876 0.97572
vn 0.01032 0.21876 -0.97572
vn -0.30703 -0.43137 0.84832
vn 0.30703 0.43137 -0.84833
vn 0.05947 0.02554 0.9979
vn -0.05947 -0.02555 -0.9979
vn -0.15644 -0.11886 0.98051
vn 0.15644 0.11886 -0.98051
vn -0.21877 -0 0.97578
vn 0.21877 0 -0.97578
vn -0.20865 0.0106 0.97793
vn 0.20865 -0.0106 -0.97793
vn -0.21003 0 0.9777
vn 0.21003 0 -0.9777
vn -0.22043 0.00328 0.9754
vn 0.22043 -0.00328 -0.9754
vn -0.21528 0.0069 0.97653
vn 0.21528 -0.0069 -0.97653
vn -0.21669 0.13759 0.96649
vn 0.21669 -0.13759 -0.96649
vn -0.02681 -0.21869 0.97543
vn 0.02681 0.21869 -0.97543
vn -0.05527 -0.25157 0.96626
vn 0.05527 0.25157 -0.96626
vn -0.0571 0 0.99837
vn 0.0571 0 -0.99837
vn -0.0571 -1E-05 0.99837
vn 0.0571 1E-05 -0.99837
vn -0.55659 -0.83079 0
vn 0.71793 0.69611 0
vn 0.71792 0.69612 0
vn -0 1 0
vn -0.5665 0.82406 0
vn 0.84866 -0.52893 0
vn -0.13488 -0.99086 0
vn -0.55659 -0.83079 0
vn 0.46001 -0.88791 0
vn 0.12698 -0.99191 0
vn 0.84868 -0.52891 0
vn -0.56651 0.82406 0
vn 0.32882 0.94439 0
vn -0.05594 -0.99843 0
vn 0.00279 -1 0
vn 0.45998 -0.88793 0
vn 0.84244 0.53879 0
vn 0.32894 0.94435 0
vn 0.51735 0.85577 0
vn 0.84245 0.53878 0
vn -0.59693 -0.80229 0
vn -0.59692 -0.8023 0
vn -0.30737 -0.95159 0
vn -0.05593 -0.99843 0
vn 0.51488 0.85726 0
vn 0.75436 0.65646 0
vn 0.84245 0.53878 0
vn 0.51485 0.85728 0
vn -0.59692 -0.8023 0
vn 0.83784 0.54591 0
vn -0.58463 0.8113 0
vn 0.75437 0.65645 0
vn 0.83785 0.5459 0
vn -0.58464 0.81129 0
vn -0.57492 -0.81821 0
vn -0.99559 -0.09379 0
vn -0.99559 -0.09383 0
vn 0.20002 0.97979 0
vn -0.59692 -0.8023 0
vn -0.59692 -0.8023 0
vn -0.58463 0.8113 0
vn -0.57491 -0.81822 0
vn 0.20003 0.97979 0
vn -0.59694 -0.80229 0
vn 0.20001 0.97979 0
vn -0.59692 -0.8023 0
vn -0.00783 -0.01058 0.99991
vn 0.00783 0.01058 -0.99991
vn -0.01057 -0.0064 0.99992
vn 0.01057 0.0064 -0.99992
vn -0.01032 -0.21876 0.97572
vn 0.01032 0.21876 -0.97572
vn -0.01056 0.04738 0.99882
vn 0.01056 -0.04738 -0.99882
vn 0.0175 0.07641 0.99692
vn -0.01749 -0.0764 -0.99692
vn -0.01084 -0.01084 0.99988
vn 0.01084 0.01084 -0.99988
vn -0.01058 -0.01058 0.99989
vn 0.01057 0.01058 -0.99989
vn -0.01058 -0.01058 0.99989
vn 0.01058 0.01058 -0.99989
vn -0.03566 -0.21863 0.97516
vn 0.03566 0.21863 -0.97516
vn -0.01754 -0.26113 0.96514
vn 0.01754 0.26113 -0.96514
vn -0.01011 -0.24497 0.96948
vn 0.01011 0.24497 -0.96948
vn -0.01051 -0.24359 0.96982
vn 0.01051 0.24359 -0.96982
vn -0.04801 -0.26086 0.96418
vn 0.04801 0.26086 -0.96418
vn -0.17344 0.08538 0.98114
vn 0.17344 -0.08536 -0.98114
vn -0.17134 0.05626 0.98361
vn 0.17134 -0.05626 -0.9836
vn -0.04666 0.17388 0.98366
vn 0.04666 -0.17388 -0.98366
vn -0.14771 0.04686 0.98792
vn 0.14771 -0.04686 -0.98792
vn -0.1738 0.05534 0.98322
vn 0.1738 -0.05534 -0.98322
vn -0.17637 0.0441 0.98334
vn 0.17637 -0.0441 -0.98334
vn -0.23376 -0.19903 0.9517
vn 0.23376 0.19903 -0.9517
vn -0.04738 -0.01083 0.99882
vn 0.04738 0.01083 -0.99882
vn -0.23376 -0.19894 0.95172
vn 0.23376 0.19894 -0.95172
vn -0.19412 -0.2562 0.94693
vn 0.19411 0.2562 -0.94693
vn -0.23069 -0.25411 0.93926
vn 0.2307 0.25411 -0.93926
vn -0.23152 -0.24076 0.94257
vn 0.23152 0.24076 -0.94257
vn -0.25389 -0.29326 0.92171
vn 0.25389 0.29326 -0.92171
vn -0.04347 0.10066 0.99397
vn 0.04347 -0.10066 -0.99397
vn -0.05848 0.05701 0.99666
vn 0.05848 -0.05701 -0.99666
vn -0.05268 0.06539 0.99647
vn 0.05268 -0.06539 -0.99647
vn -0.20459 0.01123 0.97878
vn 0.20459 -0.01123 -0.97878
vn -0.04302 0.17391 0.98382
vn 0.04302 -0.17391 -0.98382
vn -0.17931 -0.20129 0.96298
vn 0.17931 0.20129 -0.96298
vn -0.20337 -0.10969 0.97294
vn 0.20337 0.1097 -0.97294
vn -0.04573 0.10065 0.99387
vn 0.04573 -0.10065 -0.99387
vn -0.09122 0.20649 0.97419
vn 0.09123 -0.20649 -0.97419
vn -0.1078 0.34786 0.93133
vn 0.1078 -0.34786 -0.93133
vn -0.06663 0.19593 0.97835
vn 0.06663 -0.19593 -0.97835
vn -0.05739 0 0.99835
vn 0.0574 0 -0.99835
vn -0.04596 0.01146 0.99888
vn 0.04596 -0.01146 -0.99888
vn -0.05739 0 0.99835
vn 0.05739 0 -0.99835
vn -0.05703 -0.11185 0.99209
vn 0.05704 0.11186 -0.99209
vn -0.01011 0.45056 0.89269
vn 0.01011 -0.45056 -0.89269
vn -0.11113 0.32143 0.94039
vn 0.11113 -0.32144 -0.94039
vn -0.00619 0.21138 0.97738
vn 0.00619 -0.21138 -0.97738
vn -0.01109 0.20734 0.97821
vn 0.01108 -0.20734 -0.97821
vn -0.01107 0.21201 0.97721
vn 0.01107 -0.21201 -0.97721
vn -0.00587 0.21313 0.97701
vn 0.00587 -0.21313 -0.97701
vn -0.00727 0.20824 0.97805
vn 0.00728 -0.20824 -0.97805
vn -0.00633 0 0.99998
vn 0.00633 0 -0.99998
vn -0.1908 0.22532 0.95542
vn 0.1908 -0.22532 -0.95542
vn -0.26069 0.36802 0.89253
vn 0.26069 -0.36802 -0.89253
vn -0.21134 0.44041 0.87257
vn 0.21134 -0.44041 -0.87257
vn -0.15724 0.45204 0.87803
vn 0.15721 -0.45206 -0.87802
vn -0.18155 0.37487 0.90912
vn 0.18155 -0.37487 -0.90912
vn -0.23968 0.43408 0.8684
vn 0.23968 -0.43408 -0.8684
vn -0.22793 0.39941 0.88799
vn 0.22793 -0.39941 -0.88799
vn -0.27448 0.20388 0.93973
vn 0.27448 -0.20388 -0.93973
vn -0.0312 0.39689 0.91733
vn 0.0312 -0.39689 -0.91733
vn -0.08593 0.22868 0.9697
vn 0.08594 -0.22868 -0.9697
vn -0.08107 0.39576 0.91477
vn 0.08107 -0.39576 -0.91477
vn -0.04894 0.24821 0.96747
vn 0.04894 -0.24821 -0.96747
vn -0.03143 0.38102 0.92403
vn 0.03143 -0.38102 -0.92403
vn -0.20815 0.38837 0.89769
vn 0.20815 -0.38837 -0.89769
vn -0.23539 0.27714 0.93155
vn 0.23541 -0.27708 -0.93156
vn 0.63175 -0.77517 0
vn 0.75879 0.65133 0
vn 0.63178 -0.77515 0
vn 0.75878 0.65135 0
vn 0.64519 0.76402 0
vn 0.75879 0.65134 0
vn 0.38472 -0.92303 0
vn -0.99833 0.05779 0
vn 0.63175 -0.77517 0
vn 0.82859 0.55985 0
vn -0.5969 -0.80232 0
vn 0.28952 0.95717 0
vn 0.43242 0.90167 0
vn 0.64519 0.76402 0
vn 0.2895 0.95718 0
vn -0.59677 -0.80241 0
vn -0.59692 -0.8023 0
vn 0.8286 0.55983 0
vn 0.38474 -0.92303 0
vn 0.43244 0.90166 0
vn -0.16102 0.98695 0
vn -0.16104 0.98695 0
vn 0.30292 0.95302 0
vn 0.79013 0.61294 0
vn -0.59692 -0.8023 0
vn -0.59692 -0.8023 0
vn 0.79012 0.61295 0
vn 0.49633 0.86814 0
vn 0.79012 0.61295 0
vn -0.67315 -0.73951 0
vn -0.59693 -0.80229 0
vn -0.59692 -0.8023 0
vn 0.3742 0.92735 0
vn 0.49638 0.86811 0
vn 0.77777 0.62855 0
vn 0.37424 0.92733 0
vn -0.67317 -0.73949 0
vn -0.67317 -0.73949 0
vn 0.37421 0.92734 0
vn 0.20389 0.97899 0
vn -0.67315 -0.73951 0
vn -0.67317 -0.73949 0
vn 0.20388 0.979 0
vn 0.12662 0.99195 0
vn -0.67318 -0.73948 0
vn -0.27315 0.42521 0.86289
vn 0.27314 -0.42528 -0.86286
vn -0.10794 0.59265 0.7982
vn 0.10794 -0.59265 -0.7982
vn -0.27318 0.42504 0.86297
vn 0.27318 -0.42504 -0.86297
vn -0.25002 0.48646 0.83716
vn 0.25002 -0.48646 -0.83717
vn -0.2717 0.43533 0.85829
vn 0.27169 -0.43533 -0.85829
vn -0.05696 0.44113 0.89563
vn 0.05696 -0.44113 -0.89563
vn -0.11301 0.35531 0.92789
vn 0.11302 -0.35529 -0.9279
vn 0.59925 0.80056 0
vn 0.53499 0.84486 0
vn -0.67348 -0.73921 0
vn 0.59927 0.80055 0
vn -0.67317 -0.73948 0
vn 0.34637 -0.9381 0
vn 0.53497 0.84487 0
vn 0.40596 0.91389 0
vn -0.67317 -0.73949 0
vn -0.00468 0.24253 0.97013
vn 0.00468 -0.24253 -0.97013
vn -0.00341 0.24552 0.96939
vn 0.00341 -0.24552 -0.96939
vn -0.00243 0.24612 0.96924
vn 0.00243 -0.24612 -0.96924
vn 0.00137 0.25883 0.96592
vn -0.00137 -0.25883 -0.96592
vn -0.00466 0.26375 0.96458
vn 0.00466 -0.26375 -0.96458
vn 0.00468 0.24693 0.96902
vn -0.00468 -0.24693 -0.96902
vn 0.00244 0.24254 0.97014
vn -0.00244 -0.24254 -0.97014
vn 0.00188 0.24446 0.96966
vn -0.00188 -0.24446 -0.96966
vn -0.18863 0.01623 0.98191
vn 0.1886 -0.01627 -0.98192
vn 0.00085 0.24165 0.97036
vn -0.00085 -0.24165 -0.97036
vn -0.01667 0.26372 0.96445
vn 0.01667 -0.26372 -0.96446
vn 0.00468 0.24373 0.96983
vn -0.00468 -0.24373 -0.96983
vn -0.01675 0.24642 0.96902
vn 0.01675 -0.24642 -0.96902
vn 0.00173 0.27589 0.96119
vn -0.00173 -0.27592 -0.96118
vn 0.00338 0.25949 0.96574
vn -0.00338 -0.25949 -0.96574
vn -0.01653 0.29103 0.95657
vn 0.01653 -0.29103 -0.95657
vn -0.01805 0.28866 0.95726
vn 0.01805 -0.28867 -0.95726
vn 0.00622 0.43241 0.90166
vn -0.00622 -0.43241 -0.90166
vn 0.00061 0.42023 0.90742
vn -0.00061 -0.42023 -0.90742
vn 0.00524 0.42398 0.90566
vn -0.00524 -0.42398 -0.90566
vn 0 0.24694 0.96903
vn -0 -0.24694 -0.96903
vn 0.00483 0.24495 0.96952
vn -0.00483 -0.24495 -0.96952
vn 0.00669 0.24294 0.97002
vn -0.00669 -0.24294 -0.97002
vn 0.01733 0.22716 0.9737
vn -0.01733 -0.22716 -0.9737
vn 0.00406 0.24064 0.97061
vn -0.00406 -0.24064 -0.97061
vn 0.00255 0.2415 0.9704
vn -0.00256 -0.2415 -0.9704
vn -0.02308 0.27849 0.96016
vn 0.02308 -0.27848 -0.96016
vn -0.02293 0.27543 0.96105
vn 0.02293 -0.27543 -0.96105
vn -0.0231 0.27576 0.96095
vn 0.0231 -0.27576 -0.96095
vn -0.02191 0.2754 0.96108
vn 0.0219 -0.2754 -0.96108
vn -0.02197 0.27559 0.96102
vn 0.02197 -0.27559 -0.96102
vn -0.02064 0.4238 0.90552
vn 0.02064 -0.4238 -0.90552
vn -0.01103 0.43238 0.90162
vn 0.01103 -0.43238 -0.90162
vn -0.0265 0.27846 0.96008
vn 0.0265 -0.27846 -0.96008
vn -0.08209 0.27762 0.95718
vn 0.08209 -0.27762 -0.95718
vn -0.06759 0.26334 0.96233
vn 0.06759 -0.26334 -0.96233
vn -0.06576 0.24357 0.96765
vn 0.06578 -0.24358 -0.96765
vn -0.09046 0.27742 0.95648
vn 0.09046 -0.27741 -0.95648
vn -0.06543 0.27596 0.95894
vn 0.06543 -0.27596 -0.95894
vn -0.08627 0.25237 0.96378
vn 0.08627 -0.25238 -0.96378
vn -0.01755 0.33394 0.94243
vn 0.01752 -0.33397 -0.94242
vn -0.09054 0.2747 0.95726
vn 0.09054 -0.2747 -0.95726
vn -0.02496 0.33449 0.94207
vn 0.02496 -0.33449 -0.94207
vn -0.04626 0.56672 0.82261
vn 0.04626 -0.56672 -0.82261
vn -0.05887 0.56319 0.82423
vn 0.05887 -0.56319 -0.82423
vn -0.08694 0.56383 0.8213
vn 0.08694 -0.56383 -0.8213
vn -0.05445 0.2437 0.96832
vn 0.05445 -0.2437 -0.96832
vn -0.12563 0.51214 0.84966
vn 0.12563 -0.51214 -0.84967
vn -0.05797 0.31021 0.9489
vn 0.05797 -0.31021 -0.9489
vn -0.0668 0.27329 0.95961
vn 0.0668 -0.27329 -0.95961
vn -0.18836 0.25611 0.94812
vn 0.18836 -0.25611 -0.94812
vn -0.06522 0.34434 0.93658
vn 0.06522 -0.34434 -0.93658
vn -0.08115 0.30868 0.9477
vn 0.08115 -0.30868 -0.9477
vn -0.11874 0.31587 0.94134
vn 0.11874 -0.31587 -0.94134
vn -0.10961 0.51312 0.85129
vn 0.10961 -0.51312 -0.85129
vn 0.03978 0.563 0.8255
vn -0.03978 -0.563 -0.8255
vn -0.05379 0.47111 0.88043
vn 0.05379 -0.47111 -0.88043
vn -0.10961 0.51312 0.85129
vn 0.10961 -0.51312 -0.85129
vn -0.10161 0.48746 0.86721
vn 0.10161 -0.48746 -0.86721
vn -0.10493 0.56991 0.81498
vn 0.10493 -0.56991 -0.81498
vn -0.09613 0.5647 0.81968
vn 0.09613 -0.5647 -0.81968
vn -0.10021 0.57079 0.81496
vn 0.10021 -0.57079 -0.81496
vn -0.10162 0.5709 0.81471
vn 0.10162 -0.5709 -0.81471
vn -0.1541 0.24449 0.95733
vn 0.1541 -0.2445 -0.95733
vn -0.1575 0.22176 0.9623
vn 0.15744 -0.22179 -0.9623
vn -0.17433 0.23404 0.95647
vn 0.17433 -0.23405 -0.95647
vn -0.17994 0.21112 0.96075
vn 0.17995 -0.21112 -0.96075
vn -0.14938 0.3412 0.92804
vn 0.14938 -0.3412 -0.92804
vn -0.2635 0.12576 0.95643
vn 0.2635 -0.12575 -0.95643
vn -0.23804 0.24034 0.94105
vn 0.23803 -0.24034 -0.94105
vn -0.20457 0.22628 0.95234
vn 0.20457 -0.22628 -0.95234
vn -0.22463 0.22062 0.94914
vn 0.22463 -0.22062 -0.94914
vn -0.0788 0.37754 0.92264
vn 0.0788 -0.37754 -0.92264
vn -0.23965 0.33502 0.91122
vn 0.23965 -0.33502 -0.91122
vn -0.24331 0.40106 0.88315
vn 0.24331 -0.40106 -0.88315
vn -0.1747 0.33977 0.92414
vn 0.1747 -0.33977 -0.92414
vn -0.12737 0.29643 0.94652
vn 0.12736 -0.29643 -0.94653
vn -0.20374 0.37337 0.90503
vn 0.20374 -0.37337 -0.90503
vn -0.16442 0.46538 0.86971
vn 0.16441 -0.46538 -0.86971
vn -0.23939 0.40095 0.88427
vn 0.23939 -0.40095 -0.88427
vn -0.21648 0.56008 0.79966
vn 0.21648 -0.56008 -0.79966
vn -0.37132 0.42857 0.82368
vn 0.37132 -0.42857 -0.82368
vn -0.39645 0.26352 0.87942
vn 0.39645 -0.26352 -0.87942
vn -0.10638 0.52658 0.84344
vn 0.10638 -0.52658 -0.84344
vn -0.11672 0.36053 0.92542
vn 0.11672 -0.36053 -0.92542
vn -0.11339 0.36348 0.92468
vn 0.11339 -0.36348 -0.92468
vn -0.11057 0.41792 0.90173
vn 0.11057 -0.41792 -0.90173
vn -0.10914 0.41912 0.90134
vn 0.10914 -0.41912 -0.90135
vn -0.10914 0.41912 0.90135
vn 0.10914 -0.41912 -0.90135
vn -0.11467 0.30023 0.94695
vn 0.11467 -0.30023 -0.94695
vn -0.23992 0.23495 0.94193
vn 0.23991 -0.23496 -0.94193
vn -0.27488 0.12534 0.95327
vn 0.27488 -0.12534 -0.95327
vn -0.24867 0.1738 0.95287
vn 0.24867 -0.1738 -0.95287
vn -0.24936 0.17102 0.95319
vn 0.24936 -0.17102 -0.95319
vn -0.39483 0.23479 0.88825
vn 0.39483 -0.23479 -0.88825
vn -0.22592 0.4028 0.88697
vn 0.22592 -0.4028 -0.88697
vn -0.18301 0.54918 0.81542
vn 0.18301 -0.54918 -0.81542
vn -0.37525 0.38278 0.8442
vn 0.37525 -0.38278 -0.8442
vn -0.18085 0.4647 0.86681
vn 0.18085 -0.4647 -0.8668
vn -0.19527 0.45268 0.87003
vn 0.19527 -0.45268 -0.87003
vn -0.20396 0.49807 0.84281
vn 0.20396 -0.49807 -0.84281
vn -0.17427 0.52149 0.83527
vn 0.17427 -0.52149 -0.83527
vn -0.17817 0.39437 0.90151
vn 0.17817 -0.39437 -0.90151
vn -0.21972 0.3569 0.90794
vn 0.21972 -0.3569 -0.90794
vn -0.17817 0.39437 0.90151
vn 0.17817 -0.39437 -0.90151
vn -0.1764 0.41503 0.89254
vn 0.1764 -0.41503 -0.89254
vn -0.31774 0.22948 0.91999
vn 0.31774 -0.22948 -0.91999
vn -0.31409 0.15042 0.9374
vn 0.31409 -0.15042 -0.9374
vn -0.32323 0.21131 0.92243
vn 0.32323 -0.21131 -0.92243
vn -0.32308 0.17205 0.9306
vn 0.32308 -0.17205 -0.9306
vn -0.21188 0.34924 0.91277
vn 0.21188 -0.34924 -0.91277
vn -0.32087 0.24204 0.91568
vn 0.32087 -0.24204 -0.91568
vn -0.18633 0.55059 0.81371
vn 0.18633 -0.55059 -0.81371
vn -0.18906 0.54854 0.81447
vn 0.18906 -0.54854 -0.81447
vn -0.26698 0.40283 0.87547
vn 0.26698 -0.40283 -0.87547
vn -0.19782 0.46315 0.86392
vn 0.19782 -0.46315 -0.86392
vn -0.24063 0.50306 0.83008
vn 0.24063 -0.50306 -0.83008
vn -0.25394 0.49209 0.83268
vn 0.25394 -0.49209 -0.83268
vn -0.24064 0.50305 0.83008
vn 0.24064 -0.50305 -0.83008
vn -0.25669 0.38735 0.88547
vn 0.25669 -0.38735 -0.88547
vn -0.10763 0.14301 0.98385
vn 0.10763 -0.14301 -0.98385
vn -0.11942 0.13429 0.98372
vn 0.11942 -0.13429 -0.98372
vn -0.16878 0.15616 0.9732
vn 0.16878 -0.15616 -0.9732
vn -0.13515 0.17065 0.97602
vn 0.13515 -0.17065 -0.97602
vn -0.10803 0.11442 0.98754
vn 0.10803 -0.11442 -0.98754
vn -0.15449 0.1074 0.98214
vn 0.15449 -0.1074 -0.98214
vn -0.13333 0.09512 0.9865
vn 0.13333 -0.09512 -0.9865
vn -0.15021 0.1036 0.98321
vn 0.15021 -0.1036 -0.98321
vn -0.1423 0.36851 0.91867
vn 0.1423 -0.36851 -0.91867
vn -0.15989 0.35275 0.92195
vn 0.15989 -0.35275 -0.92195
vn -0.10365 0.57261 0.81325
vn 0.10365 -0.57261 -0.81325
vn -0.12725 0.55585 0.82149
vn 0.12725 -0.55585 -0.82149
vn -0.0058 0.50227 0.86469
vn 0.0058 -0.50227 -0.86469
vn -0.11501 0.41523 0.90242
vn 0.11501 -0.41523 -0.90242
vn -0.00579 0.50227 0.86469
vn 0.00579 -0.50227 -0.86469
vn -0.00573 0.51828 0.85519
vn 0.00573 -0.51827 -0.85519
vn -0.30088 0.02193 0.95341
vn 0.30088 -0.02193 -0.95341
vn -0.27883 0.13814 0.95035
vn 0.27883 -0.13814 -0.95035
vn -0.29543 0.06022 0.95346
vn 0.29543 -0.06022 -0.95346
vn -0.29308 0.11519 0.94912
vn 0.29308 -0.11519 -0.94912
vn -0.29756 0.08706 0.95073
vn 0.29756 -0.08706 -0.95073
vn -0.23211 0.15627 0.96005
vn 0.23211 -0.15627 -0.96005
vn -0.29969 0.09156 0.94963
vn 0.29969 -0.09156 -0.94963
vn -0.24882 0.16254 0.95481
vn 0.24882 -0.16254 -0.95481
vn -0.23407 0.13547 0.96274
vn 0.23407 -0.13547 -0.96274
vn -0.22473 0.17054 0.95938
vn 0.22473 -0.17054 -0.95938
vn -0.2296 0.15662 0.9606
vn 0.2296 -0.15662 -0.9606
vn -0.33092 0.25347 0.90898
vn 0.33092 -0.25347 -0.90898
vn -0.21895 0.36327 0.90559
vn 0.21895 -0.36327 -0.90559
vn -0.28357 0.30463 0.90928
vn 0.28357 -0.30463 -0.90928
vn -0.31234 0.52986 0.78847
vn 0.31234 -0.52986 -0.78847
vn -0.2853 0.55178 0.78367
vn 0.2853 -0.55178 -0.78367
vn -0.31234 0.52987 0.78847
vn 0.31234 -0.52987 -0.78847
vn -0.32406 0.47518 0.81804
vn 0.32406 -0.47518 -0.81804
vn -0.17459 0.02264 0.98438
vn 0.17459 -0.02264 -0.98438
vn -0.23252 0.16322 0.9588
vn 0.23252 -0.16322 -0.9588
vn -0.17303 0.13536 0.97557
vn 0.17303 -0.13536 -0.97557
vn -0.20465 0.13151 0.96996
vn 0.20466 -0.1315 -0.96996
vn -0.21268 0.16107 0.96375
vn 0.21268 -0.16107 -0.96375
vn -0.17304 0.13538 0.97557
vn 0.17304 -0.13538 -0.97557
vn -0.16068 0.12217 0.97942
vn 0.16067 -0.12216 -0.97942
vn -0.25429 0.08072 0.96375
vn 0.25429 -0.08072 -0.96375
vn -0.08698 0.40659 0.90946
vn 0.08698 -0.40659 -0.90946
vn -0.23358 0.26118 0.9366
vn 0.23351 -0.26118 -0.93662
vn -0.23724 0.3046 0.92246
vn 0.23724 -0.3046 -0.92246
vn -0.24016 0.33746 0.91019
vn 0.24015 -0.33746 -0.91019
vn -0.08698 0.40659 0.90946
vn 0.08698 -0.40659 -0.90946
vn -0.22819 0.26159 0.93782
vn 0.22819 -0.26159 -0.93782
vn -0.2524 0.26758 0.92989
vn 0.2524 -0.26759 -0.92989
vn -0.25667 0.25001 0.93361
vn 0.25667 -0.25001 -0.93361
vn -0.07913 0.55602 0.82739
vn 0.07913 -0.55602 -0.82739
vn -0.09905 0.08306 0.99161
vn 0.09906 -0.08306 -0.99161
vn -0.11186 0.09752 0.98893
vn 0.11186 -0.09752 -0.98893
vn -0.09867 0.12136 0.98769
vn 0.09867 -0.12138 -0.98769
vn -0.09081 0.40645 0.90915
vn 0.09082 -0.40645 -0.90915
vn -0.09228 0.37164 0.92378
vn 0.09228 -0.37161 -0.92379
vn -0.11102 0.41582 0.90264
vn 0.11102 -0.41582 -0.90264
vn -0.13139 0.39719 0.90828
vn 0.13139 -0.39719 -0.90828
vn -0.10386 0.32269 0.94079
vn 0.10386 -0.32269 -0.94079
vn -0.14171 0.39435 0.90797
vn 0.14171 -0.39435 -0.90797
vn -0.10274 0.24277 0.96463
vn 0.10274 -0.24277 -0.96463
vn -0.11164 0.28525 0.95193
vn 0.11164 -0.28525 -0.95193
vn -0.06692 0.25212 0.96538
vn 0.06692 -0.25212 -0.96538
vn 0.1991 -0.02043 0.97977
vn -0.1991 0.02043 -0.97977
vn -0.06707 0.24355 0.96757
vn 0.06707 -0.24356 -0.96756
vn -0.03241 0.36282 0.9313
vn 0.03241 -0.36282 -0.9313
vn -0.06518 0.33388 0.94036
vn 0.06518 -0.33388 -0.94036
vn -0.06499 0.34188 0.9375
vn 0.06499 -0.34188 -0.9375
vn -0.04844 0.33461 0.94111
vn 0.04844 -0.33461 -0.94111
vn -0.08482 0.31617 0.9449
vn 0.08482 -0.31617 -0.9449
vn -0.06381 0.41964 0.90544
vn 0.06381 -0.41964 -0.90544
vn -0.03112 0.44639 0.8943
vn 0.03112 -0.44639 -0.8943
vn -0.06411 0.24643 0.96704
vn 0.06411 -0.24643 -0.96704
vn -0.06703 0.30154 0.95109
vn 0.06703 -0.30154 -0.95109
vn -0.00929 0.43239 0.90164
vn 0.00929 -0.43239 -0.90164
vn -0.0237 0.44648 0.89448
vn 0.0237 -0.44648 -0.89448
vn -0.00621 0.43586 0.89999
vn 0.00621 -0.43586 -0.89999
vn -0.00495 0.43136 0.90217
vn 0.00495 -0.43136 -0.90217
vn -0.00622 0.43241 0.90166
vn 0.00623 -0.43241 -0.90166
vn -0 0.24693 0.96903
vn 0 -0.24693 -0.96903
vn -0.0067 0.24064 0.97059
vn 0.0067 -0.24064 -0.97059
vn -0.0067 0.24216 0.97021
vn 0.0067 -0.24216 -0.97021
vn 0 0.24694 0.96903
vn -0 -0.24694 -0.96903
vn -0.00543 0.24074 0.97058
vn 0.00543 -0.24074 -0.97058
vn -0.00705 0.24031 0.97067
vn 0.00705 -0.24031 -0.97067
vn -0 0.26075 0.96541
vn 0 -0.26075 -0.96541
vn 0 0.26075 0.96541
vn 0 -0.26075 -0.96541
vn 0 0.26075 0.96541
vn 0 -0.26075 -0.96541
vn -0 0.25396 0.96721
vn 0 -0.25396 -0.96721
vn 0 0.25396 0.96722
vn 0 -0.25396 -0.96722
vn -0 0.25396 0.96721
vn 0 -0.25396 -0.96721
vn 0.0016 0.24373 0.96984
vn -0.0016 -0.24373 -0.96984
vn 0.01811 0.26071 0.96525
vn -0.01811 -0.26071 -0.96525
vn 0.01813 0.25653 0.96637
vn -0.01813 -0.25653 -0.96637
vn 0 0.24506 0.96951
vn 0 -0.24506 -0.96951
vn -0.00193 0.25589 0.9667
vn 0.00193 -0.25589 -0.96671
vn 0.01149 0.24532 0.96937
vn -0.01149 -0.24532 -0.96937
vn 0.00121 0.25701 0.96641
vn -0.00121 -0.25701 -0.96641
vn 0.01801 0.28086 0.95958
vn -0.01801 -0.28087 -0.95958
vn -0.01375 0.25394 0.96712
vn 0.01375 -0.25394 -0.96712
vn 0.0181 0.2632 0.96457
vn -0.0181 -0.2632 -0.96457
vn 0.88503 -0.46554 0
vn 0.6023 0.79827 0
vn 0.12511 0.99214 0
vn 0.54354 -0.83938 0
vn 0.88503 -0.46554 0
vn 0.12511 0.99214 0
vn 0.82914 0.55904 0
vn -0.54587 0.83787 0
vn 0.63094 0.77583 0
vn 0.03491 -0.99939 0
vn -0.9761 -0.21733 0
vn 0.54354 -0.83938 0
vn -0.9761 -0.21732 0
vn -0.00104 -1 0
vn 0.54355 -0.83938 0
vn 0.76144 -0.64824 0
vn 0.63766 0.77031 0
vn -0.64088 0.76764 0
vn 0.63091 0.77586 0
vn -0.85405 0.52019 0
vn 0.49594 0.86836 0
vn 0.76145 -0.64823 0
vn 0.72215 0.69174 0
vn 0.72215 0.69173 0
vn 0.99165 0.12894 0
vn 0.98479 -0.17374 0
vn 0.59727 -0.80204 0
vn 0.99165 0.12895 0
vn 0.54272 0.83992 0
vn 0.95577 -0.29412 0
vn 0.54269 0.83993 0
vn -0.74733 0.66445 0
vn -0.89052 0.45495 0
vn 0.72216 0.69173 0
vn 0.95577 -0.29412 0
vn 0.70131 -0.71285 0
vn 0.91431 0.40501 0
vn -0.14831 0.98894 0
vn 0.70136 -0.71281 0
vn 0.8592 0.51164 0
vn 0.58123 -0.81374 0
vn 0.75858 0.65158 0
vn -0.00909 -0.99996 0
vn 0.9717 0.23621 0
vn 0.11973 0.99281 0
vn 0.84687 0.53181 0
vn 0.64509 0.7641 0
vn 0.8592 0.51164 0
vn 0.75858 0.65158 0
vn 0.5812 -0.81376 0
vn -0.14834 0.98894 0
vn 0.5812 -0.81376 0
vn 0.33596 -0.94188 0
vn 0.89675 0.44254 0
vn 0.32775 0.94476 0
vn -0.39218 0.91989 0
vn 0.33672 -0.94161 0
vn -0.39208 0.91993 0
vn 0.96719 0.25407 0
vn 0.21598 0.9764 0
vn -0.1909 0.98161 0
vn 0.64507 0.76412 0
vn 0.33671 -0.94161 0
vn -0.6676 -0.74452 0
vn -0.6676 -0.74452 0
vn -0.19089 0.98161 0
vn -0.63597 0.77171 0
vn -0.15918 0.98725 0
vn -0.6676 -0.74452 0
vn -0.66759 -0.74453 0
vn -0.15917 0.98725 0
vn 0.26407 0.9645 0
vn 0.38012 0.92494 0
vn -0.66759 -0.74452 0
vn -0.6676 -0.74452 0
vn 0.92118 0.38913 0
vn 0.38011 0.92494 0
vn 0.11437 0.99344 0
vn 0.69603 0.71801 0
vn 0.92118 0.38913 0
vn -0.6676 -0.74452 0
vn -0.6676 -0.74452 0
vn -0.30377 0.95275 0
vn 0.92782 0.37303 0
vn -0.52341 0.85208 0
vn 0.02539 -0.99968 0
vn -0.82173 -0.56987 0
vn -0.34681 0.93793 0
vn -0.78024 0.62548 0
vn -0.78027 0.62544 0
vn -0.6676 -0.74452 0
vn -0.66759 -0.74452 0
vn -0.52336 0.85211 0
vn -0.52342 0.85208 0
vn -1 0 0
vn -0.38366 0.92348 0
vn -0.83627 -0.54832 0
vn -0.55848 -0.82952 0
vn 0.0254 -0.99968 0
vn 0.35979 0.93303 0
vn -0.7803 0.6254 0
vn -0.11298 0.9936 0
vn 0.78927 0.61404 0
vn 0.02819 0.9996 0
vn 0.35981 0.93303 0
vn -0.6676 -0.74452 0
vn -0.66759 -0.74453 0
vn 0.35983 0.93302 0
vn -0.78765 0.61613 0
vn 0.44541 0.89533 0
vn -0.84605 0.5331 0
vn -0.78768 0.61609 0
vn 0.44547 0.8953 0
vn -0.84608 0.53305 0
vn 0.09768 0.99522 0
vn -0.6676 -0.74452 0
vn 0.99795 -0.06395 0
vn 0.70131 -0.71285 0
vn -0.89049 0.45501 0
vn -0.89052 0.45494 0
vn 0.99795 -0.06395 0
vn -0.6676 -0.74452 0
vn 1 0 0
vn 0.59725 -0.80206 0
vn -0.64086 0.76765 0
vn -0.64088 0.76764 0
vn -0.66763 -0.74449 0
vn -0.6676 -0.74452 0
vn -0.99833 -0.05785 0
vn -0.99833 -0.05785 0
vn -0.72133 -0.69259 0
vn -0.11835 -0.99297 0
vn 0.99932 0.03675 0
vn -0.81428 -0.58048 0
vn 0.99907 -0.04323 0
vn 0.03484 -0.99939 0
vn -0.81428 -0.58047 0
vn 0.99907 -0.04323 0
vn 0.99932 0.03674 0
vn -0.11834 -0.99297 0
vn 0 0.26075 0.96541
vn -0 -0.26075 -0.96541
vn 0 0.26075 0.96541
vn 0 -0.26075 -0.96541
vn 0 0.26075 0.96541
vn -0 -0.26076 -0.9654
vn -0 0.26075 0.96541
vn 0 -0.26075 -0.96541
vn 2E-05 0.26075 0.96541
vn -3E-05 -0.26075 -0.96541
vn 0 0.25396 0.96721
vn 0 -0.25396 -0.96721
vn -0 0.25396 0.96721
vn 0 -0.25396 -0.96721
vn 0 0.25396 0.96721
vn 0 -0.25396 -0.96721
vn 0 0.25866 0.96597
vn 0 -0.25866 -0.96597
vn -0.00787 0.30222 0.95321
vn 0.00787 -0.30222 -0.95321
vn -0.06412 0.24642 0.96704
vn 0.06412 -0.24642 -0.96704
vn -0.00143 0.26683 0.96374
vn 0.00143 -0.26683 -0.96374
vn -0.00797 0.26074 0.96538
vn 0.00797 -0.26074 -0.96538
vn -0.01916 0.26177 0.96494
vn 0.01916 -0.26177 -0.96494
vn -0.10915 0.41912 0.90135
vn 0.10915 -0.41912 -0.90135
vn -0.13277 0.28338 0.94977
vn 0.13277 -0.28338 -0.94977
vn -0.11466 0.30023 0.94695
vn 0.11466 -0.30023 -0.94695
vn -0.11467 0.30023 0.94695
vn 0.11467 -0.30023 -0.94695
vn -0.17085 0.22849 0.95844
vn 0.17085 -0.22849 -0.95844
vn -0.13351 0.26444 0.95512
vn 0.13351 -0.26444 -0.95512
vn -0.14422 0.25263 0.95676
vn 0.14422 -0.25263 -0.95676
vn -0.16593 0.32556 0.93085
vn 0.16593 -0.32555 -0.93085
vn -0.08784 0.30321 0.94887
vn 0.08783 -0.30322 -0.94887
vn -0.15312 0.25682 0.95425
vn 0.15312 -0.25681 -0.95425
vn -0.12579 0.26902 0.95489
vn 0.12579 -0.26902 -0.95489
vn -0.1446 0.30618 0.94093
vn 0.1446 -0.30618 -0.94093
vn -0.08909 0.25646 0.96244
vn 0.08909 -0.25646 -0.96244
vn -0.09431 0.25266 0.96295
vn 0.09431 -0.25266 -0.96295
vn -0.08303 0.2618 0.96154
vn 0.08303 -0.2618 -0.96154
vn -0.0943 0.25268 0.96294
vn 0.0943 -0.25268 -0.96294
vn -0.04911 0.2615 0.96395
vn 0.04911 -0.2615 -0.96395
vn -0.0941 0.26066 0.96083
vn 0.0941 -0.26066 -0.96083
vn -0.04852 0.30144 0.95225
vn 0.04852 -0.30144 -0.95225
vn -0.08898 0.27122 0.9584
vn 0.08898 -0.27122 -0.9584
vn -0.04876 0.28628 0.95691
vn 0.04876 -0.28628 -0.95691
vn -0.17817 0.39437 0.90152
vn 0.17817 -0.39437 -0.90151
vn -0.29294 0.30706 0.90548
vn 0.29294 -0.30706 -0.90548
vn -0.1764 0.41502 0.89254
vn 0.1764 -0.41502 -0.89254
vn -0.1764 0.41503 0.89255
vn 0.1764 -0.41503 -0.89255
vn -0.13125 0.42555 0.89537
vn 0.13125 -0.42555 -0.89537
vn -0.29611 0.27309 0.91528
vn 0.29611 -0.27309 -0.91528
vn -0.24063 0.50306 0.83008
vn 0.24063 -0.50306 -0.83008
vn -0 0.58821 0.80871
vn 0 -0.58821 -0.80871
vn -0.2567 0.38735 0.88548
vn 0.2567 -0.38735 -0.88548
vn -0.25669 0.38735 0.88548
vn 0.25669 -0.38735 -0.88548
vn 0.01502 0.33455 0.94226
vn -0.01502 -0.33455 -0.94226
vn 0 0.32115 0.94703
vn 0 -0.32115 -0.94703
vn -0.02422 0.3972 0.91741
vn 0.02422 -0.3972 -0.91741
vn 0.0144 0.42922 0.90309
vn -0.0144 -0.42922 -0.90309
vn -0.00994 0.39728 0.91764
vn 0.00994 -0.39728 -0.91764
vn -0.02321 0.40499 0.91403
vn 0.02321 -0.40499 -0.91403
vn -0.03029 0.39205 0.91945
vn 0.03029 -0.39205 -0.91945
vn -0.02292 0.32032 0.94703
vn 0.02292 -0.32029 -0.94704
vn -0.025 0.32058 0.94689
vn 0.025 -0.32057 -0.94689
vn -0.02481 0.32061 0.94689
vn 0.02481 -0.32061 -0.94689
vn -0.02352 0.32012 0.94708
vn 0.02352 -0.32012 -0.94708
vn -0.02297 0.31874 0.94756
vn 0.02297 -0.31874 -0.94756
vn -0.02482 0.31878 0.9475
vn 0.02482 -0.31878 -0.9475
vn -0.02392 0.31986 0.94716
vn 0.02392 -0.31986 -0.94716
vn -0.02576 0.32076 0.94681
vn 0.02576 -0.32076 -0.94681
vn -0.02503 0.31997 0.9471
vn 0.02503 -0.31997 -0.9471
vn -0.03054 0.31954 0.94708
vn 0.03054 -0.31954 -0.94708
vn -0.02301 0.30881 0.95085
vn 0.02301 -0.30881 -0.95085
vn -0 0.39731 0.91768
vn 0 -0.39731 -0.91768
vn 1E-05 0.32068 0.94719
vn -1E-05 -0.32067 -0.94719
vn 0 0.32069 0.94718
vn 0 -0.32069 -0.94718
vn 0 0.32071 0.94718
vn -0 -0.32071 -0.94718
vn -0.00579 0.50227 0.86469
vn 0.0058 -0.50227 -0.86469
vn -0.04428 0.48938 0.87094
vn 0.04428 -0.48938 -0.87094
vn -0.00573 0.51828 0.85519
vn 0.00572 -0.51828 -0.85519
vn -0.00573 0.51828 0.85519
vn 0.00573 -0.51828 -0.85519
vn -0 0.61414 0.7892
vn 0 -0.61414 -0.7892
vn -0.04108 0.58771 0.80803
vn 0.04108 -0.58771 -0.80803
vn -0 0.33459 0.94236
vn 0 -0.33459 -0.94236
vn -0 0.3973 0.91769
vn 0 -0.3973 -0.91769
vn 0 0.39731 0.91768
vn 0 -0.39731 -0.91768
vn 0 0.3973 0.91769
vn -0 -0.3973 -0.91769
vn -0.03472 0.25962 0.96509
vn 0.03471 -0.25963 -0.96509
vn -0.04042 0.23878 0.97023
vn 0.04042 -0.23878 -0.97023
vn -0.0349 0.24031 0.97007
vn 0.03489 -0.24031 -0.97007
vn -0.31235 0.52986 0.78847
vn 0.31235 -0.52986 -0.78847
vn -0.11625 0.63219 0.76605
vn 0.11625 -0.63219 -0.76605
vn -0.32406 0.47518 0.81804
vn 0.32406 -0.47518 -0.81804
vn -0.32406 0.47518 0.81804
vn 0.32406 -0.47518 -0.81804
vn -0 0.5809 0.81398
vn 0 -0.5809 -0.81398
vn -0.13115 0.48563 0.86427
vn 0.13115 -0.48563 -0.86427
vn -0.01644 0.60377 0.79699
vn 0.01644 -0.60377 -0.79699
vn -0.015 0.33846 0.94086
vn 0.015 -0.33846 -0.94086
vn -0.01943 0.33453 0.94219
vn 0.01943 -0.33453 -0.94219
vn -0.0199 0.39723 0.9175
vn 0.01989 -0.39723 -0.9175
vn -0.06964 0.36084 0.93002
vn 0.06964 -0.36084 -0.93002
vn -0.0484 0.41487 0.90859
vn 0.0484 -0.41488 -0.90859
vn -0.05184 0.34983 0.93538
vn 0.05184 -0.34983 -0.93538
vn -0.0148 0.37159 0.92828
vn 0.0148 -0.37159 -0.92828
vn -0.02822 0.35746 0.9335
vn 0.02822 -0.35746 -0.9335
vn -0.07066 0.32329 0.94366
vn 0.07066 -0.32329 -0.94366
vn -0.06428 0.32476 0.94361
vn 0.06428 -0.32475 -0.94361
vn -0.07015 0.32479 0.94318
vn 0.07015 -0.32479 -0.94318
vn -0.06769 0.32567 0.94306
vn 0.06769 -0.32567 -0.94306
vn -0.06556 0.2632 0.96251
vn 0.06556 -0.2632 -0.96251
vn -0.04168 0.28877 0.95649
vn 0.04169 -0.28877 -0.95649
vn -0.03373 0.28743 0.95721
vn 0.03373 -0.28743 -0.95721
vn -0.05397 0.2594 0.96426
vn 0.05396 -0.2594 -0.96426
vn -0.05383 0.28786 0.95616
vn 0.05383 -0.28786 -0.95616
vn -0.04133 0.26208 0.96416
vn 0.04133 -0.26208 -0.96416
vn -0.03419 0.23883 0.97046
vn 0.03419 -0.23883 -0.97046
vn -0.06553 0.2086 0.9758
vn 0.06553 -0.2086 -0.9758
vn -0.08698 0.40659 0.90946
vn 0.08698 -0.40659 -0.90946
vn -0.12441 0.52291 0.84326
vn 0.12441 -0.52291 -0.84326
vn -0.07914 0.55601 0.8274
vn 0.07914 -0.55601 -0.8274
vn -0.07913 0.55602 0.82739
vn 0.07913 -0.55602 -0.82739
vn -0.03787 0.67708 0.73494
vn 0.03787 -0.67708 -0.73494
vn -0.11306 0.63242 0.76633
vn 0.11306 -0.63242 -0.76633
vn -0.06968 0.56133 0.82465
vn 0.06968 -0.56133 -0.82465
vn -0.0419 0.58039 0.81326
vn 0.0419 -0.58039 -0.81326
vn -0.10344 0.5781 0.80938
vn 0.10344 -0.5781 -0.80938
vn -0.0672 0.60248 0.7953
vn 0.0672 -0.60248 -0.7953
vn -0.0612 0.3873 0.91992
vn 0.0612 -0.3873 -0.91992
vn -0.1194 0.33608 0.93423
vn 0.1194 -0.33608 -0.93423
vn -0.04713 0.35534 0.93355
vn 0.04713 -0.35534 -0.93355
vn -0.06219 0.34963 0.93482
vn 0.06219 -0.34963 -0.93482
vn -0.04893 0.36294 0.93053
vn 0.04893 -0.36294 -0.93053
vn -0.04291 0.36653 0.92942
vn 0.04291 -0.36653 -0.92942
vn -0.14511 0.29278 0.94511
vn 0.14511 -0.29277 -0.94511
vn -0.04767 0.32605 0.94415
vn 0.04767 -0.32605 -0.94415
vn -0.15985 0.28179 0.94607
vn 0.15985 -0.28179 -0.94607
vn -0.14542 0.28595 0.94715
vn 0.14542 -0.28595 -0.94715
vn -0.09792 0.17195 0.98023
vn 0.09792 -0.17195 -0.98023
vn -0.3341 0.1727 0.92658
vn 0.3341 -0.1727 -0.92658
vn -0.12249 0.40507 0.90605
vn 0.12249 -0.40507 -0.90605
vn -0.09558 0.2743 0.95688
vn 0.09558 -0.2743 -0.95688
vn -0.16331 0.35052 0.92221
vn 0.16331 -0.35052 -0.92221
vn 0.05265 0.50539 0.86128
vn -0.05265 -0.50539 -0.86128
vn -0.06623 0.6641 0.74471
vn 0.06623 -0.6641 -0.74471
vn -0.29299 0.50388 0.81256
vn 0.29299 -0.50388 -0.81256
vn -0.07362 0.67137 0.73746
vn 0.07362 -0.67137 -0.73746
vn -0.06527 0.67612 0.7339
vn 0.06527 -0.67612 -0.7339
vn -0.0299 0.59625 0.80224
vn 0.0299 -0.59625 -0.80224
vn -0.08224 0.56079 0.82386
vn 0.08224 -0.56079 -0.82386
vn -0.07335 0.55125 0.83111
vn 0.07335 -0.55125 -0.83111
vn -0.03032 0.58095 0.81337
vn 0.03032 -0.58095 -0.81337
vn -0.14427 0.3307 0.93264
vn 0.14427 -0.3307 -0.93264
vn -0.08107 0.38675 0.91861
vn 0.08107 -0.38675 -0.91861
vn -0.09715 0.36166 0.92723
vn 0.09714 -0.36166 -0.92724
vn -0.13688 0.44527 0.88487
vn 0.13688 -0.44527 -0.88487
vn -0.03707 0.44919 0.89267
vn 0.03707 -0.44919 -0.89267
vn 0.02385 0.33667 0.94132
vn -0.02385 -0.33667 -0.94132
vn -0.06427 0.37347 0.92541
vn 0.06427 -0.37347 -0.92541
vn -0.04024 0.24353 0.96906
vn 0.04024 -0.24353 -0.96906
vn -0.03774 0.24918 0.96772
vn 0.03774 -0.24918 -0.96772
vn -0.17323 0.2048 0.96335
vn 0.17323 -0.2048 -0.96335
vn -0.19505 0.20395 0.95935
vn 0.19506 -0.20395 -0.95935
vn -0.12693 0.1794 0.97555
vn 0.12693 -0.1794 -0.97555
vn -0.19827 0.09861 0.97517
vn 0.19827 -0.09861 -0.97517
vn -0.12691 0.1869 0.97415
vn 0.12691 -0.1869 -0.97415
vn -0.19403 0.22735 0.95429
vn 0.19403 -0.22735 -0.95429
vn -0.08841 0.2837 0.95483
vn 0.0884 -0.2837 -0.95483
vn -0.17126 0.18052 0.96854
vn 0.17126 -0.18052 -0.96854
vn -0.23634 0.13847 0.96175
vn 0.23634 -0.13847 -0.96175
vn -0.06894 0.66397 0.74457
vn 0.06894 -0.66397 -0.74457
vn -0 0.70151 0.71266
vn 0 -0.70151 -0.71266
vn 0 0.6732 0.73946
vn 0 -0.6732 -0.73946
vn 0 0.59652 0.8026
vn 0 -0.59652 -0.8026
vn 0.02937 0.61502 0.78797
vn -0.02937 -0.61502 -0.78797
vn 0.03105 0.55247 0.83295
vn -0.03105 -0.55247 -0.83295
vn -0 0.53061 0.84762
vn 0 -0.5306 -0.84762
vn 0 0.3342 0.9425
vn 0 -0.3342 -0.9425
vn 2E-05 0.3342 0.9425
vn -2E-05 -0.3342 -0.9425
vn -0 0.33419 0.94251
vn 0 -0.33419 -0.94251
vn -1E-05 0.33419 0.9425
vn 1E-05 -0.33419 -0.9425
vn 0 0.33419 0.9425
vn -0 -0.33419 -0.9425
vn 1E-05 0.3342 0.9425
vn -1E-05 -0.3342 -0.9425
vn 0 0.43372 0.90105
vn 0 -0.43372 -0.90105
vn -0.03319 0.44925 0.89279
vn 0.03319 -0.44925 -0.89279
vn -0.03209 0.44909 0.89291
vn 0.03209 -0.44909 -0.89291
vn -0.06567 0.39536 0.91618
vn 0.06567 -0.39536 -0.91618
vn 0.02217 0.44121 0.89713
vn -0.02217 -0.44121 -0.89713
vn -0.06567 0.39535 0.91618
vn 0.06567 -0.39535 -0.91618
vn -0.06885 0.26979 0.96046
vn 0.06884 -0.26979 -0.96046
vn -0.06884 0.26979 0.96046
vn 0.06884 -0.26979 -0.96046
vn -0.07619 0.25051 0.96511
vn 0.07619 -0.25051 -0.96511
vn -0.17329 0.09909 0.97987
vn 0.17329 -0.09909 -0.97987
vn -0.08263 0.27734 0.95721
vn 0.08263 -0.27734 -0.95721
vn -0.07546 0.284 0.95585
vn 0.07546 -0.284 -0.95585
vn -0 0.73081 0.68258
vn 0 -0.73081 -0.68258
vn -0.0614 0.70018 0.71132
vn 0.06141 -0.70018 -0.71132
vn 0 0.61528 0.78831
vn 0 -0.61528 -0.78831
vn -0.17119 0.41995 0.89126
vn 0.17119 -0.41995 -0.89126
vn -0.03158 0.53034 0.8472
vn 0.03158 -0.53034 -0.8472
vn -0.13141 0.3313 0.93433
vn 0.13141 -0.3313 -0.93433
vn -0.05036 0.43982 0.89667
vn 0.05036 -0.43982 -0.89667
vn -0.14713 0.34591 0.92666
vn 0.14713 -0.34591 -0.92666
vn -0.8019 -0.48567 0.34796
vn 0.8019 0.48567 -0.34796
vn -0.17246 0.4051 0.89786
vn 0.17246 -0.4051 -0.89786
vn -0.63044 -0.11317 0.76794
vn 0.63044 0.11317 -0.76794
vn -0.0515 0.39568 0.91694
vn 0.0515 -0.39568 -0.91694
vn -0.07475 0.37573 0.92371
vn 0.07475 -0.37573 -0.92371
vn -0.06894 0.39526 0.91598
vn 0.06893 -0.39526 -0.91598
vn -0.05267 0.39372 0.91772
vn 0.05267 -0.39372 -0.91772
vn -0.05176 0.39467 0.91736
vn 0.05176 -0.39467 -0.91736
vn -0.07664 0.31191 0.94702
vn 0.07664 -0.31191 -0.94702
vn -0 0.37223 0.92814
vn 0 -0.37223 -0.92814
vn -0.10041 0.29083 0.95149
vn 0.10041 -0.29083 -0.95149
vn -0.2072 0.21004 0.95549
vn 0.2072 -0.21004 -0.95549
vn -0.18313 0.247 0.95156
vn 0.18313 -0.247 -0.95156
vn -0.18835 0.24586 0.95083
vn 0.18835 -0.24586 -0.95083
vn -0.04097 0.41863 0.90723
vn 0.04097 -0.41863 -0.90723
vn -0.20391 0.27245 0.94032
vn 0.20391 -0.27245 -0.94032
vn -0.17745 0.64852 0.74023
vn 0.17745 -0.64851 -0.74023
vn -0.03081 0.73047 0.68225
vn 0.03081 -0.73047 -0.68225
vn -0 0.75464 0.65614
vn 0 -0.75464 -0.65614
vn -0.17455 0.66286 0.72811
vn 0.17455 -0.66286 -0.72811
vn 0.02937 0.61502 0.78797
vn -0.02937 -0.61502 -0.78797
vn -0 0.39805 0.91736
vn 0 -0.39805 -0.91736
vn 0.0337 0.426 0.9041
vn -0.0337 -0.426 -0.9041
vn -0 0.44038 0.89781
vn 0 -0.44038 -0.89781
vn -0.00506 0.37243 0.92804
vn 0.00506 -0.37243 -0.92805
vn 0 0.37678 0.9263
vn 0 -0.37678 -0.9263
vn -0 0.3748 0.92711
vn 0 -0.3748 -0.92711
vn -0.00506 0.37223 0.92813
vn 0.00506 -0.37223 -0.92813
vn -0.00019 0.37657 0.92639
vn 0.00019 -0.37658 -0.92639
vn 0.00445 0.3804 0.92481
vn -0.00446 -0.3804 -0.92481
vn -0.00323 0.37586 0.92667
vn 0.00324 -0.37586 -0.92667
vn -0.04582 0.33056 0.94267
vn 0.04582 -0.33056 -0.94267
vn 0 0.34908 0.93709
vn 0 -0.34908 -0.93709
vn -0.04074 0.33841 0.94012
vn 0.04074 -0.33841 -0.94012
vn -0.88634 -0.22247 0.40609
vn 0.88635 0.22248 -0.40606
vn -0.04716 0.23705 0.97035
vn 0.04716 -0.23705 -0.97035
vn -0.0397 0.36653 0.92956
vn 0.0397 -0.36653 -0.92956
vn -0.11897 0.21317 0.96974
vn 0.11897 -0.21317 -0.96974
vn -0.13169 0.20812 0.9692
vn 0.13169 -0.20812 -0.9692
vn -0 0.45017 0.89294
vn 0 -0.45017 -0.89294
vn -0.03875 0.41866 0.90731
vn 0.03875 -0.41866 -0.90731
vn 0.15798 0.73535 0.65902
vn -0.15798 -0.73535 -0.65902
vn 0 0.65897 0.75217
vn 0 -0.65897 -0.75217
vn 0.10322 0.72407 0.68196
vn -0.10322 -0.72407 -0.68196
vn 0.15538 0.74547 0.64817
vn -0.15538 -0.74547 -0.64817
vn 0.00098 0.53323 0.84597
vn -0.00098 -0.53323 -0.84597
vn 0.11847 0.61095 0.78275
vn -0.11847 -0.61095 -0.78275
vn -0 0.39716 0.91775
vn 0 -0.39716 -0.91775
vn 0.00107 0.39805 0.91736
vn -0.00107 -0.39805 -0.91736
vn -0.00144 0.43922 0.89838
vn 0.00144 -0.43922 -0.89838
vn -0.01359 0.36196 0.93209
vn 0.01359 -0.36196 -0.93209
vn -0.00148 0.37244 0.92806
vn 0.00148 -0.37244 -0.92806
vn -0.01482 0.37653 0.92628
vn 0.01487 -0.37653 -0.92628
vn -0.01681 0.3737 0.9274
vn 0.01681 -0.3737 -0.9274
vn -0.01395 0.37652 0.9263
vn 0.01395 -0.37652 -0.9263
vn -0.0126 0.37558 0.9267
vn 0.0126 -0.37558 -0.9267
vn -0.01351 0.37576 0.92662
vn 0.01351 -0.37576 -0.92662
vn -0.01375 0.37471 0.92704
vn 0.01375 -0.37471 -0.92704
vn -0.01735 0.28904 0.95716
vn 0.01735 -0.28904 -0.95716
vn -0.05917 0.26481 0.96248
vn 0.05917 -0.26481 -0.96248
vn -0.01875 0.28533 0.95825
vn 0.01875 -0.28533 -0.95825
vn -0 0.37062 0.92878
vn 0 -0.37062 -0.92878
vn -0.00241 0.36681 0.93029
vn 0.00241 -0.36681 -0.93029
vn -0.00854 0.36307 0.93172
vn 0.00854 -0.36307 -0.93172
vn 0.03312 0.47614 0.87875
vn -0.03312 -0.47614 -0.87875
vn -0 0.73318 0.68004
vn 0 -0.73318 -0.68004
vn 0.02515 0.74447 0.66719
vn -0.02515 -0.74447 -0.66719
vn 0.006 0.73075 0.68261
vn -0.006 -0.73075 -0.68261
vn 0 0.72795 0.68563
vn 0 -0.72795 -0.68563
vn -0 0.52788 0.84932
vn 0 -0.52788 -0.84932
vn 0.00743 0.53322 0.84594
vn -0.00743 -0.53322 -0.84594
vn -0.00991 0.43118 0.90221
vn 0.00991 -0.43118 -0.90221
vn 0 0.43922 0.89838
vn 0 -0.43922 -0.89838
vn -0 0.37084 0.9287
vn 0 -0.37084 -0.9287
vn -0.01024 0.36198 0.93213
vn 0.01024 -0.36198 -0.93213
vn 0.01973 0.23013 0.97296
vn -0.01973 -0.23013 -0.97296
vn -0 0.12517 0.99213
vn 0 -0.12517 -0.99213
vn -0.01454 0.08746 0.99606
vn 0.01454 -0.08745 -0.99606
vn 0.03904 0.40377 0.91403
vn -0.03904 -0.40377 -0.91403
vn 7E-05 0.37062 0.92878
vn -4E-05 -0.37062 -0.92878
vn 0 0.37062 0.92878
vn 0 -0.37062 -0.92878
vn 0.13688 0.54857 0.82482
vn -0.13688 -0.54857 -0.82482
vn 0.03753 0.47606 0.87861
vn -0.03753 -0.47606 -0.87861
vn 0.06941 0.70929 0.70149
vn -0.06941 -0.70929 -0.70149
vn 0.11214 0.72855 0.67575
vn -0.11214 -0.72855 -0.67575
vn 0.10755 0.74604 0.65716
vn -0.10755 -0.74604 -0.65716
vn 0.06739 0.72911 0.68108
vn -0.06739 -0.72911 -0.68108
vn -0 0.41631 0.90922
vn 0 -0.41631 -0.90922
vn 0.13767 0.52286 0.84123
vn -0.13767 -0.52286 -0.84123
vn -0.00582 0.42645 0.90449
vn 0.00582 -0.42645 -0.90449
vn 0 0.4312 0.90225
vn 0 -0.4312 -0.90225
vn -0.028 0.35167 0.93571
vn 0.028 -0.35167 -0.93571
vn -0.00597 0.37084 0.92868
vn 0.00597 -0.37084 -0.92868
vn -0.05374 0.35094 0.93486
vn 0.05374 -0.35094 -0.93486
vn -0.02774 0.37361 0.92717
vn 0.02774 -0.37361 -0.92717
vn -0.07115 0.2933 0.95337
vn 0.07115 -0.2933 -0.95337
vn -0.05557 0.24943 0.9668
vn 0.05557 -0.24943 -0.9668
vn -0.10318 0.24848 0.96313
vn 0.10318 -0.24848 -0.96313
vn -0.07726 0.29528 0.95228
vn 0.07726 -0.29527 -0.95228
vn -0.09091 0.27833 0.95617
vn 0.09091 -0.27833 -0.95617
vn -0.12154 0.33867 0.93302
vn 0.12153 -0.33867 -0.93302
vn -0.10369 0.22893 0.9679
vn 0.10369 -0.22893 -0.9679
vn -0.11024 0.22441 0.96824
vn 0.11024 -0.22441 -0.96824
vn -0.11011 0.22877 0.96723
vn 0.11012 -0.22877 -0.96723
vn -0.10573 0.2236 0.96893
vn 0.10573 -0.2236 -0.96893
vn -0.10551 0.22789 0.96795
vn 0.10551 -0.22789 -0.96795
vn -0.11141 0.17369 0.97848
vn 0.11141 -0.17369 -0.97848
vn -0.09278 0.08786 0.9918
vn 0.09278 -0.08786 -0.9918
vn -0.07661 0.12481 0.98922
vn 0.07661 -0.12481 -0.98922
vn -0.08403 0.12042 0.98916
vn 0.08403 -0.12042 -0.98916
vn 0.03839 0.50116 0.8645
vn -0.03839 -0.50116 -0.8645
vn -0.08526 0.40261 0.91139
vn 0.08526 -0.40261 -0.91139
vn 0.17103 0.63737 0.75134
vn -0.17103 -0.63737 -0.75134
vn 0.03695 0.5534 0.83209
vn -0.03695 -0.5534 -0.83209
vn 0.12409 0.68589 0.71704
vn -0.12409 -0.68589 -0.71704
vn 0.15805 0.70207 0.69434
vn -0.15806 -0.70207 -0.69434
vn 0.00175 0.69425 0.71973
vn -0.00175 -0.69425 -0.71973
vn 0.11365 0.74553 0.65672
vn -0.11365 -0.74553 -0.65671
vn -0 0.41448 0.91006
vn 0 -0.41448 -0.91006
vn 0.00221 0.41631 0.90922
vn -0.00221 -0.41631 -0.90922
vn -0.05481 0.34989 0.93519
vn 0.05481 -0.34989 -0.93519
vn -0.02374 0.44959 0.89292
vn 0.02374 -0.44959 -0.89292
vn -0.05294 0.42586 0.90324
vn 0.05294 -0.42586 -0.90324
vn -0.01174 0.36317 0.93165
vn 0.01174 -0.36317 -0.93165
vn -0.02488 0.3517 0.93578
vn 0.02488 -0.3517 -0.93578
vn -0 0.36172 0.93229
vn 0 -0.36172 -0.93229
vn -0.01179 0.35142 0.93614
vn 0.01179 -0.35142 -0.93614
vn -0.0002 0.24982 0.96829
vn 0.0002 -0.24982 -0.96829
vn 0 0.24891 0.96853
vn 0 -0.24891 -0.96853
vn -0.00032 0.24951 0.96837
vn 0.00032 -0.24951 -0.96837
vn -0.00049 0.25014 0.96821
vn 0.00049 -0.25013 -0.96821
vn -2E-05 0.24915 0.96846
vn 2E-05 -0.24915 -0.96846
vn -0.00034 0.24991 0.96827
vn 0.00034 -0.2499 -0.96827
vn -0.05983 0.27036 0.9609
vn 0.05983 -0.27036 -0.9609
vn -0.00619 0.14306 0.98969
vn 0.00619 -0.14306 -0.98969
vn -0.01827 0.08823 0.99593
vn 0.01827 -0.08823 -0.99593
vn -0.06184 0.0986 0.9932
vn 0.06184 -0.0986 -0.9932
vn -0.36931 -0.23368 0.89945
vn 0.36931 0.23368 -0.89945
vn 0.08236 0.56387 0.82174
vn -0.08236 -0.56387 -0.82174
vn -0.00541 0.50152 0.86513
vn 0.00541 -0.50152 -0.86513
vn 0.13692 0.67752 0.72265
vn -0.13692 -0.67752 -0.72265
vn 0.07621 0.64502 0.76036
vn -0.07621 -0.64502 -0.76036
vn 0.13379 0.68393 0.71718
vn -0.13379 -0.68393 -0.71718
vn 0.13565 0.68485 0.71595
vn -0.13565 -0.68485 -0.71595
vn -0 0.61408 0.78925
vn 0 -0.61408 -0.78925
vn 0.13307 0.68808 0.71333
vn -0.13307 -0.68808 -0.71333
vn -0.01222 0.33965 0.94047
vn 0.01222 -0.33965 -0.94047
vn 0 0.35042 0.93659
vn 0 -0.35042 -0.93659
vn -0 0.4589 0.88849
vn 0 -0.4589 -0.88849
vn -0.0116 0.44969 0.89311
vn 0.0116 -0.44969 -0.89311
vn -0.00472 0.35909 0.93329
vn 0.00472 -0.35909 -0.93329
vn 0 0.3632 0.93171
vn 0 -0.3632 -0.93171
vn -0.01407 0.24328 0.96985
vn 0.01408 -0.24328 -0.96985
vn -0.08359 0.27864 0.95675
vn 0.08359 -0.27864 -0.95675
vn 0.10425 0.33128 0.93776
vn -0.10425 -0.33128 -0.93776
vn -0.01383 0.30166 0.95332
vn 0.01384 -0.30166 -0.95332
vn -0.02304 0.30789 0.95114
vn 0.02304 -0.30789 -0.95114
vn -0.10858 0.27066 0.95653
vn 0.10858 -0.27066 -0.95653
vn -0.0837 0.27405 0.95807
vn 0.0837 -0.27405 -0.95807
vn -0.06592 0.21767 0.97379
vn 0.06592 -0.21767 -0.97379
vn -0.05411 0.27045 0.96121
vn 0.05411 -0.27045 -0.96121
vn 0.01091 0.32592 0.94533
vn -0.01091 -0.32592 -0.94533
vn -0.00329 0.20447 0.97887
vn 0.00329 -0.20447 -0.97887
vn -0.06684 0.14274 0.9875
vn 0.06684 -0.14274 -0.9875
vn 0.13942 0.65283 0.74456
vn -0.13942 -0.65283 -0.74456
vn -0.00277 0.56579 0.82454
vn 0.00277 -0.56579 -0.82454
vn 0.1772 0.69787 0.69396
vn -0.1772 -0.69787 -0.69396
vn 0.13535 0.67767 0.72281
vn -0.13535 -0.67767 -0.72281
vn 0.1901 0.68274 0.7055
vn -0.1901 -0.68274 -0.7055
vn 0.18171 0.67864 0.71164
vn -0.18171 -0.67864 -0.71164
vn 0.11239 0.53746 0.83577
vn -0.11239 -0.53746 -0.83577
vn 0.20801 0.60064 0.77198
vn -0.20801 -0.60064 -0.77198
vn 0.04425 0.34517 0.9375
vn -0.04425 -0.34517 -0.9375
vn 0.12147 0.41141 0.90332
vn -0.12147 -0.41142 -0.90332
vn -0 0.29953 0.95409
vn 0 -0.29953 -0.95409
vn 0.04435 0.33934 0.93962
vn -0.04435 -0.33934 -0.93962
vn -0.09621 0.37914 0.92032
vn 0.09621 -0.37914 -0.92032
vn -0.02369 0.42017 0.90714
vn 0.02369 -0.42017 -0.90714
vn -0.0971 0.3574 0.92889
vn 0.0971 -0.3574 -0.92889
vn -0.09532 0.30223 0.94846
vn 0.09532 -0.30223 -0.94846
vn -0.0243 0.3657 0.93042
vn 0.0243 -0.3657 -0.93042
vn -0.00279 0.24917 0.96845
vn 0.00279 -0.24917 -0.96845
vn -0.09876 0.1569 0.98266
vn 0.09876 -0.1569 -0.98266
vn -0 0.3081 0.95135
vn 0 -0.3081 -0.95135
vn -0.00274 0.30562 0.95215
vn 0.00274 -0.30562 -0.95215
vn -0.00182 0.3081 0.95135
vn 0.00182 -0.3081 -0.95135
vn -0.00137 0.30607 0.95201
vn 0.00137 -0.30607 -0.95201
vn 0.00805 0.31536 0.94894
vn -0.00805 -0.31536 -0.94894
vn 1E-05 0.2433 0.96995
vn -1E-05 -0.2433 -0.96995
vn 0 0.2433 0.96995
vn 0 -0.2433 -0.96995
vn -0 0.24339 0.96993
vn 0 -0.24336 -0.96994
vn -0 0.2433 0.96995
vn -0 -0.2433 -0.96995
vn -4E-05 0.24344 0.96992
vn 4E-05 -0.24344 -0.96992
vn -0 0.2433 0.96995
vn 0 -0.2433 -0.96995
vn -0 0.2433 0.96995
vn 0 -0.2433 -0.96995
vn 2E-05 0.24333 0.96994
vn -2E-05 -0.24333 -0.96994
vn 0 0.27359 0.96185
vn 0 -0.27359 -0.96185
vn -0.03206 0.27345 0.96135
vn 0.03206 -0.27345 -0.96135
vn -0.01639 0.27958 0.95998
vn 0.01639 -0.27958 -0.95998
vn -0.03171 0.30781 0.95092
vn 0.03171 -0.30781 -0.95092
vn -0.01692 0.31413 0.94923
vn 0.01692 -0.31413 -0.94923
vn -0 0.30442 0.95254
vn 0 -0.30442 -0.95254
vn 0.00572 0.30809 0.95134
vn -0.00572 -0.30809 -0.95134
vn 0.00027 0.30493 0.95237
vn -0.00027 -0.30493 -0.95237
vn -0 0.24564 0.96936
vn 0 -0.24564 -0.96936
vn -0.02347 0.21808 0.97565
vn 0.02347 -0.21808 -0.97565
vn -0.02348 0.21808 0.97565
vn 0.02348 -0.21808 -0.97565
vn 0.09964 0.29795 0.94937
vn -0.09964 -0.29795 -0.94937
vn 0 0.20447 0.97887
vn 0 -0.20447 -0.97887
vn 0.0974 0.66732 0.73838
vn -0.0974 -0.66732 -0.73838
vn 0.07867 0.65723 0.74957
vn -0.07867 -0.65723 -0.74957
vn 0.04506 0.68247 0.72953
vn -0.04506 -0.68247 -0.72953
vn 0.09261 0.70604 0.70209
vn -0.09261 -0.70604 -0.70209
vn 0.01682 0.6805 0.73255
vn -0.01682 -0.6805 -0.73255
vn 0.04434 0.69474 0.71789
vn -0.04434 -0.69474 -0.71789
vn 0.09919 0.59416 0.79821
vn -0.09919 -0.59416 -0.79821
vn 0.01931 0.54078 0.84094
vn -0.01931 -0.54078 -0.84094
vn 0.02909 0.26422 0.96402
vn -0.02909 -0.26422 -0.96402
vn 0.11583 0.34318 0.9321
vn -0.11583 -0.34318 -0.9321
vn -0 0.273 0.96201
vn 0 -0.273 -0.96201
vn 0.02877 0.29941 0.95369
vn -0.02877 -0.29941 -0.95369
vn 0.09918 0.46221 0.88121
vn -0.09918 -0.46221 -0.88121
vn 0 0.38091 0.92461
vn 0 -0.38091 -0.92461
vn 0.00343 0.33393 0.94259
vn -0.00343 -0.33393 -0.94259
vn 0.1016 0.41811 0.9027
vn -0.1016 -0.41811 -0.9027
vn -0.02818 0.33094 0.94323
vn 0.0282 -0.33094 -0.94323
vn -0.04296 0.33009 0.94297
vn 0.04296 -0.33009 -0.94297
vn -0.02894 0.24556 0.96895
vn 0.02897 -0.24556 -0.96895
vn -0.21304 0.22289 0.95128
vn 0.21304 -0.22289 -0.95128
vn -0.10988 0.32906 0.93789
vn 0.10988 -0.32906 -0.93789
vn -0.10027 0.33806 0.93577
vn 0.10027 -0.33806 -0.93577
vn -0.17867 0.24171 0.95376
vn 0.17865 -0.24171 -0.95376
vn -0.20068 0.39594 0.89608
vn 0.20068 -0.39594 -0.89608
vn -0.03439 0.2455 0.96879
vn 0.03439 -0.2455 -0.96879
vn 0.02303 0.19081 0.98136
vn -0.02303 -0.19082 -0.98135
vn -0.16882 0.39837 0.90156
vn 0.16881 -0.39835 -0.90157
vn -0.03385 0.29927 0.95357
vn 0.03385 -0.29927 -0.95357
vn 0.33541 0.59154 0.7332
vn -0.33541 -0.59154 -0.7332
vn 0.32138 0.63493 0.70255
vn -0.32138 -0.63493 -0.70255
vn 0.30715 0.62676 0.71612
vn -0.30715 -0.62676 -0.71612
vn 0.2989 0.65193 0.69688
vn -0.2989 -0.65193 -0.69688
vn 0.24599 0.6224 0.74304
vn -0.24599 -0.6224 -0.74304
vn 0.23572 0.66142 0.71201
vn -0.23572 -0.66142 -0.71201
vn 0.0726 0.56429 0.82238
vn -0.0726 -0.56429 -0.82238
vn 0.07064 0.59561 0.80016
vn -0.07064 -0.59561 -0.80016
vn 0.00799 0.55412 0.8324
vn -0.00799 -0.55412 -0.8324
vn 0.00926 0.26432 0.96439
vn -0.00926 -0.26432 -0.96439
vn 0.08113 0.32989 0.94053
vn -0.08113 -0.32989 -0.94053
vn 0.0827 0.27206 0.95872
vn -0.0827 -0.27206 -0.95872
vn 0.08143 0.27087 0.95917
vn -0.08142 -0.27087 -0.95917
vn 0.07497 0.46319 0.88308
vn -0.07497 -0.46319 -0.88308
vn 0.02267 0.42126 0.90666
vn -0.02267 -0.42126 -0.90666
vn 0.02356 0.33384 0.94233
vn -0.02356 -0.33384 -0.94233
vn 0.00354 0.30963 0.95085
vn -0.00354 -0.30963 -0.95085
vn -0.00346 0.31165 0.95019
vn 0.00346 -0.31165 -0.95019
vn -0.00433 0.30884 0.9511
vn 0.00433 -0.30884 -0.9511
vn -0 0.3213 0.94698
vn 0 -0.3213 -0.94698
vn 0.00179 0.32217 0.94668
vn -0.00178 -0.32217 -0.94668
vn 0.00085 0.32202 0.94673
vn -0.00085 -0.32202 -0.94673
vn -0 0.23954 0.97089
vn -0 -0.23956 -0.97088
vn -0.12212 0.24278 0.96236
vn 0.12212 -0.24278 -0.96236
vn -0.13965 0.22589 0.96409
vn 0.13965 -0.22589 -0.96409
vn 0.08533 0.5557 0.82699
vn -0.08533 -0.5557 -0.82699
vn -0.1153 0.40147 0.90859
vn 0.1153 -0.40147 -0.90859
vn 0.09732 0.63597 0.76555
vn -0.09732 -0.63597 -0.76555
vn 0.08005 0.6259 0.77578
vn -0.08005 -0.6259 -0.77578
vn 0.1268 0.67236 0.72928
vn -0.1268 -0.67236 -0.72928
vn 0.09523 0.6556 0.74908
vn -0.09523 -0.6556 -0.74908
vn 0.09198 0.6129 0.78479
vn -0.09198 -0.6129 -0.78479
vn 0.13212 0.6365 0.75987
vn -0.13212 -0.6365 -0.75987
vn 0.11762 0.57734 0.80799
vn -0.11762 -0.57734 -0.80799
vn 0.09619 0.56316 0.82073
vn -0.09619 -0.56316 -0.82073
vn 0.00166 0.46274 0.88649
vn -0.00166 -0.46274 -0.88649
vn 0.1203 0.55011 0.82638
vn -0.1203 -0.55011 -0.82638
vn 0.05484 0.37736 0.92444
vn -0.05484 -0.37736 -0.92444
vn 0.00177 0.33098 0.94364
vn -0.00177 -0.33098 -0.94364
vn 0.05484 0.37735 0.92445
vn -0.05484 -0.37735 -0.92444
vn 0.06646 0.27814 0.95824
vn -0.06646 -0.27814 -0.95824
vn 0.057 0.27133 0.9608
vn -0.057 -0.27133 -0.9608
vn 0.06644 0.27794 0.9583
vn -0.06644 -0.27794 -0.9583
vn 0.0722 0.283 0.9564
vn -0.0722 -0.283 -0.9564
vn 0.00063 0.36814 0.92977
vn -0.00063 -0.36814 -0.92977
vn 0.06278 0.42053 0.9051
vn -0.06278 -0.42053 -0.9051
vn 0.032 0.39791 0.91687
vn -0.032 -0.39791 -0.91687
vn 0.00347 0.30963 0.95085
vn -0.00348 -0.30963 -0.95085
vn 0.00064 0.31217 0.95003
vn -0.00065 -0.31217 -0.95003
vn 0.00346 0.30963 0.95085
vn -0.00346 -0.30963 -0.95085
vn 0.00345 0.32164 0.94686
vn -0.00345 -0.32164 -0.94686
vn -0 0.31908 0.94773
vn 0 -0.31908 -0.94773
vn 0.00323 0.31993 0.94744
vn -0.00323 -0.31993 -0.94744
vn 0.00192 0.3192 0.94768
vn -0.00192 -0.3192 -0.94768
vn 0 0.23214 0.97268
vn 0 -0.23214 -0.97268
vn -0.00084 0.232 0.97272
vn 0.00084 -0.232 -0.97272
vn -0.06714 0.14219 0.98756
vn 0.06714 -0.14219 -0.98756
vn -0 0.30501 0.95235
vn 0 -0.30501 -0.95235
vn -0.06581 0.24408 0.96752
vn 0.06581 -0.24408 -0.96752
vn -0.06582 0.24188 0.96807
vn 0.06582 -0.24188 -0.96807
vn -0.06578 0.24409 0.96752
vn 0.06578 -0.24409 -0.96752
vn 0.11567 0.63109 0.76704
vn -0.11567 -0.63109 -0.76704
vn 0 0.55773 0.83002
vn 0 -0.55773 -0.83002
vn 0.18411 0.67189 0.7174
vn -0.18411 -0.67189 -0.7174
vn 0.11523 0.63475 0.76408
vn -0.11523 -0.63475 -0.76408
vn 0.19403 0.67047 0.71611
vn -0.19403 -0.67047 -0.71611
vn 0.18541 0.66608 0.72247
vn -0.18541 -0.66608 -0.72247
vn 0.16394 0.57336 0.80273
vn -0.16394 -0.57336 -0.80273
vn 0.20883 0.60194 0.77075
vn -0.20883 -0.60194 -0.77075
vn 0.00647 0.45966 0.88807
vn -0.00647 -0.45966 -0.88807
vn 0.16392 0.57351 0.80263
vn -0.16392 -0.57351 -0.80263
vn 0.01027 0.46531 0.88509
vn -0.01027 -0.46531 -0.88509
vn 0.00645 0.46273 0.88648
vn -0.00645 -0.46273 -0.88648
vn 0.00983 0.46572 0.88488
vn -0.00983 -0.46572 -0.88488
vn 0.01035 0.46578 0.88484
vn -0.01035 -0.46578 -0.88484
vn 0.02603 0.37779 0.92552
vn -0.02602 -0.37779 -0.92552
vn 0.01065 0.39782 0.9174
vn -0.01065 -0.39782 -0.9174
vn 0.01318 0.37903 0.92529
vn -0.01318 -0.37903 -0.92529
vn 0.09384 0.25359 0.96275
vn -0.09384 -0.25359 -0.96275
vn 0.08631 0.28814 0.95369
vn -0.08631 -0.28814 -0.95369
vn 0.0446 0.30269 0.95205
vn -0.0446 -0.30269 -0.95205
vn 0.08659 0.27767 0.95677
vn -0.08659 -0.27767 -0.95677
vn 0.04844 0.28872 0.95619
vn -0.04844 -0.28872 -0.95619
vn 0.05248 0.30066 0.95229
vn -0.05248 -0.30066 -0.95229
vn 0.12114 0.34594 0.9304
vn -0.12114 -0.34594 -0.9304
vn 0.1054 0.30513 0.94646
vn -0.1054 -0.30514 -0.94646
vn 0.07689 0.31341 0.9465
vn -0.07689 -0.31341 -0.9465
vn 0.12108 0.32229 0.93887
vn -0.12108 -0.32229 -0.93887
vn -0.92787 -0.32471 0.18335
vn 0.92787 0.3247 -0.18338
vn 0.05055 0.36767 0.92858
vn -0.05055 -0.36767 -0.92858
vn 0.12348 0.29201 0.94841
vn -0.12348 -0.29201 -0.94841
vn 0 0.31058 0.95055
vn -0 -0.31058 -0.95055
vn 0.16658 0.33954 0.92572
vn -0.16658 -0.33954 -0.92572
vn 0.05254 0.25648 0.96512
vn -0.05254 -0.25648 -0.96512
vn 0.02592 0.33537 0.94173
vn -0.02592 -0.33537 -0.94173
vn 0 0.31217 0.95003
vn 0 -0.31217 -0.95003
vn -0.00277 0.29283 0.95616
vn 0.00277 -0.29283 -0.95616
vn 0.02608 0.31897 0.94741
vn -0.02608 -0.31897 -0.94741
vn 0.00634 0.23199 0.9727
vn -0.00634 -0.23199 -0.9727
vn -0.00281 0.24223 0.97021
vn 0.00281 -0.24223 -0.97021
vn 0.00803 0.24092 0.97051
vn -0.00803 -0.24092 -0.97051
vn 0.00628 0.232 0.9727
vn -0.00627 -0.232 -0.9727
vn 0.00041 0.23219 0.97267
vn -0.00041 -0.23219 -0.97267
vn 0.01509 0.25175 0.96768
vn -0.01509 -0.25175 -0.96768
vn -0.00031 0.23095 0.97297
vn 0.00031 -0.23095 -0.97297
vn 0.00794 0.28183 0.95943
vn -0.00794 -0.28183 -0.95943
vn 0.00359 0.2783 0.96049
vn -0.00359 -0.2783 -0.96049
vn 0.00353 0.27902 0.96028
vn -0.00353 -0.27908 -0.96026
vn 0.00353 0.27829 0.96049
vn -0.00353 -0.27829 -0.96049
vn 0.00346 0.34281 0.9394
vn -0.00346 -0.34281 -0.9394
vn 0.06254 0.30338 0.95082
vn -0.06254 -0.30338 -0.95082
vn 0.24994 0.00079 0.96826
vn -0.24994 -0.00079 -0.96826
vn 0.01648 0.28918 0.95713
vn -0.01648 -0.28918 -0.95713
vn 0.04631 0.40794 0.91183
vn -0.04632 -0.40794 -0.91183
vn 0.02644 0.4043 0.91424
vn -0.02644 -0.4043 -0.91424
vn 0.04755 0.34813 0.93624
vn -0.04756 -0.34813 -0.93624
vn -0 0.38009 0.92495
vn 0 -0.38009 -0.92495
vn -0.00753 0.37708 0.92615
vn 0.00754 -0.37708 -0.92615
vn -0.00647 0.34818 0.9374
vn 0.00647 -0.34818 -0.9374
vn 0 0.35385 0.9353
vn 0 -0.35385 -0.9353
vn -0.00526 0.35149 0.93618
vn 0.00526 -0.35149 -0.93618
vn -0.00409 0.35269 0.93573
vn 0.00409 -0.35269 -0.93573
vn -0.00549 0.35091 0.93639
vn 0.00549 -0.35091 -0.93639
vn -0 0.34818 0.93743
vn 0 -0.34818 -0.93743
vn 1E-05 0.34819 0.93742
vn -0 -0.34819 -0.93742
vn 0.07957 0.29153 0.95324
vn -0.07957 -0.29153 -0.95325
vn 0 0.25949 0.96575
vn 0 -0.25949 -0.96575
vn 0.07915 0.29087 0.95348
vn -0.07915 -0.29086 -0.95348
vn 0.05646 0.33903 0.93908
vn -0.05646 -0.33903 -0.93908
vn 0.07861 0.32714 0.9417
vn -0.07861 -0.32714 -0.9417
vn -0 0.23959 0.97087
vn 0 -0.23959 -0.97087
vn 0.00212 0.24091 0.97054
vn -0.00212 -0.24091 -0.97054
vn -3E-05 0.27778 0.96064
vn 3E-05 -0.27778 -0.96064
vn 0 0.27778 0.96065
vn 0 -0.27778 -0.96065
vn 0 0.35339 0.93548
vn 0 -0.35339 -0.93548
vn -0.0046 0.35115 0.93631
vn 0.0046 -0.35115 -0.93631
vn 0.11362 0.38906 0.91418
vn -0.11362 -0.38906 -0.91418
vn -0 0.12158 0.99258
vn 0 -0.12158 -0.99258
vn 0.1198 0.23787 0.96388
vn -0.1198 -0.23787 -0.96388
vn 0.1198 0.23787 0.96388
vn -0.1198 -0.23787 -0.96388
vn 0.12856 0.39197 0.91095
vn -0.12856 -0.39197 -0.91095
vn 0.03348 0.35095 0.93579
vn -0.03348 -0.35095 -0.93579
vn 0.01351 0.24052 0.97055
vn -0.01351 -0.24053 -0.97055
vn 0.08083 0.34241 0.93607
vn -0.08083 -0.34241 -0.93607
vn 0.12542 0.27094 0.95439
vn -0.12542 -0.27094 -0.95439
vn 0.13429 0.27658 0.95156
vn -0.13429 -0.27658 -0.95156
vn 0.01346 0.25423 0.96705
vn -0.01346 -0.25423 -0.96705
vn 0.01799 0.25527 0.9667
vn -0.01799 -0.25527 -0.9667
vn 0.01798 0.25526 0.9667
vn -0.01798 -0.25526 -0.9667
vn 0.01768 0.30991 0.9506
vn -0.01768 -0.30991 -0.9506
vn -0.00692 0.47116 0.88202
vn 0.00685 -0.47115 -0.88202
vn -0 0.40395 0.91478
vn 0 -0.40395 -0.91478
vn -0.00718 0.40273 0.91529
vn 0.00711 -0.40273 -0.91529
vn -0.00075 0.40278 0.9153
vn 0.00075 -0.40278 -0.9153
vn 1E-05 0.34819 0.93742
vn -0 -0.34819 -0.93742
vn 0 0.34819 0.93742
vn 0 -0.34819 -0.93742
vn -0.16465 0.23859 0.95706
vn 0.16465 -0.23859 -0.95706
vn -0.15555 0.27466 0.94887
vn 0.15554 -0.27467 -0.94888
vn -0.15097 0.27699 0.94894
vn 0.15097 -0.27699 -0.94894
vn -0.06239 0.31519 0.94698
vn 0.06239 -0.31519 -0.94698
vn -0.16547 0.21802 0.96181
vn 0.16547 -0.21802 -0.96181
vn -0 0.53215 0.84665
vn 0 -0.53215 -0.84665
vn -0.05732 0.48956 0.87009
vn 0.05732 -0.48956 -0.87009
vn 0.01946 0.75586 0.65444
vn -0.01946 -0.75586 -0.65444
vn 0 0.74748 0.66428
vn 0 -0.74748 -0.66428
vn 0.03935 0.65403 0.75544
vn -0.03935 -0.65403 -0.75544
vn 0.02272 0.64455 0.76422
vn -0.02272 -0.64455 -0.76422
vn 0.0707 0.56334 0.8232
vn -0.0707 -0.56334 -0.8232
vn 0.04362 0.54478 0.83744
vn -0.04362 -0.54478 -0.83744
vn 0.02979 0.55671 0.83017
vn -0.02979 -0.55671 -0.83017
vn 0.06951 0.5832 0.80935
vn -0.06951 -0.5832 -0.80935
vn 0.0031 0.38484 0.92298
vn -0.0031 -0.38484 -0.92298
vn 0.03271 0.40976 0.91161
vn -0.03271 -0.40976 -0.91161
vn -0.00679 0.4711 0.88205
vn 0.00681 -0.4711 -0.88205
vn 0.00297 0.46341 0.88614
vn -0.00297 -0.46341 -0.88614
vn -0.00687 0.47111 0.88205
vn 0.00687 -0.47111 -0.88205
vn -0.00712 0.40583 0.91392
vn 0.00712 -0.40583 -0.91392
vn -0 0.40869 0.91267
vn 0 -0.40869 -0.91267
vn -0.00257 0.40827 0.91286
vn 0.00257 -0.40827 -0.91286
vn 0 0.34819 0.93743
vn 0 -0.34819 -0.93742
vn -0.11817 0.28646 0.95078
vn 0.11817 -0.28646 -0.95078
vn -0.03103 0.39141 0.9197
vn 0.03103 -0.39141 -0.9197
vn 0.04683 0.43271 0.90031
vn -0.04683 -0.43271 -0.90032
vn -0.01085 0.22934 0.97329
vn 0.01085 -0.22934 -0.97329
vn -0.12244 0.12067 0.98511
vn 0.12244 -0.12067 -0.98511
vn -0.09415 0.32174 0.94214
vn 0.09415 -0.32174 -0.94214
vn -0.01024 0.39523 0.91853
vn 0.01024 -0.39523 -0.91853
vn -0.0132 0.31663 0.94846
vn 0.0132 -0.31663 -0.94846
vn -0.09655 0.23942 0.9661
vn 0.09654 -0.23942 -0.9661
vn -0.00223 0.25531 0.96686
vn 0.00223 -0.25531 -0.96686
vn 0.06001 0.33747 0.93942
vn -0.06001 -0.33747 -0.93942
vn -0.01322 0.31208 0.94996
vn 0.01322 -0.31208 -0.94996
vn -0.00717 0.32635 0.94522
vn 0.00717 -0.32635 -0.94522
vn -0.07947 0.29566 0.95198
vn 0.07946 -0.29566 -0.95198
vn -0.02883 0.29997 0.95351
vn 0.02883 -0.29997 -0.95351
vn -0.07938 0.29914 0.9509
vn 0.07937 -0.29914 -0.9509
vn -0.04462 0.31374 0.94846
vn 0.04462 -0.31374 -0.94846
vn -0 0.31468 0.9492
vn 0 -0.31468 -0.9492
vn -0.02891 0.28836 0.95709
vn 0.0289 -0.28836 -0.95709
vn -0.02869 0.31456 0.94881
vn 0.02869 -0.31456 -0.94881
vn -0.00478 0.30904 0.95104
vn 0.00478 -0.30904 -0.95104
vn -0.02799 0.30998 0.95033
vn 0.02799 -0.30998 -0.95033
vn -0.02414 0.28855 0.95716
vn 0.02415 -0.28855 -0.95716
vn 0.00863 0.23751 0.97135
vn -0.00863 -0.23751 -0.97135
vn 0 0.22935 0.97334
vn 0 -0.22935 -0.97334
vn 0.09134 0.39534 0.91398
vn -0.09134 -0.39534 -0.91398
vn 0.00841 0.32316 0.94631
vn -0.00841 -0.32316 -0.94631
vn 0.09134 0.39534 0.91398
vn -0.09134 -0.39534 -0.91398
vn 0.01737 0.26656 0.96366
vn -0.01737 -0.26656 -0.96366
vn 0.09437 0.31524 0.94431
vn -0.09437 -0.31524 -0.94431
vn -0.81191 -0.58364 0.01292
vn 0.81191 0.58364 -0.01292
vn 0.01693 0.33803 0.94098
vn -0.01693 -0.33803 -0.94098
vn 0.01697 0.33682 0.94141
vn -0.01697 -0.3368 -0.94142
vn -0.00275 0.31468 0.94919
vn 0.00275 -0.31468 -0.94919
vn -0.00863 0.23607 0.9717
vn 0.00863 -0.23607 -0.9717
vn -0.00281 0.23752 0.97138
vn 0.00281 -0.23752 -0.97138
vn -0.00551 0.23689 0.97152
vn 0.00549 -0.23689 -0.97152
vn -0.03189 0.3968 0.91735
vn 0.03189 -0.3968 -0.91735
vn -0.00825 0.37123 0.9285
vn 0.00825 -0.37123 -0.9285
vn -0.05507 0.37068 0.92713
vn 0.05507 -0.37068 -0.92713
vn -0.07189 0.40093 0.91328
vn 0.07189 -0.40093 -0.91328
vn -0.01694 0.38626 0.92223
vn 0.01694 -0.38626 -0.92223
vn -0.0572 0.26361 0.96293
vn 0.05719 -0.2636 -0.96293
vn -0.12753 0.28726 0.94933
vn 0.12753 -0.28726 -0.94933
vn -0.13053 0.28235 0.95039
vn 0.13052 -0.28236 -0.95039
vn -0.1303 0.28245 0.95039
vn 0.1303 -0.28245 -0.95039
vn 0.10794 0.54956 0.82845
vn -0.10794 -0.54955 -0.82845
vn -0.12382 0.36751 0.92174
vn 0.12382 -0.36751 -0.92174
vn 0.0172 0.65938 0.75161
vn -0.0172 -0.65938 -0.75161
vn 0.09244 0.69863 0.70948
vn -0.09244 -0.69863 -0.70948
vn 0.1551 0.65701 0.73776
vn -0.1551 -0.65701 -0.73776
vn 0.01872 0.57511 0.81786
vn -0.01872 -0.57511 -0.81786
vn 0.04872 0.65381 0.75509
vn -0.04872 -0.65381 -0.75509
vn 0.14621 0.70352 0.69547
vn -0.14621 -0.70352 -0.69547
vn 0.16655 0.60455 0.77896
vn -0.16655 -0.60455 -0.77896
vn 0.05459 0.53031 0.84605
vn -0.05459 -0.53031 -0.84605
vn 0.07338 0.48121 0.87353
vn -0.07338 -0.48121 -0.87353
vn 0.17405 0.55411 0.81405
vn -0.17405 -0.55411 -0.81405
vn 0.22 0.4489 0.86608
vn -0.22 -0.4489 -0.86608
vn 0.07908 0.32788 0.9414
vn -0.07908 -0.32788 -0.9414
vn 0.00893 0.26669 0.96374
vn -0.00893 -0.26669 -0.96374
vn 0.21973 0.45109 0.86501
vn -0.21973 -0.45109 -0.86501
vn 0.02553 0.40261 0.91501
vn -0.02553 -0.40261 -0.91501
vn 0.00854 0.38829 0.9215
vn -0.00854 -0.38829 -0.9215
vn -0.01119 0.33657 0.94159
vn 0.01119 -0.33657 -0.94159
vn 0.02659 0.30261 0.95274
vn -0.02659 -0.30261 -0.95274
vn -0.01123 0.33657 0.94159
vn 0.01123 -0.33657 -0.94159
vn -0.01138 0.29794 0.95452
vn 0.01138 -0.29794 -0.95452
vn -0 0.30693 0.95173
vn 0 -0.30693 -0.95173
vn -0.00785 0.29659 0.95497
vn 0.00786 -0.29659 -0.95497
vn -0.01221 0.29582 0.95516
vn 0.01221 -0.29583 -0.95516
vn -0.00274 0.31661 0.94855
vn 0.00274 -0.31661 -0.94855
vn -0.00343 0.31577 0.94883
vn 0.00343 -0.31577 -0.94883
vn -0.00864 0.23201 0.97268
vn 0.00865 -0.23201 -0.97268
vn -0.00786 0.23405 0.97219
vn 0.00786 -0.23405 -0.97219
vn -0.00281 0.23232 0.97264
vn 0.00281 -0.23232 -0.97264
vn -0.0083 0.35687 0.93412
vn 0.0083 -0.35687 -0.93412
vn 0.19074 0.53287 0.82442
vn -0.19074 -0.53287 -0.82442
vn 0.05513 0.28918 0.95568
vn -0.05513 -0.28918 -0.95568
vn 0.15776 0.32399 0.93281
vn -0.15776 -0.32399 -0.93281
vn 0.22674 0.5684 0.7909
vn -0.22674 -0.56839 -0.7909
vn 0.18932 0.54279 0.81825
vn -0.18932 -0.54279 -0.81825
vn 0.17325 0.62352 0.76237
vn -0.17325 -0.62352 -0.76237
vn 0.21067 0.64468 0.73485
vn -0.21067 -0.64468 -0.73485
vn 0.00968 0.55943 0.82882
vn -0.00968 -0.55943 -0.82882
vn 0.16732 0.65568 0.73627
vn -0.16732 -0.65568 -0.73627
vn 0.05818 0.6814 0.7296
vn -0.05818 -0.6814 -0.7296
vn 0.00883 0.65456 0.75596
vn -0.00883 -0.65456 -0.75596
vn 0.07057 0.61659 0.78411
vn -0.07057 -0.61659 -0.78411
vn 0.06287 0.6119 0.78843
vn -0.06287 -0.6119 -0.78843
vn 0.0089 0.42588 0.90474
vn -0.0089 -0.42588 -0.90474
vn 0.07859 0.48102 0.87318
vn -0.07859 -0.48102 -0.87318
vn 0.00652 0.45841 0.88872
vn -0.00652 -0.45841 -0.88872
vn 0.00873 0.46016 0.8878
vn -0.00873 -0.46016 -0.8878
vn 0.03153 0.28007 0.95946
vn -0.03153 -0.28009 -0.95945
vn 0.00707 0.26669 0.96376
vn -0.00707 -0.26669 -0.96376
vn 0.01177 0.2893 0.95717
vn -0.01177 -0.2893 -0.95717
vn 0.03175 0.28784 0.95715
vn -0.03175 -0.28784 -0.95715
vn 0.04325 0.29997 0.95297
vn -0.04325 -0.29997 -0.95297
vn 0.01474 0.3951 0.91852
vn -0.01474 -0.3951 -0.91852
vn 0.03007 0.40256 0.9149
vn -0.03007 -0.40256 -0.9149
vn 0.05118 0.30255 0.95176
vn -0.05123 -0.30255 -0.95175
vn 0.01529 0.30292 0.95289
vn -0.01529 -0.30292 -0.95289
vn 0.04021 0.30247 0.95231
vn -0.04021 -0.30247 -0.95231
vn 0.01332 0.27187 0.96224
vn -0.01332 -0.27187 -0.96224
vn 0.05111 0.30653 0.95049
vn -0.05116 -0.30653 -0.95048
vn 0.031 0.29277 0.95568
vn -0.031 -0.29277 -0.95568
vn 0.01836 0.3066 0.95166
vn -0.01832 -0.3066 -0.95166
vn 0.03542 0.30726 0.95097
vn -0.03543 -0.30726 -0.95097
vn 0.00491 0.30213 0.95325
vn -0.00491 -0.30213 -0.95325
vn 0.01316 0.30961 0.95077
vn -0.01316 -0.30961 -0.95077
vn -0.06204 0.316 0.94673
vn 0.06205 -0.316 -0.94673
vn 0.00502 0.218 0.97594
vn -0.00502 -0.218 -0.97594
vn -0.09935 0.31505 0.94386
vn 0.09935 -0.31505 -0.94386
vn -0.1101 0.32476 0.93936
vn 0.1101 -0.32476 -0.93936
vn -0.08379 0.26395 0.96089
vn 0.08379 -0.26395 -0.96089
vn -0.10186 0.23081 0.96765
vn 0.10185 -0.23081 -0.96765
vn 0.00838 0.33258 0.94304
vn -0.00838 -0.33258 -0.94304
vn 0.00838 0.33258 0.94304
vn -0.00838 -0.33258 -0.94304
vn 0.0083 0.35687 0.93412
vn -0.0083 -0.35687 -0.93412
vn 0.00976 0.36472 0.93106
vn -0.00976 -0.36472 -0.93106
vn 0.01476 0.38974 0.92081
vn -0.01481 -0.38974 -0.92081
vn 0.02113 0.33479 0.94206
vn -0.02113 -0.33479 -0.94206
vn 0.01511 0.33211 0.94312
vn -0.01517 -0.33213 -0.94311
vn 0.05308 0.27988 0.95857
vn -0.05308 -0.2799 -0.95856
vn 0.02796 0.27179 0.96195
vn -0.02796 -0.27179 -0.96195
vn 0.05344 0.28152 0.95807
vn -0.05344 -0.28152 -0.95807
vn 0.02884 0.29909 0.95379
vn -0.02884 -0.29909 -0.95379
vn 0.05272 0.30171 0.95194
vn -0.05272 -0.30171 -0.95194
vn 0.0201 0.29702 0.95466
vn -0.02011 -0.29702 -0.95466
vn 0.10139 0.24903 0.96317
vn -0.10138 -0.24903 -0.96317
vn 0.0295 0.21791 0.97552
vn -0.0295 -0.21791 -0.97552
vn 0.09115 0.23583 0.96751
vn -0.09115 -0.23583 -0.96751
vn 0.0815 0.23011 0.96975
vn -0.0815 -0.23011 -0.96975
vn 0.06222 0.33195 0.94124
vn -0.06223 -0.33195 -0.94124
vn 0.09903 0.32423 0.94078
vn -0.09903 -0.32423 -0.94078
vn 0.06313 0.56269 0.82426
vn -0.06313 -0.5627 -0.82425
vn 0.06217 0.54179 0.83821
vn -0.06217 -0.54179 -0.83821
vn 0.11747 0.57955 0.80642
vn -0.11747 -0.57955 -0.80642
vn 0.06017 0.6158 0.7856
vn -0.06017 -0.6158 -0.7856
vn 0.09209 0.61618 0.7822
vn -0.09208 -0.61618 -0.7822
vn 0.0547 0.62108 0.78184
vn -0.0547 -0.62108 -0.78184
vn 0.19491 0.67393 0.71262
vn -0.19491 -0.67393 -0.71262
vn 0.11205 0.6291 0.7692
vn -0.11205 -0.6291 -0.7692
vn 0.21243 0.53951 0.81474
vn -0.21243 -0.53951 -0.81474
vn 0.22109 0.54561 0.80835
vn -0.22109 -0.54561 -0.80835
vn 0.02941 0.57828 0.81531
vn -0.02941 -0.57828 -0.81531
vn 0.18718 0.67049 0.71792
vn -0.18718 -0.67049 -0.71792
vn 0.03173 0.61995 0.784
vn -0.03173 -0.61995 -0.784
vn 0.02835 0.61788 0.78576
vn -0.02835 -0.61788 -0.78576
vn 0.00911 0.40287 0.91521
vn -0.00911 -0.40287 -0.91521
vn 0.0366 0.42561 0.90417
vn -0.0366 -0.42561 -0.90417
vn -0 0.45139 0.89233
vn 0 -0.45139 -0.89233
vn 0.00885 0.4584 0.8887
vn -0.00885 -0.4584 -0.8887
vn 0.04301 0.28906 0.95635
vn -0.04301 -0.28905 -0.95635
vn 0 0.328 0.94468
vn 0 -0.328 -0.94468
vn 0.043 0.28906 0.95635
vn -0.043 -0.28906 -0.95635
vn 0.04157 0.37848 0.92467
vn -0.04157 -0.37849 -0.92467
vn 0.0027 0.35613 0.93443
vn -0.0027 -0.35613 -0.93443
vn 0.03153 0.38958 0.92045
vn -0.03153 -0.38958 -0.92045
vn 0.04917 0.39598 0.91694
vn -0.04917 -0.39598 -0.91694
vn 0.00272 0.33486 0.94226
vn -0.00272 -0.33486 -0.94226
vn 0.00052 0.33291 0.94296
vn -0.00052 -0.33291 -0.94296
vn 0.00244 0.33427 0.94247
vn -0.00244 -0.33427 -0.94247
vn 0.00052 0.29372 0.95589
vn -0.00052 -0.29372 -0.95589
vn 0.0524 0.31923 0.94623
vn -0.0524 -0.31923 -0.94623
vn -0.00301 0.29122 0.95665
vn 0.00301 -0.29122 -0.95665
vn 0.05287 0.2925 0.9548
vn -0.05287 -0.2925 -0.9548
vn 0.0455 0.27983 0.95897
vn -0.0455 -0.27983 -0.95897
vn 0.00984 0.24223 0.97017
vn -0.00984 -0.24223 -0.97017
vn 0.19826 0.54925 0.8118
vn -0.19826 -0.54925 -0.8118
vn 0.26857 0.59607 0.75668
vn -0.26857 -0.59607 -0.75668
vn 0.23451 0.5848 0.77654
vn -0.23451 -0.5848 -0.77654
vn 0.08301 0.6266 0.77491
vn -0.08301 -0.6266 -0.77491
vn 0.17471 0.67654 0.71538
vn -0.17471 -0.67654 -0.71538
vn 0.1356 0.58104 0.8025
vn -0.1356 -0.58104 -0.8025
vn 0.08896 0.54992 0.83047
vn -0.08896 -0.54992 -0.83047
vn 0.19452 0.60969 0.76841
vn -0.19452 -0.60969 -0.76841
vn 0.13653 0.57311 0.80802
vn -0.13653 -0.57311 -0.80802
vn 0.16271 0.61328 0.77293
vn -0.16271 -0.61328 -0.77293
vn 0.18956 0.59656 0.77986
vn -0.18956 -0.59656 -0.77986
vn 0.20466 0.61577 0.76088
vn -0.20466 -0.61577 -0.76088
vn 0.00334 0.4761 0.87938
vn -0.00334 -0.4761 -0.87938
vn 0.19476 0.60838 0.76937
vn -0.19476 -0.60838 -0.76937
vn 0.06584 0.45369 0.88873
vn -0.06584 -0.45369 -0.88873
vn 0.00348 0.40289 0.91524
vn -0.00348 -0.40289 -0.91524
vn 0.16791 0.50293 0.84786
vn -0.16791 -0.50293 -0.84786
vn 0.1692 0.5523 0.8163
vn -0.1692 -0.5523 -0.8163
vn 0.11105 0.61403 0.78143
vn -0.11105 -0.61403 -0.78143
vn 0.1522 0.62144 0.76853
vn -0.1522 -0.62144 -0.76853
vn 0.06006 0.57257 0.81765
vn -0.06006 -0.57257 -0.81765
vn 0.02437 0.60797 0.79359
vn -0.02437 -0.60797 -0.79358
vn 0.04414 0.62095 0.7826
vn -0.04414 -0.62095 -0.7826
vn -0 0.47407 0.88049
vn 0 -0.47407 -0.88049
vn 0.027 0.47593 0.87907
vn -0.027 -0.47593 -0.87907
vn -0.04901 0.46661 0.88311
vn 0.04902 -0.4666 -0.88311
vn -0.03821 0.44452 0.89496
vn 0.03821 -0.44452 -0.89496
vn 0 0.45467 0.89066
vn 0 -0.45467 -0.89066
vn -0.00821 0.44283 0.89657
vn 0.00821 -0.44283 -0.89657
vn -0.07706 0.42471 0.90204
vn 0.07706 -0.42471 -0.90204
vn -0.02507 0.39928 0.91649
vn 0.02507 -0.39928 -0.91649
vn -0.03913 0.39771 0.91668
vn 0.03914 -0.39771 -0.91668
vn -0.02876 0.39739 0.9172
vn 0.02876 -0.39739 -0.9172
vn -0.0387 0.3961 0.91739
vn 0.0387 -0.3961 -0.91739
vn -0.0229 0.28925 0.95698
vn 0.0229 -0.28925 -0.95698
vn -0.02612 0.29519 0.95508
vn 0.02613 -0.29519 -0.95508
vn -0.01961 0.29523 0.95522
vn 0.01961 -0.29523 -0.95522
vn -0.0213 0.28889 0.95712
vn 0.0213 -0.28889 -0.95712
vn -0.02461 0.2921 0.95607
vn 0.02461 -0.2921 -0.95607
vn -0.02519 0.29146 0.95625
vn 0.02519 -0.29146 -0.95625
vn -0.01898 0.38083 0.92445
vn 0.01898 -0.38083 -0.92445
vn -0.03307 0.371 0.92804
vn 0.03307 -0.371 -0.92804
vn -0.04072 0.37416 0.92647
vn 0.04072 -0.37416 -0.92647
vn -0.02147 0.37896 0.92516
vn 0.02147 -0.37896 -0.92516
vn -0.05107 0.36653 0.929
vn 0.05107 -0.36653 -0.929
vn -0.04146 0.3296 0.94321
vn 0.04146 -0.3296 -0.94321
vn -0.04779 0.3277 0.94357
vn 0.04779 -0.3277 -0.94357
vn -0.02051 0.31176 0.94994
vn 0.02051 -0.31175 -0.94994
vn -0.07603 0.29443 0.95264
vn 0.07603 -0.29443 -0.95264
vn -0.04142 0.31896 0.94686
vn 0.04142 -0.31896 -0.94686
vn 0.00432 0.32907 0.9443
vn -0.00432 -0.32907 -0.9443
vn -0.03389 0.37099 0.92802
vn 0.03389 -0.37099 -0.92802
vn -0.02011 0.36406 0.93116
vn 0.02011 -0.36406 -0.93116
vn -0.05077 0.32722 0.94358
vn 0.05077 -0.32722 -0.94358
vn -0.0477 0.33449 0.94119
vn 0.0477 -0.33449 -0.94119
vn -0.04878 0.33384 0.94137
vn 0.04878 -0.33384 -0.94137
vn -0.0133 0.27781 0.96054
vn 0.0133 -0.27781 -0.96054
vn -0.05162 0.27747 0.95935
vn 0.05162 -0.27747 -0.95935
vn -0.02639 0.2718 0.96199
vn 0.02639 -0.2718 -0.96199
vn -0.01313 0.31774 0.94809
vn 0.01313 -0.31774 -0.94809
vn 0.11402 0.62515 0.77213
vn -0.114 -0.62515 -0.77213
vn 0.18761 0.54685 0.81594
vn -0.18761 -0.54685 -0.81594
vn 0.1241 0.5276 0.84038
vn -0.12407 -0.52761 -0.84038
vn 0.14723 0.52924 0.8356
vn -0.14723 -0.52924 -0.8356
vn 0.1391 0.52364 0.84051
vn -0.1391 -0.52364 -0.84051
vn 0.14315 0.56715 0.81108
vn -0.14315 -0.56715 -0.81108
vn 0.18341 0.57451 0.79768
vn -0.18341 -0.57451 -0.79768
vn 0.09452 0.60919 0.78737
vn -0.09452 -0.60919 -0.78737
vn 0.14064 0.58755 0.79687
vn -0.14064 -0.58755 -0.79688
vn 0.11982 0.58076 0.80521
vn -0.11982 -0.58076 -0.80521
vn 0.12573 0.57821 0.80614
vn -0.12573 -0.57821 -0.80614
vn 0.05423 0.49772 0.86564
vn -0.05423 -0.49772 -0.86564
vn 0.10094 0.53174 0.84087
vn -0.10094 -0.53174 -0.84087
vn -0 0.40888 0.91259
vn 0 -0.40888 -0.91259
vn 0.0557 0.45411 0.8892
vn -0.0557 -0.45411 -0.8892
vn -0.0472 0.38414 0.92207
vn 0.0472 -0.38414 -0.92207
vn 0 0.42373 0.90579
vn 0 -0.42373 -0.90579
vn -0.1175 0.40534 0.90658
vn 0.1175 -0.40534 -0.90658
vn -0.04797 0.34553 0.93718
vn 0.04797 -0.34553 -0.93718
vn -0.11749 0.40534 0.90658
vn 0.11749 -0.40534 -0.90658
vn -0.11876 0.38222 0.91641
vn 0.11876 -0.38222 -0.91641
vn -0.00946 0.37603 0.92656
vn 0.00946 -0.37603 -0.92656
vn 0.26725 0.63783 0.72233
vn -0.26725 -0.63783 -0.72233
vn 0.20013 0.54547 0.81388
vn -0.20013 -0.54547 -0.81388
vn 0.24453 0.56157 0.79047
vn -0.24453 -0.56157 -0.79047
vn 0.31056 0.56279 0.76604
vn -0.31056 -0.56279 -0.76604
vn 0.29016 0.54839 0.78426
vn -0.29016 -0.54839 -0.78426
vn 0.09797 0.38424 0.91802
vn -0.09797 -0.38424 -0.91802
vn 0.3129 0.55357 0.77179
vn -0.3129 -0.55357 -0.77179
vn 0.01457 0.43593 0.89986
vn -0.01457 -0.43593 -0.89986
vn 0.09212 0.49633 0.86323
vn -0.09212 -0.49633 -0.86323
vn -0 0.39647 0.91805
vn 0 -0.39647 -0.91805
vn 0.01477 0.40884 0.91249
vn -0.01477 -0.40884 -0.91249
vn -0 0.38457 0.9231
vn 0 -0.38457 -0.9231
vn -0.02854 0.32054 0.9468
vn 0.02854 -0.32054 -0.9468
vn 0 0.34593 0.93826
vn 0 -0.34593 -0.93826
vn -0.06951 0.38401 0.92071
vn 0.06951 -0.38401 -0.92071
vn -0.02907 0.26346 0.96423
vn 0.02907 -0.26346 -0.96423
vn -0.16041 0.3524 0.922
vn 0.16041 -0.3524 -0.922
vn -0.37336 0.55421 0.74395
vn 0.37336 -0.55421 -0.74394
vn -0.16178 0.33051 0.92983
vn 0.16178 -0.33051 -0.92983
vn -0.19159 0.31323 0.93015
vn 0.19159 -0.31323 -0.93015
vn -0.16686 0.32207 0.9319
vn 0.16686 -0.32207 -0.9319
vn -0.19293 0.29233 0.93665
vn 0.19293 -0.29233 -0.93665
vn -0.15932 0.29706 0.94148
vn 0.15932 -0.29706 -0.94147
vn -0.30884 0.26742 0.91274
vn 0.3088 -0.26743 -0.91275
vn -0.15758 0.32876 0.93117
vn 0.15758 -0.32876 -0.93117
vn -0.19508 0.31818 0.92774
vn 0.19508 -0.31818 -0.92774
vn -0.19729 0.28415 0.93826
vn 0.19729 -0.28415 -0.93826
vn -0.05058 0.32703 0.94366
vn 0.05058 -0.32703 -0.94366
vn -0.20466 0.27729 0.93874
vn 0.20466 -0.27729 -0.93874
vn -0.04893 0.40494 0.91303
vn 0.04893 -0.40494 -0.91303
vn -0.00119 0.41774 0.90857
vn 0.00118 -0.41774 -0.90857
vn -0.04591 0.41733 0.9076
vn 0.04591 -0.41732 -0.9076
vn -0.03491 0.41761 0.90795
vn 0.03478 -0.41761 -0.90796
vn -0.00125 0.29233 0.95632
vn 0.00125 -0.29233 -0.95632
vn -0.04686 0.27554 0.96015
vn 0.04686 -0.27554 -0.96015
vn 0.06122 0.35036 0.93461
vn -0.06122 -0.35036 -0.93461
vn -0.04517 0.37568 0.92565
vn 0.04518 -0.37568 -0.92565
vn -0.08361 0.31933 0.94395
vn 0.08361 -0.31933 -0.94395
vn -0.08179 0.37478 0.9235
vn 0.08179 -0.37478 -0.9235
vn -0.07008 0.32059 0.94462
vn 0.07008 -0.32059 -0.94462
vn 0.11735 0.62946 0.76812
vn -0.11735 -0.62946 -0.76812
vn 0.1237 0.65682 0.74383
vn -0.12369 -0.65682 -0.74383
vn 0.11656 0.64891 0.75188
vn -0.11656 -0.64891 -0.75188
vn 0.14997 0.60501 0.78197
vn -0.14997 -0.60501 -0.78197
vn 0.1222 0.58763 0.79985
vn -0.1222 -0.58763 -0.79985
vn 0.16135 0.36892 0.91535
vn -0.16135 -0.36892 -0.91535
vn 0.17421 0.3802 0.90835
vn -0.17421 -0.3802 -0.90835
vn 0.0239 0.31617 0.9484
vn -0.0239 -0.31617 -0.9484
vn 0.15668 0.43059 0.88884
vn -0.15668 -0.43059 -0.88884
vn 0.04642 0.41578 0.90828
vn -0.04642 -0.41578 -0.90828
vn 0.02313 0.39636 0.9178
vn -0.02313 -0.39636 -0.9178
vn -0.00525 0.33865 0.9409
vn 0.00525 -0.33865 -0.9409
vn 0.04713 0.38414 0.92207
vn -0.04713 -0.38414 -0.92207
vn -0.09559 0.23711 0.96677
vn 0.09559 -0.23711 -0.96677
vn -0.00529 0.32067 0.94718
vn 0.00529 -0.32067 -0.94718
vn -0.03826 0.31466 0.94843
vn 0.03826 -0.31466 -0.94843
vn -0.09495 0.26238 0.96028
vn 0.09495 -0.26238 -0.96028
vn -0.13613 0.22748 0.96422
vn 0.13612 -0.22748 -0.96422
vn -0.0382 0.31891 0.94701
vn 0.0382 -0.31891 -0.94701
vn -0.13613 0.22748 0.96422
vn 0.13612 -0.22748 -0.96422
vn -0.10324 0.31812 0.94241
vn 0.10324 -0.31813 -0.94241
vn -0.13343 0.29821 0.94513
vn 0.13343 -0.29821 -0.94513
vn -0.10281 0.32295 0.94082
vn 0.10281 -0.32295 -0.94082
vn -0.09497 0.33206 0.93846
vn 0.09497 -0.33206 -0.93846
vn -0.16407 0.28214 0.94524
vn 0.16407 -0.28214 -0.94524
vn -0.10307 0.32268 0.94088
vn 0.10307 -0.32268 -0.94088
vn -0.0572 0.40391 0.91301
vn 0.0572 -0.40391 -0.91301
vn -0.16185 0.32313 0.93241
vn 0.16185 -0.32313 -0.93241
vn -0.08246 0.35843 0.92991
vn 0.08246 -0.35843 -0.92991
vn -0.04521 0.38753 0.92075
vn 0.04521 -0.38753 -0.92075
vn -0.01976 0.44154 0.89703
vn 0.01976 -0.44153 -0.89703
vn -0.05682 0.41719 0.90704
vn 0.05683 -0.41719 -0.90704
vn -0.02073 0.43847 0.89851
vn 0.02073 -0.43847 -0.89851
vn 0.00899 0.45655 0.88965
vn -0.009 -0.45655 -0.88965
vn -0.04948 0.26547 0.96285
vn 0.04948 -0.26547 -0.96285
vn -0.02117 0.27578 0.96099
vn 0.02117 -0.27578 -0.96099
vn -0.05623 0.25222 0.96603
vn 0.05623 -0.25222 -0.96603
vn -0.04862 0.32007 0.94615
vn 0.04862 -0.32007 -0.94615
vn 0.27003 0.60713 0.74731
vn -0.27003 -0.60713 -0.74731
vn 0.26931 0.61043 0.74489
vn -0.26931 -0.61043 -0.74489
vn 0.09681 0.50609 0.85703
vn -0.09681 -0.50609 -0.85703
vn 0.27478 0.58837 0.76047
vn -0.27478 -0.58837 -0.76047
vn 0.14565 0.58894 0.79494
vn -0.14565 -0.58894 -0.79494
vn 0.17567 0.43224 0.88448
vn -0.17567 -0.43224 -0.88448
vn 0.1042 0.37178 0.92245
vn -0.1042 -0.37178 -0.92245
vn 0.16589 0.41565 0.89427
vn -0.16589 -0.41564 -0.89427
vn 0.07448 0.20596 0.97572
vn -0.07448 -0.20596 -0.97572
vn 0.18516 0.31079 0.93227
vn -0.18516 -0.31079 -0.93227
vn 0.07987 0.42398 0.90214
vn -0.07987 -0.42398 -0.90214
vn 0.06924 0.41523 0.90708
vn -0.06924 -0.41523 -0.90708
vn 0.02743 0.28726 0.95746
vn -0.02743 -0.28726 -0.95746
vn 0.08302 0.33748 0.93766
vn -0.08302 -0.33748 -0.93766
vn -0 0.2117 0.97733
vn 0 -0.2117 -0.97733
vn 0.02781 0.23811 0.97084
vn -0.02781 -0.23811 -0.97084
vn 0.02611 0.32925 0.94388
vn -0.02611 -0.32925 -0.94388
vn 0 0.31489 0.94913
vn 0 -0.31489 -0.94913
vn 0.01774 0.3382 0.94091
vn -0.01774 -0.3382 -0.94091
vn 0.03654 0.34741 0.937
vn -0.03654 -0.34741 -0.937
vn 0.01826 0.22957 0.97312
vn -0.01826 -0.22957 -0.97312
vn 0.02694 0.22585 0.97379
vn -0.02694 -0.22585 -0.97379
vn 0.01534 0.20386 0.97888
vn -0.01533 -0.20386 -0.97888
vn 0.08349 0.43963 0.89429
vn -0.08349 -0.43963 -0.89429
vn 0.04919 0.43854 0.89737
vn -0.04918 -0.43854 -0.89737
vn 0.20637 0.295 0.93295
vn -0.20637 -0.29499 -0.93295
vn 0.09097 0.20568 0.97438
vn -0.09097 -0.20568 -0.97438
vn 0.10738 0.21648 0.97036
vn -0.10737 -0.21648 -0.97037
vn 0.20415 0.21104 0.95592
vn -0.20415 -0.21104 -0.95592
vn 0.44418 0.22216 0.86796
vn -0.44422 -0.22216 -0.86794
vn 0.05019 0.31905 0.94641
vn -0.05019 -0.31904 -0.94641
vn 0.1963 0.41707 0.88743
vn -0.1963 -0.41707 -0.88743
vn 0.04676 0.3123 0.94883
vn -0.04676 -0.3123 -0.94883
vn 0.00704 0.24641 0.96914
vn -0.00704 -0.24641 -0.96914
vn 0.05095 0.27282 0.96072
vn -0.05095 -0.27282 -0.96072
vn 0.04593 0.24615 0.96814
vn -0.04593 -0.24616 -0.96814
vn 0.0454 0.28708 0.95683
vn -0.04539 -0.28708 -0.95683
vn 0.03896 0.28478 0.9578
vn -0.03896 -0.28478 -0.9578
vn -0.01638 0.18916 0.98181
vn 0.01638 -0.18916 -0.98181
vn 0.00709 0.21169 0.97731
vn -0.0071 -0.21169 -0.97731
vn -0.00461 0.18919 0.98193
vn 0.00461 -0.18919 -0.98193
vn 0.07039 0.33905 0.93813
vn -0.07043 -0.33911 -0.93811
vn -0.01903 0.1866 0.98225
vn 0.01903 -0.1866 -0.98225
vn -0.04654 0.33788 0.94004
vn 0.04654 -0.33788 -0.94004
vn -0.01588 0.30561 0.95202
vn 0.01588 -0.30561 -0.95202
vn -0.05192 0.33125 0.94211
vn 0.05192 -0.33125 -0.94211
vn -0.05341 0.33923 0.93919
vn 0.05341 -0.33923 -0.93919
vn -0.05387 0.20358 0.97758
vn 0.05387 -0.20358 -0.97758
vn -0.05068 0.25435 0.96578
vn 0.05068 -0.25435 -0.96578
vn -0.05132 0.20362 0.9777
vn 0.05132 -0.20361 -0.97771
vn -0.01019 0.33957 0.94053
vn 0.0102 -0.33954 -0.94053
vn -0 0.24642 0.96916
vn 0 -0.24642 -0.96916
vn 0 0.24642 0.96916
vn 0 -0.24642 -0.96916
vn -0 0.18919 0.98194
vn -0 -0.18919 -0.98194
vn -0 0.26594 0.96399
vn 0 -0.26594 -0.96399
vn -0 0.24642 0.96916
vn 0 -0.24642 -0.96916
vn 0 0.24642 0.96916
vn 0 -0.24642 -0.96916
vn -0 0.24642 0.96916
vn 0 -0.24642 -0.96916
vn -0.00544 0.18394 0.98292
vn 0.00544 -0.18394 -0.98292
vn -0.00085 0.18918 0.98194
vn 0.00085 -0.18918 -0.98194
vn 0 0.18587 0.98257
vn 0 -0.18587 -0.98257
vn 0.00258 0.19167 0.98146
vn -0.00258 -0.19167 -0.98146
vn 0.01174 0.21 0.97763
vn -0.01174 -0.21 -0.97763
vn 0.0148 0.22689 0.97381
vn -0.0148 -0.22689 -0.97381
vn -0.00706 0.2309 0.97295
vn 0.00706 -0.2309 -0.97295
vn -0.00219 0.24642 0.96916
vn 0.00219 -0.24642 -0.96916
vn 0.01164 0.24363 0.9698
vn -0.01164 -0.24363 -0.9698
vn -0.0064 0.22876 0.97346
vn 0.00641 -0.22876 -0.97346
vn -0.00648 0.24396 0.96976
vn 0.00648 -0.24396 -0.96976
vn -0.00168 0.22933 0.97335
vn 0.00168 -0.22933 -0.97335
vn -0.00327 0.18766 0.98223
vn 0.00327 -0.18766 -0.98223
vn -0.00714 0.18393 0.98291
vn 0.00714 -0.18393 -0.98291
vn -0.00367 0.1869 0.98237
vn 0.00367 -0.1869 -0.98237
vn -0.00099 0.27641 0.96104
vn 0.00099 -0.27641 -0.96104
vn -0.0032 0.27436 0.96162
vn 0.0032 -0.27436 -0.96162
vn -0.05713 0.2909 0.95505
vn 0.05713 -0.2909 -0.95505
vn -0.001 0.2387 0.97109
vn 0.001 -0.2387 -0.97109
vn -0.05714 0.2909 0.95504
vn 0.05714 -0.2909 -0.95504
vn -0.05852 0.19972 0.9781
vn 0.05852 -0.19977 -0.97809
vn -0.05937 0.19577 0.97885
vn 0.05937 -0.19577 -0.97885
vn -0.05861 0.19663 0.97872
vn 0.05861 -0.19663 -0.97872
vn 0.08526 0.20925 0.97414
vn -0.08526 -0.20925 -0.97414
vn 0.08131 0.228 0.97026
vn -0.08131 -0.228 -0.97026
vn 0.08501 0.22242 0.97124
vn -0.08501 -0.22243 -0.97124
vn 0.09445 0.17296 0.98039
vn -0.09445 -0.17296 -0.98039
vn 0.08452 0.16147 0.98325
vn -0.08452 -0.16147 -0.98325
vn -0 0.14682 0.98916
vn 0 -0.14682 -0.98916
vn 0.09317 0.23672 0.9671
vn -0.09317 -0.23672 -0.9671
vn 0.09486 0.14616 0.9847
vn -0.09486 -0.14616 -0.9847
vn 0.00139 0.15417 0.98804
vn -0.00139 -0.15417 -0.98804
vn -0.02346 0.17687 0.98395
vn 0.02346 -0.17687 -0.98395
vn 0 0.18791 0.98219
vn 0 -0.18791 -0.98219
vn -0.04274 0.15108 0.9876
vn 0.04274 -0.15108 -0.9876
vn -0.03826 0.1553 0.98713
vn 0.03826 -0.1553 -0.98713
vn -0.02349 0.16969 0.98522
vn 0.02349 -0.16969 -0.98522
vn -0.00751 0.19471 0.98083
vn 0.00751 -0.19471 -0.98083
vn -0.03758 0.16275 0.98595
vn 0.03758 -0.16275 -0.98595
vn -0.06147 0.31956 0.94557
vn 0.06146 -0.31956 -0.94557
vn -0.03698 0.29738 0.95404
vn 0.03698 -0.29738 -0.95404
vn -0.06147 0.31956 0.94557
vn 0.06147 -0.31956 -0.94557
vn -0.06248 0.26922 0.96105
vn 0.06248 -0.26922 -0.96105
vn -0.11659 0.22582 0.96717
vn 0.11659 -0.22582 -0.96717
vn -0.07124 0.2376 0.96875
vn 0.07124 -0.2376 -0.96875
vn -0.01684 0.16515 0.98612
vn 0.01684 -0.16515 -0.98612
vn -0.1342 0.22532 0.965
vn 0.13419 -0.22533 -0.965
vn -0.12769 0.22818 0.96521
vn 0.12769 -0.22818 -0.96521
vn -0.13295 0.26137 0.95604
vn 0.13294 -0.26137 -0.95604
vn -0.0865 0.14627 0.98546
vn 0.0865 -0.14627 -0.98546
vn -0.09515 0.16443 0.98179
vn 0.09515 -0.16442 -0.98179
vn -0.09013 0.15829 0.98327
vn 0.09013 -0.15829 -0.98327
vn -0.1034 0.1392 0.98485
vn 0.1034 -0.1392 -0.98485
vn -0.09114 0.13886 0.98611
vn 0.09114 -0.13886 -0.98611
vn -0.09556 0.13651 0.98602
vn 0.09556 -0.13651 -0.98602
vn -0.10316 0.15459 0.98258
vn 0.10316 -0.15458 -0.98258
vn -0.04047 0.21546 0.97567
vn 0.04047 -0.21546 -0.97567
vn -0.10316 0.15458 0.98258
vn 0.10316 -0.15458 -0.98258
vn -0.03957 0.29735 0.95395
vn 0.03957 -0.29735 -0.95395
vn -0.08801 0.25232 0.96363
vn 0.08801 -0.25233 -0.96363
vn -0.08859 0.22648 0.96998
vn 0.08859 -0.22648 -0.96998
vn -0.04876 0.29804 0.95331
vn 0.04876 -0.29804 -0.95331
vn 0.01123 0.36101 0.9325
vn -0.01123 -0.36101 -0.9325
vn -0.01186 0.22737 0.97374
vn 0.01186 -0.22737 -0.97374
vn -0.01956 0.29834 0.95426
vn 0.01956 -0.29834 -0.95426
vn -0.01808 0.2929 0.95597
vn 0.01808 -0.2929 -0.95597
vn -0.04479 0.26345 0.96363
vn 0.04478 -0.26345 -0.96363
vn -0.01193 0.20268 0.97917
vn 0.01193 -0.20268 -0.97917
vn -0.04871 0.25247 0.96638
vn 0.04871 -0.25247 -0.96638
vn -0.0495 0.26477 0.96304
vn 0.0495 -0.26477 -0.96304
vn -0.02124 0.14335 0.98944
vn 0.02124 -0.14335 -0.98944
vn -0.02488 0.1371 0.99025
vn 0.02488 -0.1371 -0.99025
vn -0.02189 0.13879 0.99008
vn 0.02189 -0.13879 -0.99008
vn 0.01885 0.21135 0.97723
vn -0.01885 -0.21134 -0.97723
vn 0.01207 0.20604 0.97847
vn -0.01207 -0.20604 -0.97847
vn -0.0406 0.2529 0.96664
vn 0.0406 -0.2529 -0.96664
vn 0.01882 0.21902 0.97554
vn -0.01881 -0.21902 -0.97554
vn -0.0358 0.27787 0.95995
vn 0.0358 -0.27788 -0.95995
vn 0 0.24189 0.9703
vn -0 -0.24189 -0.9703
vn -0.01211 0.26207 0.96497
vn 0.0121 -0.26206 -0.96497
vn -0 0.28479 0.95859
vn 0 -0.28479 -0.95859
vn 0.06108 0.36967 0.92715
vn -0.06108 -0.36967 -0.92715
vn 0 0.3158 0.94882
vn 0 -0.3158 -0.94882
vn 0 0.35313 0.93557
vn 0 -0.35313 -0.93557
vn 0.02181 0.32631 0.94501
vn -0.02181 -0.32631 -0.94501
vn -0.01862 0.29894 0.95409
vn 0.01862 -0.29893 -0.95409
vn 0.28799 0.67191 0.68235
vn -0.28799 -0.67191 -0.68235
vn 0.05569 0.53132 0.84534
vn -0.05569 -0.53132 -0.84534
vn -0.02431 0.57504 0.81776
vn 0.02431 -0.57504 -0.81776
vn 0.26629 0.72871 0.63093
vn -0.26629 -0.72871 -0.63093
vn 0.08134 0.70881 0.70069
vn -0.08134 -0.70881 -0.70069
vn -0.02247 0.65438 0.75584
vn 0.02247 -0.65438 -0.75584
vn 0.04957 0.53045 0.84627
vn -0.04957 -0.53045 -0.84627
vn 0.09537 0.56218 0.8215
vn -0.09537 -0.56218 -0.8215
vn 0.05667 0.56179 0.82533
vn -0.05667 -0.56179 -0.82533
vn 0.04859 0.5563 0.82956
vn -0.04859 -0.5563 -0.82956
vn -0 0.32891 0.94436
vn 0 -0.32891 -0.94436
vn 0.06325 0.38407 0.92113
vn -0.06325 -0.38407 -0.92113
vn -0.1026 0.14176 0.98457
vn 0.1026 -0.14176 -0.98457
vn -0.10595 0.15877 0.98161
vn 0.10596 -0.15882 -0.98161
vn -0.10186 0.1851 0.97743
vn 0.10186 -0.1851 -0.97743
vn -0.12841 0.17335 0.97645
vn 0.12841 -0.17335 -0.97645
vn 0.11045 0.47989 0.87035
vn -0.11045 -0.47989 -0.87035
vn -0.09876 0.30351 0.94769
vn 0.09876 -0.30351 -0.94769
vn -0.09308 0.43995 0.89319
vn 0.09308 -0.43997 -0.89318
vn -0.06387 0.32298 0.94425
vn 0.06387 -0.32298 -0.94425
vn -0.1267 0.27754 0.95232
vn 0.1267 -0.27754 -0.95232
vn 0.21227 0.69224 0.68974
vn -0.21227 -0.69224 -0.68974
vn 0.09753 0.63232 0.76854
vn -0.09753 -0.63232 -0.76854
vn 0.05137 0.56792 0.82148
vn -0.05137 -0.56792 -0.82148
vn 0.21916 0.66696 0.71213
vn -0.21916 -0.66696 -0.71213
vn 0.03212 0.67565 0.73652
vn -0.03212 -0.67565 -0.73652
vn 0.0456 0.68275 0.72923
vn -0.0456 -0.68275 -0.72923
vn 0.05469 0.5933 0.80312
vn -0.05469 -0.5933 -0.80312
vn 0.03547 0.58086 0.81323
vn -0.03547 -0.58086 -0.81323
vn -0 0.40998 0.91209
vn 0 -0.40998 -0.91209
vn 0.06036 0.45883 0.88647
vn -0.06036 -0.45883 -0.88647
vn 0.02112 0.46564 0.88472
vn -0.02112 -0.46564 -0.88472
vn 0.02962 0.49299 0.86953
vn -0.02963 -0.49299 -0.86953
vn 0.03565 0.47932 0.87691
vn -0.03565 -0.47932 -0.87691
vn 0.0362 0.46537 0.88438
vn -0.0362 -0.46537 -0.88438
vn 0 0.49216 0.87051
vn 0 -0.49216 -0.87051
vn 0.01159 0.47276 0.88111
vn -0.01159 -0.47276 -0.88111
vn 0.04386 0.45317 0.89034
vn -0.04386 -0.45317 -0.89034
vn 0.03731 0.39569 0.91763
vn -0.03731 -0.39569 -0.91763
vn 0 0.18607 0.98254
vn -0 -0.18607 -0.98254
vn -0.03662 0.18594 0.98188
vn 0.03662 -0.18595 -0.98188
vn -0.02112 0.22102 0.97504
vn 0.02112 -0.22102 -0.97504
vn 0.00987 0.48282 0.87566
vn -0.00987 -0.48282 -0.87566
vn 0 0.49036 0.87152
vn 0 -0.49036 -0.87152
vn 0.15351 0.5795 0.80038
vn -0.1535 -0.5795 -0.80038
vn 0.11194 0.6058 0.7877
vn -0.11194 -0.60581 -0.7877
vn 0.12951 0.60678 0.78425
vn -0.12951 -0.60678 -0.78425
vn 0.15238 0.58782 0.79451
vn -0.15238 -0.58782 -0.79451
vn 0.13117 0.58281 0.80196
vn -0.13117 -0.58281 -0.80196
vn 0.10768 0.61075 0.78447
vn -0.10768 -0.61075 -0.78447
vn 0.18572 0.55615 0.81006
vn -0.18572 -0.55615 -0.81006
vn 0.14858 0.61466 0.77467
vn -0.14857 -0.61466 -0.77467
vn 0.15586 0.56149 0.81267
vn -0.15586 -0.56149 -0.81267
vn 0.02595 0.53429 0.8449
vn -0.02595 -0.53429 -0.8449
vn 0.15561 0.5608 0.8132
vn -0.15561 -0.5608 -0.8132
vn 0.02722 0.46222 0.88635
vn -0.02722 -0.46222 -0.88635
vn -0 0.45482 0.89059
vn 0 -0.45482 -0.89059
vn 0.02132 0.45952 0.88791
vn -0.02132 -0.45952 -0.88791
vn 0 0.42751 0.90401
vn 0 -0.42751 -0.90401
vn -0.03864 0.42341 0.90511
vn 0.03864 -0.42341 -0.90511
vn -0.03895 0.40733 0.91245
vn 0.03895 -0.40733 -0.91245
vn -0.03263 0.40795 0.91242
vn 0.03262 -0.40795 -0.91242
vn 0.0934 0.70529 0.70274
vn -0.0934 -0.70529 -0.70274
vn 0.00749 0.74746 0.66426
vn -0.00749 -0.74746 -0.66426
vn 0.22822 0.55367 0.80085
vn -0.22822 -0.55367 -0.80085
vn 0.10108 0.64142 0.7605
vn -0.10107 -0.64142 -0.7605
vn 0.01338 0.67594 0.73684
vn -0.01338 -0.67594 -0.73684
vn 0.23234 0.53038 0.8153
vn -0.23234 -0.53038 -0.8153
vn 0 0.59419 0.80433
vn -0 -0.59419 -0.80433
vn 0.01473 0.58455 0.81122
vn -0.01473 -0.58455 -0.81122
vn 0.06786 0.39548 0.91596
vn -0.06786 -0.39548 -0.91596
vn 0 0.42829 0.90364
vn -0 -0.42831 -0.90363
vn 0.05473 0.43194 0.90024
vn -0.05468 -0.43196 -0.90023
vn -0.00084 0.45206 0.89199
vn 0.00084 -0.45206 -0.89199
vn -0.04268 0.31133 0.94934
vn 0.04268 -0.31133 -0.94934
vn -0.00269 0.35806 0.9337
vn 0.00269 -0.35805 -0.9337
vn -0.04198 0.35581 0.93361
vn 0.04198 -0.35581 -0.93361
vn 0.00578 0.37121 0.92853
vn -0.00575 -0.3712 -0.92853
vn 0.11833 0.39934 0.90913
vn -0.11836 -0.39935 -0.90913
vn -0 0.28932 0.95723
vn -0 -0.28932 -0.95723
vn 0.12131 0.18628 0.97498
vn -0.12131 -0.18628 -0.97498
vn 0.0812 0.19523 0.97739
vn -0.08126 -0.19522 -0.97739
vn 0.12071 0.21024 0.97017
vn -0.12071 -0.21024 -0.97017
vn 0.08877 0.24387 0.96574
vn -0.08877 -0.24387 -0.96574
vn 0.11873 0.27445 0.95424
vn -0.11873 -0.27445 -0.95424
vn 0.12114 0.19342 0.97361
vn -0.12114 -0.19342 -0.97361
vn 0.0039 0.26506 0.96422
vn -0.0039 -0.26506 -0.96422
vn 0.02776 0.161 0.98656
vn -0.02776 -0.161 -0.98656
vn 0 0.25882 0.96593
vn -0 -0.25882 -0.96593
vn 0.00863 0.18436 0.98282
vn -0.00863 -0.18436 -0.98282
vn -0.06117 0.18014 0.98174
vn 0.06117 -0.18014 -0.98174
vn 0 0.2387 0.97109
vn 0 -0.2387 -0.97109
vn -0.00851 0.1961 0.98055
vn 0.0085 -0.1961 -0.98055
vn -0.06028 0.24539 0.96755
vn 0.06028 -0.24539 -0.96755
vn -0.00851 0.19611 0.98055
vn 0.00851 -0.19611 -0.98055
vn -0.00854 0.17693 0.98419
vn 0.00854 -0.17693 -0.98419
vn -0.01869 0.16971 0.98532
vn 0.01869 -0.16971 -0.98532
vn 0 0.24484 0.96956
vn -0 -0.24484 -0.96956
vn -0 0.23301 0.97247
vn 0 -0.23301 -0.97247
vn 0.00102 0.16205 0.98678
vn -0.00102 -0.16205 -0.98678
vn 0 0.16106 0.98695
vn 0 -0.16106 -0.98695
vn 0.00046 0.16143 0.98688
vn 6E-05 -0.16143 -0.98688
vn 0 0.16144 0.98688
vn 0 -0.16143 -0.98688
vn 0.00042 0.16078 0.98699
vn -0.00043 -0.1608 -0.98699
vn 0.001 0.16142 0.98688
vn -0.001 -0.16142 -0.98688
vn 0.0005 0.16167 0.98684
vn -0.0005 -0.16167 -0.98684
vn 0.00062 0.16118 0.98692
vn -0.00062 -0.16118 -0.98692
vn 0.06041 0.23732 0.96955
vn -0.06041 -0.23732 -0.96955
vn 0.00101 0.18048 0.98358
vn -0.00101 -0.18048 -0.98358
vn 0.06028 0.24539 0.96755
vn -0.06028 -0.24539 -0.96755
vn 0 0.16974 0.98549
vn -0 -0.16974 -0.98549
vn 0 0.16974 0.98549
vn 0 -0.16974 -0.98549
vn 0 0.16974 0.98549
vn -0 -0.16974 -0.98549
vn 1E-05 0.16973 0.98549
vn 1E-05 -0.16974 -0.98549
vn 4E-05 0.1697 0.9855
vn -4E-05 -0.1697 -0.9855
vn 0 0.32016 0.94736
vn 0 -0.32016 -0.94736
vn -0.03923 0.30542 0.95141
vn 0.03924 -0.30542 -0.95141
vn -0.00532 0.27436 0.96161
vn 0.00532 -0.27436 -0.96161
vn -0.03943 0.29015 0.95617
vn 0.03943 -0.29016 -0.95617
vn -0.02445 0.29954 0.95377
vn 0.02445 -0.29954 -0.95377
vn -0.04175 0.3077 0.95057
vn 0.04175 -0.30769 -0.95057
vn -0.01465 0.25465 0.96692
vn 0.01464 -0.25465 -0.96692
vn -0.03984 0.25507 0.9661
vn 0.03984 -0.25507 -0.9661
vn -0.03942 0.29115 0.95586
vn 0.03942 -0.29115 -0.95586
vn 0 0.46239 0.88668
vn 0 -0.46239 -0.88668
vn -0.00131 0.4626 0.88657
vn 0.00131 -0.4626 -0.88656
vn -0.00131 0.46339 0.88615
vn 0.0013 -0.46339 -0.88615
vn -0.00319 0.46489 0.88536
vn 0.00318 -0.46489 -0.88536
vn -0.00057 0.46342 0.88614
vn 0.00058 -0.46341 -0.88614
vn -0.00116 0.46343 0.88613
vn 0.00116 -0.46343 -0.88613
vn -0.02553 0.40322 0.91475
vn 0.02553 -0.40321 -0.91475
vn -0.00134 0.40869 0.91267
vn 0.00134 -0.40869 -0.91267
vn -0.02491 0.40653 0.9133
vn 0.02491 -0.40653 -0.9133
vn -0.02895 0.34804 0.93703
vn 0.02896 -0.34804 -0.93703
vn -0.02616 0.34756 0.93729
vn 0.02616 -0.34756 -0.93729
vn -0.02571 0.38817 0.92123
vn 0.0257 -0.38817 -0.92123
vn -0.00136 0.3893 0.92111
vn 0.00136 -0.3893 -0.92111
vn -0.02627 0.33648 0.94133
vn 0.02626 -0.33648 -0.94133
vn -0.02856 0.49301 0.86956
vn 0.02856 -0.49301 -0.86956
vn -0.02795 0.47093 0.88173
vn 0.02795 -0.47093 -0.88173
vn -0.0283 0.47099 0.88169
vn 0.02823 -0.47098 -0.88169
vn -0.02858 0.49301 0.86955
vn 0.02858 -0.49301 -0.86955
vn 0 0.47122 0.88201
vn 0 -0.47122 -0.88201
vn 0.00283 0.46891 0.88324
vn -0.00284 -0.46891 -0.88324
vn -0 0.40274 0.91531
vn 0 -0.40274 -0.91531
vn -0.03014 0.39764 0.91705
vn 0.03014 -0.39764 -0.91705
vn -0 0.34819 0.93742
vn -0 -0.34819 -0.93742
vn 0.00038 0.40838 0.91281
vn -0.00038 -0.40838 -0.91281
vn 0.02022 0.39029 0.92047
vn -0.02022 -0.39029 -0.92047
vn 0.00038 0.37709 0.92618
vn -0.00038 -0.37709 -0.92618
vn -0.00052 0.33291 0.94296
vn 0.00052 -0.33291 -0.94296
vn -0.00272 0.33362 0.9427
vn 0.00272 -0.33362 -0.9427
vn -0.00226 0.33342 0.94277
vn 0.00227 -0.33342 -0.94277
vn -0.00052 0.33425 0.94249
vn 0.00052 -0.33424 -0.94249
vn -0.00075 0.33487 0.94227
vn 0.00075 -0.33487 -0.94227
vn -0.00052 0.31967 0.94753
vn 0.00052 -0.31967 -0.94753
vn -0.00053 0.28602 0.95822
vn 0.00052 -0.28602 -0.95822
vn -0.07446 0.2966 0.95209
vn 0.07446 -0.2966 -0.95209
vn -0.01837 0.27185 0.96216
vn 0.01837 -0.27185 -0.96217
vn -0.05265 0.30557 0.95071
vn 0.05265 -0.30557 -0.95071
vn -0.01751 0.2715 0.96228
vn 0.01751 -0.2715 -0.96228
vn -0.02397 0.28004 0.95969
vn 0.02397 -0.28004 -0.95969
vn -0.05243 0.31733 0.94687
vn 0.05243 -0.31733 -0.94687
vn 0.03125 0.33045 0.94331
vn -0.03128 -0.33046 -0.9433
vn -0.01156 0.2842 0.9587
vn 0.01156 -0.2842 -0.9587
vn -0.03779 0.28186 0.95871
vn 0.03779 -0.28186 -0.95871
vn -0.02534 0.31346 0.94926
vn 0.02535 -0.31346 -0.94926
vn -0.01158 0.27799 0.96051
vn 0.01158 -0.278 -0.96051
vn -0.05428 0.25638 0.96505
vn 0.05428 -0.25638 -0.96505
vn 0.0277 0.30329 0.95249
vn -0.02769 -0.30329 -0.9525
vn -0.10176 0.22463 0.96912
vn 0.10176 -0.22463 -0.96912
vn -0.05449 0.24187 0.96878
vn 0.05449 -0.24187 -0.96878
vn -0.01674 0.27963 0.95996
vn 0.01674 -0.27963 -0.95996
vn -0.05449 0.24188 0.96878
vn 0.05449 -0.24188 -0.96878
vn 0.00648 0.34852 0.93728
vn -0.00648 -0.34852 -0.93728
vn 0.00039 0.35231 0.93588
vn -0.00039 -0.35231 -0.93588
vn 0.00039 0.35231 0.93588
vn -0.00039 -0.35231 -0.93588
vn 0.00645 0.35384 0.93528
vn -0.00645 -0.35384 -0.93528
vn 0.0006 0.35058 0.93653
vn -0.0006 -0.35058 -0.93653
vn -0.0002 0.35034 0.93662
vn 0.0002 -0.35034 -0.93662
vn 0.00646 0.3485 0.93729
vn -0.00646 -0.3485 -0.93729
vn -0 0.25059 0.96809
vn 0 -0.25059 -0.96809
vn 0.00666 0.25682 0.96643
vn -0.00666 -0.25682 -0.96643
vn 0.00667 0.25373 0.96725
vn -0.00667 -0.25373 -0.96725
vn 0.00242 0.25677 0.96647
vn -0.00242 -0.25677 -0.96647
vn 0.00715 0.25496 0.96692
vn -0.00715 -0.25496 -0.96692
vn 0.53045 0.66616 0.52426
vn -0.53043 -0.66615 -0.52429
vn 0.00738 0.34202 0.93966
vn -0.00738 -0.34202 -0.93966
vn 0 0.33548 0.94205
vn 0 -0.33548 -0.94205
vn 0.00277 0.29068 0.95682
vn -0.00277 -0.29067 -0.95682
vn 0.00751 0.29282 0.95614
vn -0.00751 -0.29282 -0.95614
vn 0.00433 0.28848 0.95748
vn -0.00432 -0.28848 -0.95748
vn -0.00187 0.28422 0.95876
vn 0.00187 -0.28422 -0.95876
vn 0.00281 0.24223 0.97021
vn -0.00281 -0.24223 -0.97021
vn 0.00285 0.25059 0.96809
vn -0.00285 -0.25059 -0.96809
vn -0.00666 0.25948 0.96573
vn 0.00666 -0.25948 -0.96573
vn 0.00284 0.25873 0.96594
vn -0.00285 -0.25873 -0.96595
vn -0.00737 0.2595 0.96571
vn 0.00737 -0.2595 -0.96571
vn 0.00337 0.2501 0.96821
vn -0.00338 -0.25009 -0.96822
vn -0 0.33958 0.94058
vn 0 -0.33959 -0.94057
vn 0.00277 0.34202 0.93969
vn -0.00277 -0.34202 -0.93969
vn 5E-05 0.33978 0.9405
vn -5E-05 -0.33978 -0.9405
vn 0.03038 0.28835 0.95704
vn -0.03038 -0.28835 -0.95704
vn 0 0.36561 0.93077
vn 0 -0.3656 -0.93077
vn 0.01951 0.28983 0.95688
vn -0.01951 -0.28983 -0.95688
vn 0.00277 0.33957 0.94058
vn -0.00278 -0.33957 -0.94058
vn -0.03097 0.21554 0.976
vn 0.03097 -0.21554 -0.976
vn -0.021 0.20804 0.9779
vn 0.021 -0.20804 -0.9779
vn -0.02325 0.21404 0.97655
vn 0.02325 -0.21404 -0.97655
vn -0.02243 0.21366 0.97665
vn 0.02243 -0.21366 -0.97665
vn -0.03103 0.20596 0.97807
vn 0.03103 -0.20596 -0.97807
vn -0.02802 0.20762 0.97781
vn 0.02802 -0.20762 -0.97781
vn -0.00489 0.31405 0.94939
vn 0.00489 -0.31405 -0.94939
vn -0.00489 0.30964 0.95084
vn 0.00489 -0.30964 -0.95084
vn -0.00225 0.31361 0.94955
vn 0.00225 -0.31361 -0.94955
vn -0.00222 0.30976 0.95081
vn 0.00222 -0.30976 -0.95081
vn 0 0.31051 0.95057
vn 0 -0.31051 -0.95057
vn -0.00488 0.31468 0.94918
vn 0.00488 -0.31468 -0.94918
vn -0.00488 0.31661 0.94854
vn 0.00488 -0.31661 -0.94854
vn -0.03068 0.25319 0.96693
vn 0.03068 -0.25319 -0.96693
vn -0.0309 0.25317 0.96693
vn 0.0309 -0.25317 -0.96693
vn -0.03095 0.25313 0.96694
vn 0.03095 -0.25313 -0.96694
vn -0.0309 0.25299 0.96698
vn 0.0309 -0.25299 -0.96697
vn -0.03068 0.25311 0.96695
vn 0.03068 -0.25311 -0.96695
vn -0.03085 0.25298 0.96698
vn 0.03083 -0.25298 -0.96698
vn -0.0309 0.25298 0.96698
vn 0.0309 -0.25298 -0.96698
vn -0.06301 0.2978 0.95255
vn 0.06301 -0.2978 -0.95255
vn -0.03064 0.2821 0.95889
vn 0.03064 -0.28211 -0.95889
vn -0.03064 0.2821 0.95889
vn 0.03064 -0.2821 -0.95889
vn -0.09886 0.24196 0.96524
vn 0.09886 -0.24196 -0.96524
vn -0.08747 0.29725 0.95078
vn 0.08747 -0.29725 -0.95078
vn -0.03495 0.28886 0.95673
vn 0.03495 -0.28886 -0.95673
vn -0.03381 0.27204 0.96169
vn 0.03381 -0.27204 -0.96169
vn -0.07408 0.2789 0.95746
vn 0.07408 -0.2789 -0.95746
vn -0.07405 0.27889 0.95746
vn 0.07405 -0.27889 -0.95746
vn -0.08901 0.23698 0.96743
vn 0.08901 -0.23699 -0.96743
vn -0.03302 0.24121 0.96991
vn 0.03302 -0.24121 -0.96991
vn -0.08607 0.20194 0.97561
vn 0.08607 -0.20194 -0.97561
vn -0.04723 0.23164 0.97166
vn 0.04723 -0.23164 -0.97166
vn -0.04603 0.31848 0.94681
vn 0.04603 -0.31848 -0.94681
vn -0.09448 0.24108 0.96589
vn 0.09448 -0.24108 -0.96589
vn -0.15017 0.27822 0.94871
vn 0.15017 -0.27822 -0.94871
vn -0.13903 0.28485 0.94844
vn 0.13903 -0.28485 -0.94843
vn -0.04584 0.32979 0.94294
vn 0.04584 -0.32978 -0.94294
vn -0.05767 0.31915 0.94595
vn 0.05767 -0.31916 -0.94595
vn -0.04594 0.32392 0.94497
vn 0.04594 -0.32392 -0.94497
vn -0.0539 0.32741 0.94334
vn 0.0539 -0.32741 -0.94334
vn -0.05376 0.31923 0.94615
vn 0.05376 -0.31923 -0.94615
vn -0.06781 0.25322 0.96503
vn 0.06781 -0.25322 -0.96503
vn -0.05886 0.25337 0.96558
vn 0.05886 -0.25337 -0.96558
vn -0.13293 0.17418 0.9757
vn 0.13293 -0.17418 -0.9757
vn -0.06095 0.24546 0.96749
vn 0.06095 -0.24546 -0.96749
vn 0 0.37375 0.92753
vn -0 -0.37375 -0.92753
vn 0 0.37376 0.92752
vn -0 -0.37377 -0.92752
vn -0 0.37375 0.92753
vn 0 -0.37375 -0.92753
vn 0 0.37375 0.92753
vn -0 -0.37375 -0.92753
vn -1E-05 0.37375 0.92753
vn 1E-05 -0.37376 -0.92753
vn -1E-05 0.37376 0.92753
vn 1E-05 -0.37376 -0.92753
vn -0 0.26528 0.96417
vn -0 -0.26528 -0.96417
vn -0 0.27287 0.96205
vn -0 -0.27287 -0.96205
vn 0.03105 0.2939 0.95533
vn -0.03105 -0.2939 -0.95533
vn 0.03122 0.28399 0.95832
vn -0.03122 -0.28399 -0.95832
vn 0 0.2841 0.95879
vn 0 -0.2841 -0.9588
vn -0.00239 0.27609 0.96113
vn 0.00239 -0.27609 -0.96113
vn 0.03153 0.24905 0.96798
vn -0.03153 -0.24905 -0.96798
vn 0 0.36519 0.93093
vn -0 -0.36519 -0.93093
vn -0.00125 0.36179 0.93226
vn 0.00125 -0.36179 -0.93226
vn -0.00156 0.3658 0.93069
vn 0.00156 -0.3658 -0.93069
vn -0.00236 0.36208 0.93214
vn 0.00236 -0.36208 -0.93214
vn -0.0047 0.36518 0.93093
vn 0.0047 -0.36518 -0.93093
vn -0.0014 0.36152 0.93236
vn 0.0014 -0.36152 -0.93236
vn -0.09569 0.15694 0.98296
vn 0.09569 -0.15694 -0.98296
vn 0 0.19838 0.98013
vn 0 -0.19837 -0.98013
vn 0.08871 0.30128 0.9494
vn -0.08872 -0.30129 -0.9494
vn -0.06075 0.25313 0.96552
vn 0.06075 -0.25313 -0.96552
vn -0.09229 0.30431 0.94809
vn 0.09229 -0.30431 -0.94809
vn -0.0069 0.26705 0.96366
vn 0.0069 -0.26705 -0.96366
vn 0.01414 0.22277 0.97477
vn -0.01414 -0.22277 -0.97477
vn -0.00693 0.24769 0.96881
vn 0.00693 -0.24769 -0.96882
vn -0.00838 0.24329 0.96992
vn 0.00839 -0.24329 -0.96992
vn -0.01463 0.24256 0.97003
vn 0.01462 -0.24256 -0.97003
vn 0.09532 0.30223 0.94846
vn -0.09532 -0.30223 -0.94846
vn 0.00336 0.38371 0.92345
vn -0.00336 -0.38371 -0.92345
vn 0.09404 0.34 0.93571
vn -0.09404 -0.34 -0.93571
vn 0.04703 0.32208 0.94554
vn -0.04703 -0.32208 -0.94554
vn 0.10114 0.29687 0.94955
vn -0.10114 -0.29687 -0.94955
vn 0.01086 0.22469 0.97437
vn -0.01086 -0.22469 -0.97437
vn 0.09746 0.22363 0.96979
vn -0.09746 -0.22363 -0.96979
vn 0.07121 0.24854 0.966
vn -0.07121 -0.24854 -0.966
vn 0.00936 0.30809 0.95131
vn -0.00936 -0.30809 -0.95131
vn 0.01061 0.30759 0.95146
vn -0.01061 -0.30759 -0.95146
vn 0.09862 0.16542 0.98128
vn -0.09862 -0.16542 -0.98128
vn 0.01099 0.16622 0.98603
vn -0.01099 -0.16622 -0.98603
vn 0.03463 0.16552 0.9856
vn -0.03458 -0.16552 -0.9856
vn 0.01063 0.30059 0.9537
vn -0.01063 -0.30059 -0.9537
vn 0.00361 0.29845 0.95442
vn -0.00361 -0.29845 -0.95442
vn 0.00826 0.29933 0.95411
vn -0.00826 -0.29933 -0.95411
vn -0.07262 0.3827 0.92101
vn 0.07262 -0.3827 -0.92101
vn -0.0034 0.35844 0.93354
vn 0.0034 -0.35844 -0.93354
vn 0.06763 0.3084 0.94885
vn -0.06763 -0.3084 -0.94885
vn -0.07443 0.32128 0.94406
vn 0.07443 -0.32128 -0.94406
vn -0 0.20347 0.97908
vn 0 -0.20347 -0.97908
vn -0.07752 0.16512 0.98322
vn 0.07752 -0.16512 -0.98322
vn -0.07678 0.21413 0.97378
vn 0.07678 -0.21413 -0.97378
vn -0.06284 0.23907 0.96897
vn 0.06281 -0.23909 -0.96896
vn 0.0272 0.22619 0.9737
vn -0.0272 -0.22619 -0.9737
vn -0.06673 0.23624 0.9694
vn 0.06673 -0.23624 -0.9694
vn -0.05802 0.20729 0.97656
vn 0.05802 -0.20729 -0.97656
vn -0.06166 0.20534 0.97675
vn 0.06166 -0.20534 -0.97675
vn -0 0.29845 0.95443
vn -0 -0.29845 -0.95442
vn -0.00115 0.2553 0.96686
vn 0.00115 -0.2553 -0.96686
vn 0 0.25508 0.96692
vn -1E-05 -0.25508 -0.96692
vn 0 0.25409 0.96718
vn -0 -0.25409 -0.96718
vn -0.00179 0.25428 0.96713
vn 0.00179 -0.25428 -0.96713
vn -0.00143 0.25508 0.96692
vn 0.00143 -0.25508 -0.96692
vn -0.00117 0.25478 0.967
vn 0.00117 -0.25478 -0.967
vn -0.00115 0.25395 0.96722
vn 0.00115 -0.25395 -0.96722
vn -2E-05 0.25866 0.96597
vn 2E-05 -0.25866 -0.96597
vn 0 0.25866 0.96597
vn 0 -0.25866 -0.96597
vn 1E-05 0.25865 0.96597
vn -1E-05 -0.25865 -0.96597
vn -0 0.25867 0.96597
vn -0 -0.25867 -0.96597
vn -0.03014 0.37372 0.92705
vn 0.03014 -0.37372 -0.92705
vn 0 0.37389 0.92747
vn 0 -0.37389 -0.92747
vn -0.03045 0.34892 0.93666
vn 0.03045 -0.34892 -0.93666
vn -0.00883 0.36712 0.93013
vn 0.00883 -0.36712 -0.93013
vn 0.01291 0.35667 0.93414
vn -0.01291 -0.35667 -0.93414
vn -0.10956 0.59278 0.79788
vn 0.10954 -0.59275 -0.7979
vn -0.00454 0.35172 0.93609
vn 0.00454 -0.35172 -0.93609
vn -0.03173 0.21522 0.97605
vn 0.03173 -0.21522 -0.97605
vn -0.00313 0.23732 0.97143
vn 0.00313 -0.23732 -0.97143
vn -0.03163 0.22859 0.97301
vn 0.03163 -0.22859 -0.97301
vn -0.00805 0.232 0.97268
vn 0.00805 -0.232 -0.97268
vn -0.00674 0.23414 0.97218
vn 0.00674 -0.23414 -0.97218
vn 0 0.27797 0.96059
vn -0 -0.27797 -0.96059
vn -0.00121 0.28002 0.95999
vn 0.00121 -0.28002 -0.95999
vn 0 0.28184 0.95946
vn -0 -0.28184 -0.95946
vn -0.00794 0.28182 0.95944
vn 0.00794 -0.28182 -0.95944
vn 0.00017 0.28184 0.95946
vn -3E-05 -0.28184 -0.95946
vn 0 0.28922 0.95726
vn -0 -0.28922 -0.95726
vn 0 0.28922 0.95726
vn -0 -0.28922 -0.95726
vn 0 0.28922 0.95726
vn 0 -0.28922 -0.95726
vn 0 0.28923 0.95726
vn 0 -0.28923 -0.95726
vn -0 0.28922 0.95726
vn 0 -0.28922 -0.95726
vn 0.00019 0.28922 0.95726
vn -0.00019 -0.28922 -0.95726
vn 0 0.28922 0.95726
vn -0 -0.28922 -0.95726
vn 1E-05 0.28922 0.95726
vn -1E-05 -0.28922 -0.95726
vn -1E-05 0.28922 0.95726
vn 1E-05 -0.28922 -0.95726
vn -1E-05 0.28922 0.95726
vn 1E-05 -0.28922 -0.95726
vn -1E-05 0.28922 0.95726
vn 1E-05 -0.28922 -0.95726
vn 0 0.29546 0.95536
vn 0 -0.29546 -0.95536
vn 0.04834 0.30264 0.95188
vn -0.04834 -0.30264 -0.95188
vn 0.04843 0.29512 0.95423
vn -0.04843 -0.29512 -0.95423
vn 0.00596 0.29848 0.9544
vn -0.00596 -0.29848 -0.9544
vn 0.04786 0.32962 0.9429
vn -0.04786 -0.32962 -0.9429
vn 0.66763 0.74449 0
vn 0.6676 0.74452 0
vn 0.9917 0.12861 0
vn 0.72102 -0.69291 0
vn -0.35678 -0.93419 0
vn 0.88623 -0.46325 0
vn 0.9917 0.12861 0
vn 0.88622 -0.46326 0
vn 0.6676 0.74452 0
vn 0.82293 0.56814 0
vn 0.93621 -0.35145 0
vn 0.6676 0.74452 0
vn 0.6676 0.74452 0
vn -0.69613 -0.71792 0
vn -0.84239 -0.53887 0
vn 0.99646 -0.08411 0
vn 0.35291 -0.93566 0
vn -0.84238 -0.53888 0
vn 0.99646 -0.0841 0
vn 0.82295 0.56812 0
vn 0.66464 0.74716 0
vn -0.87519 -0.48379 0
vn 0.82295 0.56812 0
vn -0.87518 -0.48381 0
vn 0.9362 -0.35146 0
vn -0.87517 -0.48381 0
vn 0.9362 -0.35146 0
vn 0.6676 0.74452 0
vn 0.66759 0.74453 0
vn 0.66759 0.74452 0
vn 0.6676 0.74452 0
vn -0.24248 -0.97016 0
vn -0.82035 0.57186 0
vn -0.00601 -0.99998 0
vn -0.65362 0.75682 0
vn -0.08897 -0.99603 0
vn -0.54581 0.83791 0
vn -0.75 -0.66144 0
vn -0.54979 -0.83531 0
vn -0.54988 -0.83525 0
vn -0.74209 -0.6703 0
vn -0.82035 0.57186 0
vn -0.82035 0.57187 0
vn -0.00605 -0.99998 0
vn -0.65359 0.75685 0
vn -0.08896 -0.99604 0
vn 0.6676 0.74452 0
vn 0.6676 0.74452 0
vn -0.58565 -0.81056 0
vn -0.2425 -0.97015 0
vn 0.97032 0.24183 0
vn 0.97031 0.24187 0
vn 0.70739 -0.70682 0
vn 0.6676 0.74452 0
vn 0.66759 0.74452 0
vn 0.93549 0.35335 0
vn 0.82308 -0.56792 0
vn 0.48893 -0.87232 0
vn -0.58565 -0.81056 0
vn 0.79701 0.60396 0
vn 0.82589 -0.56383 0
vn 0.9355 0.35333 0
vn -0.94931 -0.31435 0
vn -0.84722 -0.53124 0
vn 0.97031 0.24186 0
vn 0.79701 0.60396 0
vn -0.84722 -0.53124 0
vn 0.7074 -0.70682 0
vn 0.6676 0.74452 0
vn 0.66759 0.74453 0
vn -0.52451 -0.8514 0
vn -0.99497 -0.10014 0
vn -0.99497 -0.10014 0
vn -0.9493 -0.31437 0
vn -0.9493 -0.31436 0
vn 0.89921 0.43752 0
vn -0.37013 0.92898 0
vn 0.6676 0.74452 0
vn 0.89923 0.43747 0
vn -0.37017 0.92896 0
vn -0.95274 -0.3038 0
vn 0.83068 -0.55675 0
vn -0.52454 -0.85138 0
vn -0.95275 -0.30376 0
vn -0.25368 -0.96729 0
vn 0.83068 -0.55675 0
vn 0.09659 0.99532 0
vn 0.65287 -0.75747 0
vn 0.09655 0.99533 0
vn -0.03372 0.99943 0
vn 0.65287 -0.75747 0
vn -0.37013 0.92898 0
vn 0.65287 -0.75747 0
vn -0.54764 -0.83671 0
vn 0.42677 -0.90436 0
vn -0.80789 -0.58933 0
vn -0.97342 -0.22903 0
vn -0.97342 -0.22901 0
vn -0.05689 -0.99838 0
vn -0.95274 -0.3038 0
vn 0.95177 0.3068 0
vn 0.78446 0.62018 0
vn -0.8461 -0.53302 0
vn 0.95177 0.3068 0
vn -0.84611 -0.53302 0
vn -0.03372 0.99943 0
vn 0.78446 0.62018 0
vn 0.78484 0.6197 0
vn -0.22652 -0.97401 0
vn -0.5476 -0.83674 0
vn 0.99788 -0.0651 0
vn -0.84609 -0.53303 0
vn 0.97564 0.21936 0
vn 0.99788 -0.06511 0
vn -0.03375 0.99943 0
vn -0.14432 0.98953 0
vn -0.88722 -0.46135 0
vn 0.92652 -0.37624 0
vn -0.92366 -0.38322 0
vn -0.92366 -0.38322 0
vn -0.95401 0.29978 0
vn -0.84287 -0.53812 0
vn -0.84287 -0.53812 0
vn -0.14432 0.98953 0
vn 0.07323 0.99731 0
vn 0.98255 0.18602 0
vn 0.73483 -0.67825 0
vn -0.74948 -0.66203 0
vn -0.88728 -0.46122 0
vn -0.84622 -0.53284 0
vn 0.99494 -0.10044 0
vn 0.98255 0.18601 0
vn 0.07325 0.99731 0
vn 0.5745 0.81851 0
vn 0.88014 0.47471 0
vn 0.9505 -0.31071 0
vn 0.5745 0.8185 0
vn 0.22965 0.97327 0
vn 0.57457 0.81845 0
vn -0.89245 -0.45115 0
vn 0.88015 0.4747 0
vn 0.24743 -0.96891 0
vn -0.67691 -0.73607 0
vn -0.89244 -0.45116 0
vn -0.89689 -0.44224 0
vn 0.9505 -0.31071 0
vn 0.88014 0.47471 0
vn -0.89689 -0.44226 0
vn 0.95051 -0.31071 0
vn 0.22965 0.97327 0
vn -0.22087 0.9753 0
vn -0.76052 -0.64931 0
vn -0.7615 -0.64817 0
vn 0.94346 0.33149 0
vn 0.32916 -0.94427 0
vn -0.89244 -0.45116 0
vn 0.70308 0.71111 0
vn -0.22085 0.97531 0
vn 0.70305 0.71114 0
vn 0.9268 0.37555 0
vn 0.96863 0.2485 0
vn 0.9268 0.37556 0
vn 0.99719 0.07493 0
vn 0.96862 0.24853 0
vn -0.49719 -0.86764 0
vn 0.70305 0.71114 0
vn 0.48817 0.87275 0
vn -0.55803 -0.82982 0
vn -0.20404 0.97896 0
vn -0.75968 -0.6503 0
vn -0.83182 -0.55505 0
vn -0.88937 -0.45719 0
vn 0.9268 0.37557 0
vn -0.28149 -0.95957 0
vn -0.88951 -0.45691 0
vn -0.99933 0.0366 0
vn -0.99933 0.03659 0
vn -0.49716 -0.86766 0
vn -0.204 0.97897 0
vn -0.9946 0.10379 0
vn -0.7597 -0.65028 0
vn -0.75969 -0.65028 0
vn 0.48817 0.87275 0
vn 0.90061 -0.43464 0
vn 0.14409 0.98956 0
vn 0.90058 -0.43468 0
vn 0.1441 0.98956 0
vn 0.07845 0.99692 0
vn 0.90061 -0.43463 0
vn 0.81169 -0.58409 0
vn -0.84591 -0.53333 0
vn 0.83291 0.55341 0
vn -0.75179 0.6594 0
vn -0.75509 -0.65562 0
vn -0.75518 -0.65551 0
vn 0.07841 0.99692 0
vn -0.94055 -0.33966 0
vn -0.94056 -0.33964 0
vn -0.99963 0.02725 0
vn -0.67134 0.74115 0
vn -0.67136 0.74114 0
vn 0.81169 -0.58409 0
vn 0.89571 -0.44463 0
vn 0.63078 -0.77596 0
vn 0.81169 -0.58409 0
vn 0.99787 -0.06517 0
vn 0.89573 -0.44461 0
vn 0.12603 0.99203 0
vn 0.0783 0.99693 0
vn 0.12731 0.99186 0
vn -0.89559 -0.44488 0
vn -0.90485 -0.42572 0
vn -0.90486 -0.42571 0
vn 0.43575 -0.90007 0
vn -0.94875 -0.31602 0
vn -0.94054 -0.33967 0
vn -0.90377 0.42802 0
vn -0.90377 0.42802 0
vn -0.93267 -0.36072 0
vn 0.98997 -0.14129 0
vn -0.82032 -0.57191 0
vn 0.68007 -0.73314 0
vn -0.04106 0.99916 0
vn 0.89745 -0.44112 0
vn 0.17327 0.98487 0
vn -0.86997 0.4931 0
vn -0.67134 0.74115 0
vn 0.90526 0.42485 0
vn 0.68007 -0.73315 0
vn -0.78512 -0.61934 0
vn 0.09366 0.9956 0
vn 0.99787 -0.06518 0
vn -0.97454 -0.22423 0
vn -0.99973 0.0233 0
vn -0.99972 0.02373 0
vn 0.5518 -0.83398 0
vn -0.93587 0.35235 0
vn 0 -1 0
vn 0.8807 -0.47368 0
vn 0.10687 0.99427 0
vn 0.8807 -0.47367 0
vn 0.62567 0.78009 0
vn -0.7646 0.6445 0
vn -0.76461 0.6445 0
vn -0.63217 0.77483 0
vn -0.22413 0.97456 0
vn -0.22398 0.97459 0
vn -0.99996 0.00936 0
vn -0.99996 0.00935 0
vn -0.88793 -0.45998 0
vn -0.88793 -0.45998 0
vn 0.77603 -0.6307 0
vn 0.9877 -0.15634 0
vn 0.52215 0.85285 0
vn 0.95911 -0.28305 0
vn 0.9877 -0.15634 0
vn 0.80817 -0.58894 0
vn 0.95911 -0.28305 0
vn 0.52214 0.85286 0
vn 0.52215 0.85285 0
vn 0.99835 -0.0575 0
vn -0.55835 -0.8296 0
vn 0.80817 -0.58895 0
vn -0.73068 -0.68272 0
vn 0.99835 -0.05749 0
vn -0.73065 -0.68275 0
vn 0.99834 -0.05752 0
vn -0.97742 0.21132 0
vn -0.97741 0.21133 0
vn 0.80857 -0.5884 0
vn 0.49145 0.87091 0
vn 0.11248 0.99365 0
vn 0.83621 -0.54841 0
vn 0.66176 -0.74971 0
vn 0.83623 -0.54838 0
vn 0.66178 -0.7497 0
vn 0.52215 0.85285 0
vn 0.43137 0.90217 0
vn -0.8199 -0.57251 0
vn 0.97368 -0.22791 0
vn -0.73066 -0.68274 0
vn 0.95333 0.30194 0
vn 0.43137 0.90218 0
vn 0.95333 0.30193 0
vn 0.43146 0.90213 0
vn -0.6076 -0.79424 0
vn -0.9515 0.30764 0
vn -0.81069 -0.58547 0
vn -0.81072 -0.58543 0
vn -0.95755 -0.28828 0
vn -0.95739 -0.28879 0
vn -0.81991 -0.5725 0
vn -0.9515 0.30764 0
vn -0.9515 0.30764 0
vn -0.95719 0.28947 0
vn -0.95719 0.28947 0
vn -0.93502 -0.3546 0
vn 0.88316 -0.46908 0
vn -0.81068 -0.58549 0
vn -0.93502 -0.35459 0
vn 0.88315 -0.4691 0
vn 0.75204 0.65912 0
vn -0.04119 0.99915 0
vn 0.99075 -0.13571 0
vn 0.95333 0.30193 0
vn 0.99075 -0.1357 0
vn 0.9937 0.11206 0
vn 0.34448 0.93879 0
vn 0.8082 -0.58891 0
vn 0.9937 0.11207 0
vn 0.80818 -0.58894 0
vn -0.04121 0.99915 0
vn -0.34918 0.93706 0
vn 0.93502 -0.3546 0
vn -0.92045 -0.39085 0
vn -0.94609 -0.32392 0
vn -0.94608 -0.32393 0
vn -0.94608 -0.32393 0
vn -0.99997 0.008 0
vn -0.99997 0.00798 0
vn 0.59108 0.80661 0
vn -0.43165 0.90204 0
vn 0.34451 0.93878 0
vn 0.95553 -0.2949 0
vn -0.70606 -0.70815 0
vn -0.70606 -0.70815 0
vn 0.80819 -0.58892 0
vn 0.90998 0.41466 0
vn 0.91004 0.41451 0
vn 0.94437 -0.3289 0
vn -0.43167 0.90203 0
vn -0.9976 -0.06922 0
vn -0.99744 -0.07157 0
vn -0.99743 -0.07158 0
vn -0.97002 0.24301 0
vn -0.97002 0.24301 0
vn -0.90801 0.41894 0
vn -0.88154 -0.4721 0
vn -0.88155 -0.4721 0
vn -0.70605 -0.70816 0
vn -0.34918 0.93706 0
vn -0.79993 0.60009 0
vn -0.79995 0.60007 0
vn 0.64058 0.76789 0
vn 0.93502 -0.3546 0
vn 0.91004 0.41452 0
vn 0.93502 -0.3546 0
vn 0.94437 -0.32888 0
vn 0.99881 0.04881 0
vn 0.94437 -0.32888 0
vn 0.491 -0.87116 0
vn 0.99881 0.04881 0
vn 0.94683 0.32173 0
vn -0.62252 -0.78261 0
vn 0.64056 0.7679 0
vn -0.56892 0.82239 0
vn -0.90685 -0.42145 0
vn -0.75227 0.65885 0
vn -0.56891 0.8224 0
vn -0.82451 -0.56585 0
vn -0.82452 -0.56584 0
vn -0.84644 0.53248 0
vn -0.75229 0.65883 0
vn -0.99329 -0.11569 0
vn -0.99329 -0.11569 0
vn -0.82644 0.56303 0
vn -0.82645 0.56302 0
vn -0.86473 -0.50223 0
vn -0.94839 -0.31711 0
vn -0.94839 -0.3171 0
vn -0.97638 0.21607 0
vn -0.66383 0.74789 0
vn -0.66382 0.74789 0
vn 1 0.00154 0
vn 0.41309 -0.91069 0
vn 0.59812 -0.8014 0
vn -0.33637 -0.94173 0
vn -0.9999 -0.01393 0
vn 0.99369 -0.11217 0
vn 1 0.00153 0
vn -0.9999 -0.01394 0
vn -0.06872 -0.99764 0
vn 0.99369 -0.11217 0
vn -0.66383 0.74789 0
vn -0.60607 0.79541 0
vn 0.05257 -0.99862 0
vn -0.98887 0.14875 0
vn -0.98887 0.14875 0
vn -0.33637 -0.94173 0
vn 0.37411 0.92738 0
vn -0.14177 0.9899 0
vn -0.78122 -0.62426 0
vn -0.78121 -0.62427 0
vn -0.97459 -0.224 0
vn -0.97459 -0.22401 0
vn 0.95586 -0.29383 0
vn -0.35347 0.93545 0
vn 0.99475 -0.10235 0
vn 0.95592 -0.29361 0
vn -0.35349 0.93544 0
vn 0.99475 -0.10236 0
vn 0.13539 0.99079 0
vn 0.99475 -0.10236 0
vn 0.55739 -0.83025 0
vn 0.55738 -0.83026 0
vn 0.85552 0.51777 0
vn 0.11623 -0.99322 0
vn -0.3535 0.93543 0
vn -0.34499 0.93861 0
vn 0.98487 -0.17328 0
vn 0.5574 -0.83024 0
vn 0.93923 -0.34328 0
vn 0.98487 -0.17329 0
vn 0.99368 0.11228 0
vn 0.93923 -0.34328 0
vn 0.99368 0.11228 0
vn 0.99897 0.04537 0
vn 0.99368 0.11228 0
vn 0.94096 0.33851 0
vn 0.6056 -0.79577 0
vn 0.99897 0.04535 0
vn 0.85552 0.51777 0
vn 0.94097 0.3385 0
vn -0.87322 -0.48732 0
vn 0.11623 -0.99322 0
vn 0.85552 0.51777 0
vn -0.34498 0.93861 0
vn -0.25009 0.96822 0
vn -0.96458 -0.2638 0
vn -0.96458 -0.2638 0
vn -0.96604 -0.25838 0
vn -0.99528 -0.09706 0
vn -0.99529 -0.09697 0
vn -0.99529 -0.09696 0
vn -0.60651 0.79507 0
vn -0.94817 -0.31776 0
vn -0.94817 -0.31776 0
vn -0.99353 0.11354 0
vn -0.92713 -0.37474 0
vn -0.92714 -0.37472 0
vn -0.87323 -0.48731 0
vn -0.87323 -0.48732 0
vn -0.25009 0.96822 0
vn -0.76421 0.64497 0
vn -0.76416 0.64502 0
vn -0.94973 0.31307 0
vn -0.94973 0.31307 0
vn 0.28161 -0.95953 0
vn -0.80446 -0.59401 0
vn -0.80446 -0.594 0
vn -0.96458 -0.2638 0
vn 0.90548 0.42439 0
vn -0.37505 -0.92701 0
vn -0.94974 0.31305 0
vn -0.98667 0.16275 0
vn -0.98666 0.1628 0
vn -0.9908 -0.13534 0
vn -0.65206 0.75817 0
vn -0.99892 -0.0464 0
vn -0.99893 -0.04635 0
vn -0.74672 -0.66513 0
vn -0.74673 -0.66513 0
vn -0.85132 0.52465 0
vn -0.94543 -0.32583 0
vn 0.42725 0.90413 0
vn 0.90548 0.42439 0
vn 0.28164 -0.95952 0
vn 0.97714 -0.2126 0
vn -0.37498 -0.92703 0
vn 0.90548 0.42439 0
vn -0.85132 0.52464 0
vn -0.94543 -0.32582 0
vn -0.94543 -0.32581 0
vn 0.99945 0.03313 0
vn -0.90415 0.42721 0
vn 0.99945 0.03313 0
vn -0.90416 0.42719 0
vn 0.42727 0.90412 0
vn 0.99945 0.03312 0
vn 0.92135 0.38875 0
vn -0.70869 0.70552 0
vn -0.90416 0.4272 0
vn 0.92135 0.38873 0
vn -0.91212 -0.40992 0
vn -0.9749 0.22263 0
vn -0.9749 0.22266 0
vn 0.74792 -0.66379 0
vn 0.76792 -0.64055 0
vn 0.21878 -0.97577 0
vn 0.74813 -0.66356 0
vn -0.70867 0.70554 0
vn -0.70869 0.70552 0
vn -0.91212 -0.40992 0
vn 0.08754 0.99616 0
vn -0.83738 0.54662 0
vn -0.83737 0.54663 0
vn -0.85039 -0.52615 0
vn -0.85041 -0.52613 0
vn -0.99876 0.04981 0
vn -0.99876 0.0498 0
vn 0.50229 0.8647 0
vn 0.89161 -0.45281 0
vn -0.38034 -0.92485 0
vn 0.80316 -0.59576 0
vn 0.89161 -0.4528 0
vn 0.37885 0.92546 0
vn 0.00458 -0.99999 0
vn 0.93156 -0.3636 0
vn 0.0218 0.99976 0
vn 0.93157 -0.36355 0
vn -0.83739 0.54661 0
vn -0.85041 -0.52612 0
vn 0.37886 0.92546 0
vn -0.11709 0.99312 0
vn 0.50229 0.8647 0
vn 0.0046 -0.99999 0
vn 0.50229 0.8647 0
vn 0.07656 -0.99706 0
vn -0.38034 -0.92485 0
vn 0.02184 0.99976 0
vn 0.46522 0.8852 0
vn -0.30886 -0.95111 0
vn 0.99694 -0.07821 0
vn 0.93157 -0.36355 0
vn -0.1171 0.99312 0
vn -0.53978 0.8418 0
vn -0.99791 0.06467 0
vn -0.5375 0.84326 0
vn -0.96987 0.24361 0
vn -0.96987 0.24362 0
vn -0.2016 -0.97947 0
vn 0.49146 0.8709 0
vn 0.11251 0.99365 0
vn -0.58323 0.81231 0
vn 0.75205 0.65911 0
vn -0.58323 0.81231 0
vn 0.75204 0.65912 0
vn 0.12598 0.99203 0
vn -0.23607 0.97174 0
vn 0.99818 0.0603 0
vn 0.49146 0.8709 0
vn -0.23609 0.97173 0
vn 0.99818 0.06027 0
vn 0.80857 -0.5884 0
vn 0.37332 -0.9277 0
vn -0.9678 -0.25173 0
vn 0.74285 -0.66946 0
vn -0.89556 -0.44494 0
vn -0.96783 -0.25162 0
vn 0.74287 -0.66944 0
vn 0.49146 0.8709 0
vn -0.84644 0.53248 0
vn 0.13534 0.9908 0
vn 0.88373 -0.468 0
vn -0.90686 -0.42144 0
vn -0.90685 -0.42144 0
vn 0.99997 -0.00802 0
vn 0.88372 -0.46802 0
vn 0.98664 -0.16292 0
vn 0.99997 -0.00801 0
vn 0.98664 -0.16293 0
vn 0.55735 -0.83028 0
vn 0.98664 -0.16292 0
vn 0.59815 -0.80138 0
vn -0.9954 -0.09584 0
vn -0.99538 -0.09603 0
vn -0.99538 -0.09604 0
vn -0.94793 -0.31847 0
vn -0.94549 0.32565 0
vn 0.59813 -0.8014 0
vn -0.97489 0.22267 0
vn -0.99835 0.05748 0
vn -0.48215 0.87609 0
vn 0.97486 -0.22283 0
vn -0.99834 0.05752 0
vn 0.23408 0.97222 0
vn 0.97485 -0.22284 0
vn 0.76791 -0.64056 0
vn 0.20444 -0.97888 0
vn 0.7679 -0.64057 0
vn -0.48215 0.87609 0
vn 0.97519 0.22138 0
vn -0.83669 0.54768 0
vn -0.47937 0.87761 0
vn -0.99996 0.00844 0
vn 0.97519 0.22136 0
vn -0.83669 0.54767 0
vn 0.08744 0.99617 0
vn 0.89161 -0.4528 0
vn 0.6594 -0.75179 0
vn 0.20442 -0.97888 0
vn 0.89161 -0.4528 0
vn 0.74795 -0.66376 0
vn -0.82726 -0.56181 0
vn -0.82728 -0.56179 0
vn 0.97716 -0.21252 0
vn 0.74792 -0.66379 0
vn 0.99075 -0.13569 0
vn 0.42775 -0.9039 0
vn -0.98607 0.16635 0
vn -0.98607 0.16635 0
vn -0.74744 -0.66433 0
vn -0.74746 -0.6643 0
vn 0.6618 -0.74968 0
vn 0.99075 -0.13571 0
vn 0.99075 -0.1357 0
vn 0.8363 -0.54827 0
vn -0.97741 0.21136 0
vn 0.80857 -0.5884 0
vn 0.80857 -0.5884 0
vn 0.80857 -0.5884 0
vn 0.10695 0.99426 0
vn -0.71979 0.69419 0
vn 0.62569 0.78007 0
vn -0.94549 0.32565 0
vn -0.99197 -0.12644 0
vn 0.37409 0.92739 0
vn 0.99845 -0.05561 0
vn -0.99198 -0.12643 0
vn -0.02296 0.99974 0
vn 0.99845 -0.05562 0
vn -0.97459 -0.22401 0
vn -0.93957 -0.34237 0
vn 0.99644 -0.08428 0
vn 0.491 -0.87116 0
vn -0.93956 -0.34237 0
vn -0.99202 0.12605 0
vn 0.94683 0.32172 0
vn 0.99644 -0.08428 0
vn -0.99202 0.12604 0
vn -0.62251 -0.78261 0
vn 0.94683 0.32173 0
vn -0.71981 0.69417 0
vn 0.62571 0.78005 0
vn 0.8807 -0.47368 0
vn -0.86999 0.49307 0
vn -0.86997 0.4931 0
vn 0.96178 0.27382 0
vn 0.88069 -0.47369 0
vn -0.61154 -0.79121 0
vn -0.78511 -0.61935 0
vn -0.78512 -0.61934 0
vn 0.77635 -0.6303 0
vn -0.99686 0.07923 0
vn -0.99683 0.07957 0
vn -0.83118 -0.55601 0
vn -0.83118 -0.55601 0
vn -0.12577 -0.99206 0
vn -0.61145 -0.79128 0
vn 0.77603 -0.6307 0
vn -0.9979 0.0647 0
vn -0.56996 -0.82167 0
vn -0.98941 -0.14515 0
vn 0.92687 0.37538 0
vn -0.53751 0.84326 0
vn 0.95553 -0.2949 0
vn -0.60758 -0.79426 0
vn -0.60758 -0.79426 0
vn 0.95553 -0.29491 0
vn -0.98941 -0.14514 0
vn -0.78536 0.61904 0
vn 0.92687 0.37538 0
vn -0.20173 -0.97944 0
vn -0.97935 -0.20216 0
vn -0.78533 0.61908 0
vn 0.92688 0.37536 0
vn -0.97936 -0.20213 0
vn -0.58211 -0.81311 0
vn 0.46521 0.8852 0
vn 0.07655 -0.99707 0
vn -0.58215 -0.81308 0
vn -0.96394 -0.26612 0
vn -0.30888 -0.9511 0
vn 0.99792 0.06444 0
vn -0.69612 -0.71793 0
vn -0.69613 -0.71792 0
vn 0.66465 0.74716 0
vn 0.99792 0.06445 0
vn -0.7421 -0.67029 0
vn 0.66464 0.74716 0
vn -0.74204 -0.67036 0
vn -0.69634 -0.71771 0
vn -0.87517 -0.48381 0
vn 0.73728 -0.67558 0
vn -0.94705 -0.32107 0
vn 0.99893 -0.04632 0
vn -0.84622 -0.53284 0
vn -0.84623 -0.53282 0
vn -0.94706 -0.32105 0
vn 0.99893 -0.04631 0
vn 0.96787 0.25147 0
vn 0.7373 -0.67556 0
vn -0.6769 -0.73607 0
vn -0.67403 -0.73871 0
vn 0.9672 0.25401 0
vn 0.92356 0.38346 0
vn 0.07848 -0.99692 0
vn -0.65702 -0.75387 0
vn -0.76052 -0.64931 0
vn -0.76054 -0.64929 0
vn 0.85656 0.51605 0
vn 0.92356 0.38346 0
vn 0.85654 0.51609 0
vn 0.98921 0.14649 0
vn 0.86754 -0.49737 0
vn -0.28127 -0.95963 0
vn -0.75629 -0.65424 0
vn 0.98921 0.14649 0
vn 0.83171 -0.5552 0
vn -0.9127 -0.40864 0
vn -0.9127 -0.40863 0
vn -0.95687 -0.29053 0
vn -0.95686 -0.29054 0
vn -0.55799 -0.82985 0
vn 0.94914 0.31485 0
vn 0.83172 -0.5552 0
vn -0.887 -0.46178 0
vn 0.95831 -0.28574 0
vn 0.94914 0.31486 0
vn -0.84591 -0.53332 0
vn -0.93083 0.36545 0
vn 0.83289 0.55343 0
vn -0.93084 0.36544 0
vn 0.83291 0.55342 0
vn -0.75509 -0.65562 0
vn -0.56371 -0.82597 0
vn -0.887 -0.46177 0
vn -0.88699 -0.46178 0
vn 0.35292 -0.93565 0
vn -0.99998 -0.00677 0
vn -0.33652 -0.94168 0
vn 0.89285 -0.45035 0
vn -0.99414 0.10813 0
vn -0.99414 0.10814 0
vn -0.97651 -0.21547 0
vn 0.88623 -0.46325 0
vn -0.33649 -0.94169 0
vn 0.89284 -0.45038 0
vn 0.97565 0.21934 0
vn 0.99532 0.09661 0
vn 0.32283 -0.94646 0
vn -0.90059 -0.43467 0
vn 0.98003 -0.19885 0
vn -0.90059 -0.43468 0
vn 0.98003 -0.19886 0
vn 0.99532 0.09662 0
vn -0.84287 -0.53812 0
vn 0.99185 0.12745 0
vn 0.0936 0.99561 0
vn -0.50441 0.86346 0
vn 0.9239 -0.38264 0
vn 0.99185 0.12743 0
vn 0.79745 0.60339 0
vn 0.68963 -0.72417 0
vn 0.86143 0.50787 0
vn -0.35843 0.93356 0
vn 0.9239 -0.38263 0
vn -0.5044 0.86347 0
vn 0.79746 0.60337 0
vn -0.90377 0.42801 0
vn 0.55213 -0.83376 0
vn -0.82034 -0.57187 0
vn 0.99791 0.06457 0
vn 0.55215 -0.83375 0
vn -0.82032 -0.57191 0
vn 0.99791 0.06456 0
vn -0.01711 0.29312 0.95592
vn 0.01712 -0.29312 -0.95592
vn -0.02775 0.29035 0.95652
vn 0.02775 -0.29035 -0.95652
vn -0.08138 0.22772 0.97032
vn 0.08139 -0.22772 -0.97032
vn -0.01752 0.20526 0.97855
vn 0.01752 -0.20526 -0.97855
vn -0.02786 0.29305 0.95569
vn 0.02786 -0.29305 -0.95569
vn -0.03635 0.27879 0.95967
vn 0.03635 -0.27878 -0.95967
vn -0.03658 0.28613 0.95749
vn 0.03658 -0.28613 -0.95749
vn -0.03672 0.28375 0.95819
vn 0.03672 -0.28375 -0.95819
vn -0.05157 0.20501 0.9774
vn 0.05157 -0.20501 -0.9774
vn -0.03773 0.17151 0.98446
vn 0.03773 -0.17151 -0.98446
vn -0.07222 0.19651 0.97784
vn 0.07222 -0.19651 -0.97784
vn -0.10314 0.2345 0.96663
vn 0.10314 -0.2345 -0.96663
vn -0.07139 0.24613 0.9666
vn 0.07139 -0.24613 -0.9666
vn -0.12413 0.1963 0.97266
vn 0.12413 -0.19629 -0.97266
vn -0.16757 0.31698 0.93351
vn 0.16757 -0.31698 -0.93351
vn -0.24951 0.27015 0.92993
vn 0.24951 -0.27014 -0.92993
vn -0.17978 0.25758 0.94939
vn 0.17977 -0.25758 -0.94939
vn -0.1733 0.19473 0.96543
vn 0.1733 -0.19473 -0.96543
vn -0.25013 0.228 0.94098
vn 0.25013 -0.22802 -0.94098
vn -0.25032 0.23898 0.9382
vn 0.25032 -0.23898 -0.9382
vn -0.16305 0.25833 0.9522
vn 0.16305 -0.25833 -0.9522
vn -0.25555 0.16593 0.95245
vn 0.25555 -0.16593 -0.95245
vn -0.20381 0.19367 0.95966
vn 0.20381 -0.19367 -0.95966
vn -0.16855 0.05241 0.9843
vn 0.16855 -0.05241 -0.9843
vn -0.26879 0.06391 0.96108
vn 0.26878 -0.06391 -0.96108
vn -0.19499 0.1857 0.96307
vn 0.19499 -0.1857 -0.96307
vn -0.20662 0.14449 0.96769
vn 0.20662 -0.14449 -0.96769
vn -0.2069 0.05913 0.97657
vn 0.2069 -0.05913 -0.97657
vn -0.22086 0.22847 0.94817
vn 0.22086 -0.22847 -0.94817
vn -0.17274 0.31669 0.93267
vn 0.17273 -0.31669 -0.93267
vn -0.17575 0.26178 0.94899
vn 0.17575 -0.26179 -0.94899
vn -0.18194 0.30465 0.93493
vn 0.18194 -0.30464 -0.93493
vn -0.17212 0.31677 0.93276
vn 0.17212 -0.31677 -0.93276
vn -0.06044 0.34643 0.93613
vn 0.06044 -0.34643 -0.93613
vn -0.2226 0.19276 0.95566
vn 0.2226 -0.19276 -0.95566
vn -0.21837 0.10739 0.96994
vn 0.21837 -0.10739 -0.96994
vn -0.06219 0.26133 0.96325
vn 0.06219 -0.26133 -0.96325
vn -0.20714 0.05202 0.97693
vn 0.20714 -0.05201 -0.97693
vn -0.2156 0.19081 0.95766
vn 0.2156 -0.19082 -0.95766
vn -0.20359 0.16831 0.96448
vn 0.20359 -0.1683 -0.96448
vn -0.20071 0.01264 0.97957
vn 0.20071 -0.01263 -0.97957
vn -0.03538 0.20053 0.97905
vn 0.03538 -0.20053 -0.97905
vn -0.01985 0.23421 0.97198
vn 0.01985 -0.23421 -0.97198
vn -0.0167 0.22216 0.97487
vn 0.0167 -0.22216 -0.97487
vn -0.0146 0.23583 0.97169
vn 0.0146 -0.23582 -0.97169
vn -0.1918 0.19861 0.96113
vn 0.1918 -0.19861 -0.96113
vn -0.03387 0.34687 0.9373
vn 0.03387 -0.34687 -0.9373
vn -0.11792 0.1491 0.98176
vn 0.11792 -0.14913 -0.98176
vn -0.19456 0.10795 0.97493
vn 0.19456 -0.10795 -0.97493
vn -0.1408 0.18496 0.97261
vn 0.1408 -0.18496 -0.97261
vn -0.11571 0.18882 0.97517
vn 0.11571 -0.18882 -0.97517
vn -0.11666 0.18605 0.97559
vn 0.11666 -0.18605 -0.97559
vn -0.11699 0.19407 0.97399
vn 0.11699 -0.19407 -0.97399
vn -0.06783 0.26311 0.96238
vn 0.06783 -0.26311 -0.96238
vn -0.10199 0.19961 0.97455
vn 0.10199 -0.19961 -0.97455
vn -0.10623 0.21431 0.97097
vn 0.10623 -0.21431 -0.97097
vn -0.14016 0.22967 0.96312
vn 0.14016 -0.22967 -0.96312
vn -0.11055 0.19557 0.97444
vn 0.11055 -0.19557 -0.97444
vn -0.1073 0.25392 0.96125
vn 0.1073 -0.25392 -0.96125
vn -0.12824 0.17801 0.97564
vn 0.12824 -0.17801 -0.97564
vn -0.08966 0.18172 0.97925
vn 0.08966 -0.18172 -0.97925
vn -0.06886 0.20189 0.97698
vn 0.06886 -0.20189 -0.97698
vn -0.16657 0.18421 0.96867
vn 0.16657 -0.18421 -0.96867
vn -0.09102 0.05934 0.99408
vn 0.09102 -0.05934 -0.99408
vn -0.09364 0.11936 0.98843
vn 0.09364 -0.11936 -0.98843
vn -0.07577 0.25464 0.96406
vn 0.07577 -0.25458 -0.96408
vn -0.05036 0.26338 0.96338
vn 0.05036 -0.26338 -0.96338
vn -0.07556 0.25725 0.96339
vn 0.07556 -0.25725 -0.96339
vn -0.07839 0.18179 0.98021
vn 0.07839 -0.18179 -0.98021
vn -0.07705 0.18192 0.98029
vn 0.07705 -0.18192 -0.98029
vn -0.07845 0.18171 0.98022
vn 0.07844 -0.18171 -0.98022
vn -0.07958 0.0594 0.99506
vn 0.07958 -0.0594 -0.99506
vn 0.96285 -0.27005 0
vn 0.28066 0.95981 0
vn 0.35247 -0.93582 0
vn 0.96284 -0.27006 0
vn 0.28066 0.95981 0
vn -0.95959 0.2814 0
vn 0.06755 0.99772 0
vn 0.97219 -0.23421 0
vn 0.35268 -0.93575 0
vn -0.28627 -0.95815 0
vn 0.97219 -0.23419 0
vn 0.60328 0.79753 0
vn 0.06755 0.99772 0
vn 0.98451 -0.17531 0
vn 0.60327 0.79754 0
vn -0.25555 -0.9668 0
vn -0.79376 -0.60824 0
vn -0.32879 -0.9444 0
vn 0.95456 -0.29802 0
vn -0.28631 -0.95814 0
vn 0.60319 0.7976 0
vn 0.47133 0.88196 0
vn -0.99735 0.07272 0
vn -0.11738 0.99309 0
vn -0.23727 -0.97144 0
vn 0.12741 -0.99185 0
vn -0.25556 -0.96679 0
vn -0.11739 0.99309 0
vn 0.59044 0.80708 0
vn -0.24646 0.96915 0
vn -0.12557 -0.99209 0
vn -0.53326 -0.84595 0
vn -0.23741 -0.97141 0
vn -0.23738 -0.97142 0
vn -0.24648 0.96915 0
vn 0.48488 0.87458 0
vn 0.00185 1 0
vn 0.93454 0.35585 0
vn 0.48627 0.87381 0
vn -0.94327 0.33203 0
vn -0.78434 -0.62033 0
vn -0.12471 -0.99219 0
vn -0.94328 0.33201 0
vn -0.9941 0.10851 0
vn -0.99859 -0.05308 0
vn -0.99858 -0.05323 0
vn -0.78435 -0.62032 0
vn -0.78434 -0.62033 0
f 1//1 2//1 3//1
f 4//2 5//2 6//2
f 2//3 1//3 7//3
f 6//4 8//4 4//4
f 9//5 10//5 1//5
f 11//6 4//6 12//6
f 13//7 14//7 10//7
f 15//8 12//8 16//8
f 17//9 18//9 14//9
f 19//10 16//10 20//10
f 1//11 10//11 7//11
f 4//12 8//12 12//12
f 14//13 18//13 10//13
f 16//14 12//14 20//14
f 7//15 10//15 18//15
f 8//16 20//16 12//16
f 17//17 14//17 21//17
f 19//18 22//18 16//18
f 23//19 24//19 14//19
f 25//20 16//20 26//20
f 21//21 14//21 24//21
f 22//22 26//22 16//22
f 27//23 14//23 28//23
f 29//24 30//24 16//24
f 13//25 31//25 14//25
f 15//26 16//26 32//26
f 28//27 14//27 31//27
f 30//28 32//28 16//28
f 23//29 14//29 33//29
f 25//30 34//30 16//30
f 27//31 35//31 14//31
f 29//32 16//32 36//32
f 37//33 33//33 35//33
f 38//34 36//34 34//34
f 14//35 35//35 33//35
f 16//36 34//36 36//36
f 39//37 40//37 41//37
f 42//38 43//38 44//38
f 45//39 27//39 46//39
f 47//40 48//40 29//40
f 28//41 49//41 27//41
f 30//42 29//42 50//42
f 40//43 39//43 51//43
f 44//44 52//44 42//44
f 46//45 27//45 39//45
f 48//46 42//46 29//46
f 49//47 51//47 27//47
f 50//48 29//48 52//48
f 39//49 27//49 51//49
f 42//50 52//50 29//50
f 35//51 27//51 53//51
f 36//52 54//52 29//52
f 45//53 55//53 27//53
f 47//54 29//54 56//54
f 53//55 27//55 55//55
f 54//56 56//56 29//56
f 57//57 58//57 59//57
f 60//58 61//58 62//58
f 63//59 59//59 58//59
f 64//60 62//60 61//60
f 65//61 39//61 59//61
f 66//62 61//62 42//62
f 41//63 67//63 39//63
f 43//64 42//64 68//64
f 57//65 59//65 67//65
f 60//66 68//66 61//66
f 39//67 67//67 59//67
f 42//68 61//68 68//68
f 46//69 39//69 69//69
f 48//70 70//70 42//70
f 65//71 69//71 39//71
f 66//72 42//72 70//72
f 71//73 72//73 73//73
f 74//74 75//74 76//74
f 77//75 59//75 78//75
f 79//76 80//76 61//76
f 63//77 81//77 59//77
f 64//78 61//78 82//78
f 72//79 71//79 81//79
f 76//80 82//80 74//80
f 83//81 84//81 71//81
f 85//82 74//82 86//82
f 78//83 59//83 84//83
f 80//84 86//84 61//84
f 81//85 71//85 59//85
f 82//86 61//86 74//86
f 84//87 59//87 71//87
f 86//88 74//88 61//88
f 87//89 65//89 88//89
f 89//90 90//90 66//90
f 59//91 77//91 65//91
f 61//92 66//92 79//92
f 91//93 88//93 92//93
f 93//94 94//94 90//94
f 77//95 92//95 65//95
f 79//96 66//96 94//96
f 88//97 65//97 92//97
f 90//98 94//98 66//98
f 69//99 65//99 87//99
f 70//100 89//100 66//100
f 84//101 83//101 95//101
f 86//102 96//102 85//102
f 97//103 98//103 99//103
f 100//104 101//104 102//104
f 88//105 91//105 97//105
f 90//106 100//106 93//106
f 98//107 97//107 91//107
f 102//108 93//108 100//108
f 3//109 2//109 5//109
f 5//109 2//109 6//109
f 1//110 3//110 4//110
f 4//110 3//110 5//110
f 9//111 1//111 11//111
f 11//111 1//111 4//111
f 10//112 9//112 12//112
f 12//112 9//112 11//112
f 13//113 10//113 15//113
f 15//113 10//113 12//113
f 18//114 17//114 20//114
f 20//114 17//114 19//114
f 7//115 18//115 8//115
f 8//115 18//115 20//115
f 2//116 7//116 6//116
f 6//116 7//116 8//116
f 24//117 23//117 26//117
f 26//117 23//117 25//117
f 21//118 24//118 22//118
f 22//118 24//118 26//118
f 17//119 21//119 19//119
f 19//119 21//119 22//119
f 31//120 13//120 32//120
f 32//120 13//120 15//120
f 28//121 31//121 30//121
f 30//121 31//121 32//121
f 37//122 35//122 38//122
f 38//122 35//122 36//122
f 33//123 37//123 34//123
f 34//123 37//123 38//123
f 23//124 33//124 25//124
f 25//124 33//124 34//124
f 41//125 40//125 43//125
f 43//125 40//125 44//125
f 49//126 28//126 50//126
f 50//126 28//126 30//126
f 51//127 49//127 52//127
f 52//127 49//127 50//127
f 40//128 51//128 44//128
f 44//128 51//128 52//128
f 45//129 46//129 47//129
f 47//129 46//129 48//129
f 55//130 45//130 56//130
f 56//130 45//130 47//130
f 53//131 55//131 54//131
f 54//131 55//131 56//131
f 35//132 53//132 36//132
f 36//132 53//132 54//132
f 58//133 57//133 62//133
f 62//133 57//133 60//133
f 63//134 58//134 64//134
f 64//134 58//134 62//134
f 67//135 41//135 68//135
f 68//135 41//135 43//135
f 57//136 67//136 60//136
f 60//136 67//136 68//136
f 46//137 69//137 48//137
f 48//137 69//137 70//137
f 73//138 72//138 75//138
f 75//138 72//138 76//138
f 71//139 73//139 74//139
f 74//139 73//139 75//139
f 81//140 63//140 82//140
f 82//140 63//140 64//140
f 72//141 81//141 76//141
f 76//141 81//141 82//141
f 83//142 71//142 85//142
f 85//142 71//142 74//142
f 78//143 84//143 80//143
f 80//143 84//143 86//143
f 77//144 78//144 79//144
f 79//144 78//144 80//144
f 92//145 77//145 94//145
f 94//145 77//145 79//145
f 91//146 92//146 93//146
f 93//146 92//146 94//146
f 87//147 88//147 89//147
f 89//147 88//147 90//147
f 69//148 87//148 70//148
f 70//148 87//148 89//148
f 95//149 83//149 96//149
f 96//149 83//149 85//149
f 84//150 95//150 86//150
f 86//150 95//150 96//150
f 99//151 98//151 101//151
f 101//151 98//151 102//151
f 97//152 99//152 100//152
f 100//152 99//152 101//152
f 98//153 91//153 102//153
f 102//153 91//153 93//153
f 88//154 97//154 90//154
f 90//154 97//154 100//154
f 103//155 104//155 105//155
f 106//156 107//156 108//156
f 109//157 105//157 104//157
f 110//158 108//158 107//158
f 109//159 104//159 111//159
f 110//160 112//160 108//160
f 113//161 114//161 115//161
f 116//162 117//162 118//162
f 119//163 115//163 114//163
f 120//164 118//164 117//164
f 121//165 104//165 113//165
f 122//166 116//166 108//166
f 103//167 114//167 104//167
f 106//168 108//168 118//168
f 113//169 104//169 114//169
f 116//170 118//170 108//170
f 111//171 104//171 123//171
f 112//172 124//172 108//172
f 125//173 126//173 121//173
f 127//174 122//174 128//174
f 123//175 104//175 126//175
f 124//176 128//176 108//176
f 121//177 126//177 104//177
f 122//178 108//178 128//178
f 129//179 130//179 131//179
f 132//180 133//180 134//180
f 135//181 136//181 137//181
f 138//182 139//182 140//182
f 141//183 137//183 136//183
f 142//184 140//184 139//184
f 143//185 113//185 137//185
f 144//186 139//186 116//186
f 115//187 145//187 113//187
f 117//188 116//188 146//188
f 135//189 137//189 145//189
f 138//190 146//190 139//190
f 113//191 145//191 137//191
f 116//192 139//192 146//192
f 147//193 121//193 148//193
f 149//194 150//194 122//194
f 113//195 143//195 121//195
f 116//196 122//196 144//196
f 148//197 121//197 143//197
f 150//198 144//198 122//198
f 125//199 121//199 151//199
f 127//200 152//200 122//200
f 129//201 131//201 147//201
f 132//202 149//202 133//202
f 121//203 147//203 151//203
f 122//204 152//204 149//204
f 131//205 151//205 147//205
f 133//206 149//206 152//206
f 153//207 137//207 154//207
f 155//208 156//208 139//208
f 141//209 157//209 137//209
f 142//210 139//210 158//210
f 154//211 137//211 157//211
f 156//212 158//212 139//212
f 159//213 143//213 153//213
f 160//214 155//214 144//214
f 137//215 153//215 143//215
f 139//216 144//216 155//216
f 148//217 143//217 161//217
f 150//218 162//218 144//218
f 159//219 161//219 143//219
f 160//220 144//220 162//220
f 153//221 154//221 163//221
f 155//222 164//222 156//222
f 165//223 163//223 166//223
f 167//224 168//224 164//224
f 154//225 169//225 163//225
f 156//226 164//226 170//226
f 166//227 163//227 169//227
f 168//228 170//228 164//228
f 171//229 159//229 172//229
f 173//230 174//230 160//230
f 153//231 163//231 159//231
f 155//232 160//232 164//232
f 172//233 159//233 163//233
f 174//234 164//234 160//234
f 161//235 159//235 171//235
f 162//236 173//236 160//236
f 175//237 176//237 177//237
f 178//238 179//238 180//238
f 181//239 177//239 176//239
f 182//240 180//240 179//240
f 183//241 163//241 184//241
f 185//242 186//242 164//242
f 165//243 176//243 163//243
f 167//244 164//244 180//244
f 175//245 187//245 176//245
f 178//246 180//246 188//246
f 184//247 163//247 187//247
f 186//248 188//248 164//248
f 176//249 187//249 163//249
f 180//250 164//250 188//250
f 172//251 163//251 183//251
f 174//252 185//252 164//252
f 189//253 190//253 191//253
f 192//254 193//254 194//254
f 195//255 175//255 196//255
f 197//256 198//256 178//256
f 177//257 199//257 175//257
f 179//258 178//258 200//258
f 201//259 190//259 199//259
f 202//260 200//260 194//260
f 189//261 196//261 190//261
f 192//262 194//262 198//262
f 175//263 199//263 196//263
f 178//264 198//264 200//264
f 190//265 196//265 199//265
f 194//266 200//266 198//266
f 187//267 175//267 195//267
f 188//268 197//268 178//268
f 203//269 189//269 204//269
f 205//270 206//270 192//270
f 191//271 207//271 189//271
f 193//272 192//272 208//272
f 209//273 204//273 207//273
f 210//274 208//274 206//274
f 189//275 207//275 204//275
f 192//276 206//276 208//276
f 196//277 189//277 203//277
f 198//278 205//278 192//278
f 204//279 209//279 211//279
f 206//280 212//280 210//280
f 213//281 211//281 209//281
f 214//282 210//282 212//282
f 105//283 109//283 107//283
f 107//283 109//283 110//283
f 103//284 105//284 106//284
f 106//284 105//284 107//284
f 109//285 111//285 110//285
f 110//285 111//285 112//285
f 119//286 114//286 120//286
f 120//286 114//286 118//286
f 115//287 119//287 117//287
f 117//287 119//287 120//287
f 114//288 103//288 118//288
f 118//288 103//288 106//288
f 126//289 125//289 128//289
f 128//289 125//289 127//289
f 123//290 126//290 124//290
f 124//290 126//290 128//290
f 111//291 123//291 112//291
f 112//291 123//291 124//291
f 131//292 130//292 133//292
f 133//292 130//292 134//292
f 130//293 129//293 134//293
f 134//293 129//293 132//293
f 136//294 135//294 140//294
f 140//294 135//294 138//294
f 141//295 136//295 142//295
f 142//295 136//295 140//295
f 145//296 115//296 146//296
f 146//296 115//296 117//296
f 135//297 145//297 138//297
f 138//297 145//297 146//297
f 147//298 148//298 149//298
f 149//298 148//298 150//298
f 129//299 147//299 132//299
f 132//299 147//299 149//299
f 151//300 131//300 152//300
f 152//300 131//300 133//300
f 125//301 151//301 127//301
f 127//301 151//301 152//301
f 157//302 141//302 158//302
f 158//302 141//302 142//302
f 154//303 157//303 156//303
f 156//303 157//303 158//303
f 148//137 161//137 150//137
f 150//137 161//137 162//137
f 169//304 154//304 170//304
f 170//304 154//304 156//304
f 166//305 169//305 168//305
f 168//305 169//305 170//305
f 165//306 166//306 167//306
f 167//306 166//306 168//306
f 171//307 172//307 173//307
f 173//307 172//307 174//307
f 161//308 171//308 162//308
f 162//308 171//308 173//308
f 181//309 176//309 182//309
f 182//309 176//309 180//309
f 177//310 181//310 179//310
f 179//310 181//310 182//310
f 176//311 165//311 180//311
f 180//311 165//311 167//311
f 184//312 187//312 186//312
f 186//312 187//312 188//312
f 183//313 184//313 185//313
f 185//313 184//313 186//313
f 172//314 183//314 174//314
f 174//314 183//314 185//314
f 191//315 190//315 193//315
f 193//315 190//315 194//315
f 199//316 177//316 200//316
f 200//316 177//316 179//316
f 201//317 199//317 202//317
f 202//317 199//317 200//317
f 190//318 201//318 194//318
f 194//318 201//318 202//318
f 195//319 196//319 197//319
f 197//319 196//319 198//319
f 187//320 195//320 188//320
f 188//320 195//320 197//320
f 207//321 191//321 208//321
f 208//321 191//321 193//321
f 209//322 207//322 210//322
f 210//322 207//322 208//322
f 203//323 204//323 205//323
f 205//323 204//323 206//323
f 196//324 203//324 198//324
f 198//324 203//324 205//324
f 213//325 209//325 214//325
f 214//325 209//325 210//325
f 211//326 213//326 212//326
f 212//326 213//326 214//326
f 204//327 211//327 206//327
f 206//327 211//327 212//327
f 215//328 216//328 217//328
f 218//329 219//329 220//329
f 221//330 222//330 216//330
f 223//331 220//331 224//331
f 217//332 216//332 222//332
f 219//333 224//333 220//333
f 225//334 226//334 215//334
f 227//335 218//335 228//335
f 216//336 215//336 226//336
f 220//337 228//337 218//337
f 217//338 222//338 229//338
f 219//339 230//339 224//339
f 231//340 229//340 222//340
f 232//341 224//341 230//341
f 221//342 216//342 223//342
f 223//342 216//342 220//342
f 222//343 221//343 224//343
f 224//343 221//343 223//343
f 215//344 217//344 218//344
f 218//344 217//344 219//344
f 216//345 226//345 220//345
f 220//345 226//345 228//345
f 225//346 215//346 227//346
f 227//346 215//346 218//346
f 226//347 225//347 228//347
f 228//347 225//347 227//347
f 231//348 222//348 232//348
f 232//348 222//348 224//348
f 229//349 231//349 230//349
f 230//349 231//349 232//349
f 217//350 229//350 219//350
f 219//350 229//350 230//350
f 233//351 234//351 235//351
f 236//352 237//352 238//352
f 239//353 240//353 234//353
f 241//354 238//354 242//354
f 235//355 234//355 240//355
f 237//356 242//356 238//356
f 243//357 234//357 244//357
f 245//358 246//358 238//358
f 233//359 244//359 234//359
f 236//360 238//360 246//360
f 247//361 233//361 248//361
f 249//362 250//362 236//362
f 235//363 251//363 233//363
f 237//364 236//364 252//364
f 253//365 254//365 251//365
f 255//366 252//366 256//366
f 248//367 233//367 254//367
f 250//368 256//368 236//368
f 251//369 254//369 233//369
f 252//370 236//370 256//370
f 244//371 233//371 257//371
f 246//372 258//372 236//372
f 247//373 259//373 233//373
f 249//374 236//374 260//374
f 261//375 257//375 262//375
f 263//376 264//376 258//376
f 259//377 262//377 233//377
f 260//378 236//378 264//378
f 257//379 233//379 262//379
f 258//380 264//380 236//380
f 257//381 261//381 265//381
f 258//382 266//382 263//382
f 267//383 265//383 261//383
f 268//384 263//384 266//384
f 269//385 270//385 271//385
f 272//386 273//386 274//386
f 275//387 276//387 270//387
f 277//388 274//388 278//388
f 271//389 270//389 276//389
f 273//390 278//390 274//390
f 247//391 248//391 279//391
f 249//392 280//392 250//392
f 281//393 282//393 248//393
f 283//394 250//394 284//394
f 270//395 269//395 285//395
f 274//396 286//396 272//396
f 248//397 282//397 279//397
f 250//398 280//398 284//398
f 269//399 279//399 285//399
f 272//400 286//400 280//400
f 282//401 285//401 279//401
f 284//402 280//402 286//402
f 287//403 288//403 289//403
f 290//404 291//404 292//404
f 293//405 288//405 294//405
f 295//406 296//406 292//406
f 287//407 297//407 288//407
f 290//408 292//408 298//408
f 299//409 294//409 297//409
f 300//410 298//410 296//410
f 288//411 297//411 294//411
f 292//412 296//412 298//412
f 299//413 297//413 301//413
f 300//414 302//414 298//414
f 303//415 301//415 297//415
f 304//416 298//416 302//416
f 305//417 306//417 307//417
f 308//418 309//418 310//418
f 305//419 307//419 311//419
f 308//420 312//420 309//420
f 313//421 314//421 307//421
f 315//422 309//422 316//422
f 317//423 318//423 314//423
f 319//424 316//424 320//424
f 287//425 289//425 318//425
f 290//426 320//426 291//426
f 307//427 314//427 311//427
f 309//428 312//428 316//428
f 318//429 289//429 314//429
f 320//430 316//430 291//430
f 311//431 314//431 289//431
f 312//432 291//432 316//432
f 287//433 318//433 297//433
f 290//434 298//434 320//434
f 321//435 297//435 318//435
f 322//436 320//436 298//436
f 323//437 324//437 325//437
f 326//438 327//438 328//438
f 329//439 330//439 324//439
f 331//440 328//440 332//440
f 325//441 324//441 330//441
f 327//442 332//442 328//442
f 333//443 324//443 323//443
f 334//444 326//444 328//444
f 335//445 336//445 337//445
f 338//446 339//446 340//446
f 341//447 342//447 343//447
f 344//448 345//448 346//448
f 347//449 348//449 342//449
f 349//450 346//450 350//450
f 351//451 352//451 353//451
f 354//452 355//452 356//452
f 343//453 342//453 352//453
f 345//454 356//454 346//454
f 348//455 353//455 342//455
f 350//456 346//456 355//456
f 352//457 342//457 353//457
f 356//458 355//458 346//458
f 335//459 337//459 357//459
f 338//460 358//460 339//460
f 359//461 341//461 337//461
f 360//462 339//462 344//462
f 343//463 361//463 341//463
f 345//464 344//464 362//464
f 357//465 337//465 361//465
f 358//466 362//466 339//466
f 341//467 361//467 337//467
f 344//468 339//468 362//468
f 357//469 361//469 363//469
f 358//470 364//470 362//470
f 323//471 325//471 365//471
f 326//472 366//472 327//472
f 361//473 365//473 363//473
f 362//474 364//474 366//474
f 325//475 363//475 365//475
f 327//476 366//476 364//476
f 367//477 368//477 369//477
f 370//478 371//478 372//478
f 373//479 374//479 368//479
f 375//480 372//480 376//480
f 377//481 369//481 374//481
f 378//482 376//482 371//482
f 368//483 374//483 369//483
f 372//484 371//484 376//484
f 379//485 368//485 367//485
f 380//486 370//486 372//486
f 381//487 367//487 382//487
f 383//488 384//488 370//488
f 369//489 385//489 367//489
f 371//490 370//490 386//490
f 387//491 388//491 385//491
f 389//492 386//492 390//492
f 382//493 367//493 388//493
f 384//494 390//494 370//494
f 385//495 388//495 367//495
f 386//496 370//496 390//496
f 379//497 367//497 391//497
f 380//498 392//498 370//498
f 381//499 393//499 367//499
f 383//500 370//500 394//500
f 343//501 352//501 393//501
f 345//502 394//502 356//502
f 367//503 393//503 391//503
f 370//504 392//504 394//504
f 352//505 391//505 393//505
f 356//506 394//506 392//506
f 343//507 393//507 361//507
f 345//508 362//508 394//508
f 395//509 361//509 393//509
f 396//510 394//510 362//510
f 361//511 395//511 365//511
f 362//512 366//512 396//512
f 397//513 365//513 395//513
f 398//514 396//514 366//514
f 365//515 397//515 399//515
f 366//516 400//516 398//516
f 401//517 399//517 397//517
f 402//518 398//518 400//518
f 399//519 401//519 403//519
f 400//520 404//520 402//520
f 405//521 403//521 401//521
f 406//522 402//522 404//522
f 403//523 405//523 407//523
f 404//524 408//524 406//524
f 409//525 410//525 405//525
f 411//526 406//526 412//526
f 407//527 405//527 410//527
f 408//528 412//528 406//528
f 407//529 410//529 413//529
f 408//530 414//530 412//530
f 415//531 381//531 416//531
f 417//532 418//532 383//532
f 382//533 419//533 381//533
f 384//534 383//534 420//534
f 416//535 381//535 421//535
f 418//536 422//536 383//536
f 419//537 421//537 381//537
f 420//538 383//538 422//538
f 423//539 393//539 415//539
f 424//540 417//540 394//540
f 381//541 415//541 393//541
f 383//542 394//542 417//542
f 425//543 395//543 423//543
f 426//544 424//544 396//544
f 393//545 423//545 395//545
f 394//546 396//546 424//546
f 427//547 397//547 425//547
f 428//548 426//548 398//548
f 395//549 425//549 397//549
f 396//550 398//550 426//550
f 429//551 401//551 427//551
f 430//552 428//552 402//552
f 397//553 427//553 401//553
f 398//554 402//554 428//554
f 431//555 405//555 432//555
f 433//556 434//556 406//556
f 401//557 429//557 405//557
f 402//558 406//558 430//558
f 432//559 405//559 429//559
f 434//560 430//560 406//560
f 409//561 405//561 431//561
f 411//562 433//562 406//562
f 416//563 435//563 415//563
f 418//564 417//564 436//564
f 437//565 438//565 439//565
f 440//566 441//566 442//566
f 415//567 435//567 438//567
f 417//568 442//568 436//568
f 439//569 438//569 435//569
f 441//570 436//570 442//570
f 443//571 423//571 438//571
f 444//572 442//572 424//572
f 415//573 438//573 423//573
f 417//574 424//574 442//574
f 445//575 425//575 443//575
f 446//576 444//576 426//576
f 423//577 443//577 425//577
f 424//578 426//578 444//578
f 447//579 427//579 445//579
f 448//580 446//580 428//580
f 425//581 445//581 427//581
f 426//582 428//582 446//582
f 449//583 429//583 450//583
f 451//584 452//584 430//584
f 427//585 447//585 429//585
f 428//586 430//586 448//586
f 450//587 429//587 447//587
f 452//588 448//588 430//588
f 432//589 429//589 449//589
f 434//590 451//590 430//590
f 453//591 454//591 455//591
f 456//592 457//592 458//592
f 459//593 455//593 454//593
f 460//594 458//594 457//594
f 438//595 437//595 461//595
f 442//596 462//596 440//596
f 463//597 464//597 437//597
f 465//598 440//598 466//598
f 454//599 453//599 467//599
f 458//600 468//600 456//600
f 437//601 464//601 461//601
f 440//602 462//602 466//602
f 453//603 461//603 467//603
f 456//604 468//604 462//604
f 464//605 467//605 461//605
f 466//606 462//606 468//606
f 469//607 443//607 461//607
f 470//608 462//608 444//608
f 438//609 461//609 443//609
f 442//610 444//610 462//610
f 471//611 445//611 469//611
f 472//612 470//612 446//612
f 443//613 469//613 445//613
f 444//614 446//614 470//614
f 473//615 447//615 474//615
f 475//616 476//616 448//616
f 445//617 471//617 447//617
f 446//618 448//618 472//618
f 474//619 447//619 471//619
f 476//620 472//620 448//620
f 450//621 447//621 473//621
f 452//622 475//622 448//622
f 477//623 453//623 478//623
f 479//624 480//624 456//624
f 455//625 481//625 453//625
f 457//626 456//626 482//626
f 483//627 478//627 484//627
f 485//628 486//628 480//628
f 481//629 484//629 453//629
f 482//630 456//630 486//630
f 478//631 453//631 484//631
f 480//632 486//632 456//632
f 487//633 461//633 488//633
f 489//634 490//634 462//634
f 453//635 477//635 461//635
f 456//636 462//636 479//636
f 491//637 492//637 477//637
f 493//638 479//638 494//638
f 488//639 461//639 495//639
f 490//640 496//640 462//640
f 477//641 492//641 461//641
f 479//642 462//642 494//642
f 495//643 461//643 492//643
f 496//644 494//644 462//644
f 497//645 469//645 498//645
f 499//646 500//646 470//646
f 461//647 487//647 469//647
f 462//648 470//648 489//648
f 498//649 469//649 487//649
f 500//650 489//650 470//650
f 501//651 471//651 502//651
f 503//652 504//652 472//652
f 469//653 497//653 471//653
f 470//654 472//654 499//654
f 502//655 471//655 497//655
f 504//656 499//656 472//656
f 474//657 471//657 501//657
f 476//658 503//658 472//658
f 505//659 477//659 478//659
f 506//660 480//660 479//660
f 491//661 477//661 507//661
f 493//662 508//662 479//662
f 505//663 509//663 477//663
f 506//664 479//664 510//664
f 511//665 512//665 513//665
f 514//666 515//666 516//666
f 507//667 477//667 512//667
f 508//668 516//668 479//668
f 509//669 513//669 477//669
f 510//670 479//670 515//670
f 512//671 477//671 513//671
f 516//672 515//672 479//672
f 517//673 518//673 519//673
f 520//674 521//674 522//674
f 523//675 497//675 524//675
f 525//676 526//676 499//676
f 498//677 527//677 497//677
f 500//678 499//678 528//678
f 529//679 530//679 531//679
f 532//680 533//680 534//680
f 518//681 517//681 530//681
f 522//682 534//682 520//682
f 524//683 497//683 517//683
f 526//684 520//684 499//684
f 527//685 531//685 497//685
f 528//686 499//686 533//686
f 530//687 517//687 531//687
f 534//688 533//688 520//688
f 497//689 531//689 517//689
f 499//690 520//690 533//690
f 502//691 497//691 523//691
f 504//692 525//692 499//692
f 517//693 519//693 535//693
f 520//694 536//694 521//694
f 537//695 535//695 519//695
f 538//696 521//696 536//696
f 539//697 540//697 541//697
f 542//698 543//698 544//698
f 517//699 535//699 524//699
f 520//700 526//700 536//700
f 540//701 539//701 545//701
f 544//702 546//702 542//702
f 547//703 524//703 548//703
f 549//704 550//704 526//704
f 535//705 545//705 524//705
f 536//706 526//706 546//706
f 539//707 548//707 545//707
f 542//708 546//708 550//708
f 524//709 545//709 548//709
f 526//710 550//710 546//710
f 333//711 323//711 551//711
f 334//712 552//712 326//712
f 365//713 399//713 323//713
f 366//714 326//714 400//714
f 553//715 551//715 399//715
f 554//716 400//716 552//716
f 323//717 399//717 551//717
f 326//718 552//718 400//718
f 318//719 317//719 555//719
f 320//720 556//720 319//720
f 403//721 321//721 399//721
f 404//722 400//722 322//722
f 318//723 555//723 321//723
f 320//724 322//724 556//724
f 553//725 399//725 557//725
f 554//726 558//726 400//726
f 555//727 557//727 321//727
f 556//728 322//728 558//728
f 399//729 321//729 557//729
f 400//730 558//730 322//730
f 407//731 559//731 403//731
f 408//732 404//732 560//732
f 321//733 403//733 559//733
f 322//734 560//734 404//734
f 561//735 559//735 413//735
f 562//736 414//736 560//736
f 407//737 413//737 559//737
f 408//738 560//738 414//738
f 303//739 297//739 563//739
f 304//740 564//740 298//740
f 321//741 559//741 297//741
f 322//742 298//742 560//742
f 565//743 563//743 559//743
f 566//744 560//744 564//744
f 297//745 559//745 563//745
f 298//746 564//746 560//746
f 269//747 271//747 567//747
f 272//748 568//748 273//748
f 569//749 279//749 561//749
f 570//750 562//750 280//750
f 269//751 567//751 279//751
f 272//752 280//752 568//752
f 565//753 559//753 571//753
f 566//754 572//754 560//754
f 561//755 279//755 559//755
f 562//756 560//756 280//756
f 567//757 571//757 279//757
f 568//758 280//758 572//758
f 559//759 279//759 571//759
f 560//760 572//760 280//760
f 573//761 574//761 575//761
f 576//762 577//762 578//762
f 569//763 575//763 279//763
f 570//764 280//764 577//764
f 574//765 279//765 575//765
f 578//766 577//766 280//766
f 579//767 574//767 580//767
f 581//768 582//768 578//768
f 573//769 583//769 574//769
f 576//770 578//770 584//770
f 580//771 574//771 583//771
f 582//772 584//772 578//772
f 259//773 247//773 585//773
f 260//774 586//774 249//774
f 574//775 587//775 279//775
f 578//776 280//776 588//776
f 589//777 590//777 591//777
f 592//778 593//778 594//778
f 247//779 279//779 585//779
f 249//780 586//780 280//780
f 587//781 591//781 279//781
f 588//782 280//782 593//782
f 590//783 585//783 591//783
f 594//784 593//784 586//784
f 279//785 591//785 585//785
f 280//786 586//786 593//786
f 595//787 590//787 589//787
f 596//788 592//788 594//788
f 579//789 597//789 574//789
f 581//790 578//790 598//790
f 587//791 574//791 597//791
f 588//792 598//792 578//792
f 239//793 234//793 241//793
f 241//793 234//793 238//793
f 240//794 239//794 242//794
f 242//794 239//794 241//794
f 235//795 240//795 237//795
f 237//795 240//795 242//795
f 243//796 244//796 245//796
f 245//796 244//796 246//796
f 234//797 243//797 238//797
f 238//797 243//797 245//797
f 251//798 235//798 252//798
f 252//798 235//798 237//798
f 253//799 251//799 255//799
f 255//799 251//799 252//799
f 254//800 253//800 256//800
f 256//800 253//800 255//800
f 248//801 254//801 250//801
f 250//801 254//801 256//801
f 262//802 259//802 264//802
f 264//802 259//802 260//802
f 261//803 262//803 263//803
f 263//803 262//803 264//803
f 244//804 257//804 246//804
f 246//804 257//804 258//804
f 267//805 261//805 268//805
f 268//805 261//805 263//805
f 265//806 267//806 266//806
f 266//806 267//806 268//806
f 257//807 265//807 258//807
f 258//807 265//807 266//807
f 275//808 270//808 277//808
f 277//808 270//808 274//808
f 276//809 275//809 278//809
f 278//809 275//809 277//809
f 271//810 276//810 273//810
f 273//810 276//810 278//810
f 281//811 248//811 283//811
f 283//811 248//811 250//811
f 282//812 281//812 284//812
f 284//812 281//812 283//812
f 285//813 282//813 286//813
f 286//813 282//813 284//813
f 270//814 285//814 274//814
f 274//814 285//814 286//814
f 289//815 288//815 291//815
f 291//815 288//815 292//815
f 288//816 293//816 292//816
f 292//816 293//816 295//816
f 294//817 299//817 296//817
f 296//817 299//817 300//817
f 293//818 294//818 295//818
f 295//818 294//818 296//818
f 301//819 303//819 302//819
f 302//819 303//819 304//819
f 299//820 301//820 300//820
f 300//820 301//820 302//820
f 307//821 306//821 309//821
f 309//821 306//821 310//821
f 306//822 305//822 310//822
f 310//822 305//822 308//822
f 313//823 307//823 315//823
f 315//823 307//823 309//823
f 314//824 313//824 316//824
f 316//824 313//824 315//824
f 317//825 314//825 319//825
f 319//825 314//825 316//825
f 311//826 289//826 312//826
f 312//826 289//826 291//826
f 305//827 311//827 308//827
f 308//827 311//827 312//827
f 329//828 324//828 331//828
f 331//828 324//828 328//828
f 330//829 329//829 332//829
f 332//829 329//829 331//829
f 325//830 330//830 327//830
f 327//830 330//830 332//830
f 324//831 333//831 328//831
f 328//831 333//831 334//831
f 337//832 336//832 339//832
f 339//832 336//832 340//832
f 336//833 335//833 340//833
f 340//833 335//833 338//833
f 342//834 341//834 346//834
f 346//834 341//834 344//834
f 347//835 342//835 349//835
f 349//835 342//835 346//835
f 348//836 347//836 350//836
f 350//836 347//836 349//836
f 353//837 348//837 355//837
f 355//837 348//837 350//837
f 351//838 353//838 354//838
f 354//838 353//838 355//838
f 352//839 351//839 356//839
f 356//839 351//839 354//839
f 359//840 337//840 360//840
f 360//840 337//840 339//840
f 341//841 359//841 344//841
f 344//841 359//841 360//841
f 335//842 357//842 338//842
f 338//842 357//842 358//842
f 363//843 325//843 364//843
f 364//843 325//843 327//843
f 357//844 363//844 358//844
f 358//844 363//844 364//844
f 373//845 368//845 375//845
f 375//845 368//845 372//845
f 374//846 373//846 376//846
f 376//846 373//846 375//846
f 377//847 374//847 378//847
f 378//847 374//847 376//847
f 369//848 377//848 371//848
f 371//848 377//848 378//848
f 368//849 379//849 372//849
f 372//849 379//849 380//849
f 385//850 369//850 386//850
f 386//850 369//850 371//850
f 387//851 385//851 389//851
f 389//851 385//851 386//851
f 388//852 387//852 390//852
f 390//852 387//852 389//852
f 382//853 388//853 384//853
f 384//853 388//853 390//853
f 391//854 352//854 392//854
f 392//854 352//854 356//854
f 379//855 391//855 380//855
f 380//855 391//855 392//855
f 410//856 409//856 412//856
f 412//856 409//856 411//856
f 413//857 410//857 414//857
f 414//857 410//857 412//857
f 419//858 382//858 420//858
f 420//858 382//858 384//858
f 421//859 419//859 422//859
f 422//859 419//859 420//859
f 416//860 421//860 418//860
f 418//860 421//860 422//860
f 431//861 432//861 433//861
f 433//861 432//861 434//861
f 409//862 431//862 411//862
f 411//862 431//862 433//862
f 435//863 416//863 436//863
f 436//863 416//863 418//863
f 439//864 435//864 441//864
f 441//864 435//864 436//864
f 437//865 439//865 440//865
f 440//865 439//865 441//865
f 449//866 450//866 451//866
f 451//866 450//866 452//866
f 432//867 449//867 434//867
f 434//867 449//867 451//867
f 459//868 454//868 460//868
f 460//868 454//868 458//868
f 455//112 459//112 457//112
f 457//112 459//112 460//112
f 463//869 437//869 465//869
f 465//869 437//869 440//869
f 464//870 463//870 466//870
f 466//870 463//870 465//870
f 467//871 464//871 468//871
f 468//871 464//871 466//871
f 454//872 467//872 458//872
f 458//872 467//872 468//872
f 473//873 474//873 475//873
f 475//873 474//873 476//873
f 450//874 473//874 452//874
f 452//874 473//874 475//874
f 481//112 455//112 482//112
f 482//112 455//112 457//112
f 484//875 481//875 486//875
f 486//875 481//875 482//875
f 483//876 484//876 485//876
f 485//876 484//876 486//876
f 478//877 483//877 480//877
f 480//877 483//877 485//877
f 492//878 491//878 494//878
f 494//878 491//878 493//878
f 495//879 492//879 496//879
f 496//879 492//879 494//879
f 488//880 495//880 490//880
f 490//880 495//880 496//880
f 487//881 488//881 489//881
f 489//881 488//881 490//881
f 498//882 487//882 500//882
f 500//882 487//882 489//882
f 501//883 502//883 503//883
f 503//883 502//883 504//883
f 474//884 501//884 476//884
f 476//884 501//884 503//884
f 505//885 478//885 506//885
f 506//885 478//885 480//885
f 509//886 505//886 510//886
f 510//886 505//886 506//886
f 513//887 509//887 515//887
f 515//887 509//887 510//887
f 511//888 513//888 514//888
f 514//888 513//888 515//888
f 512//889 511//889 516//889
f 516//889 511//889 514//889
f 507//890 512//890 508//890
f 508//890 512//890 516//890
f 491//891 507//891 493//891
f 493//891 507//891 508//891
f 519//892 518//892 521//892
f 521//892 518//892 522//892
f 527//893 498//893 528//893
f 528//893 498//893 500//893
f 531//894 527//894 533//894
f 533//894 527//894 528//894
f 529//895 531//895 532//895
f 532//895 531//895 533//895
f 530//896 529//896 534//896
f 534//896 529//896 532//896
f 518//897 530//897 522//897
f 522//897 530//897 534//897
f 523//898 524//898 525//898
f 525//898 524//898 526//898
f 502//899 523//899 504//899
f 504//899 523//899 525//899
f 537//900 519//900 538//900
f 538//900 519//900 521//900
f 535//901 537//901 536//901
f 536//901 537//901 538//901
f 541//902 540//902 543//902
f 543//902 540//902 544//902
f 539//903 541//903 542//903
f 542//903 541//903 543//903
f 545//904 535//904 546//904
f 546//904 535//904 536//904
f 540//905 545//905 544//905
f 544//905 545//905 546//905
f 548//906 539//906 550//906
f 550//906 539//906 542//906
f 547//907 548//907 549//907
f 549//907 548//907 550//907
f 524//908 547//908 526//908
f 526//908 547//908 549//908
f 551//909 553//909 552//909
f 552//909 553//909 554//909
f 333//910 551//910 334//910
f 334//910 551//910 552//910
f 555//911 317//911 556//911
f 556//911 317//911 319//911
f 557//912 555//912 558//912
f 558//912 555//912 556//912
f 553//913 557//913 554//913
f 554//913 557//913 558//913
f 561//914 413//914 562//914
f 562//914 413//914 414//914
f 563//915 565//915 564//915
f 564//915 565//915 566//915
f 303//916 563//916 304//916
f 304//916 563//916 564//916
f 567//917 271//917 568//917
f 568//917 271//917 273//917
f 571//918 567//918 572//918
f 572//918 567//918 568//918
f 565//915 571//915 566//915
f 566//915 571//915 572//915
f 569//919 561//919 570//919
f 570//919 561//919 562//919
f 575//920 569//920 577//920
f 577//920 569//920 570//920
f 573//921 575//921 576//921
f 576//921 575//921 577//921
f 583//922 573//922 584//922
f 584//922 573//922 576//922
f 580//923 583//923 582//923
f 582//923 583//923 584//923
f 579//924 580//924 581//924
f 581//924 580//924 582//924
f 591//925 587//925 593//925
f 593//925 587//925 588//925
f 589//926 591//926 592//926
f 592//926 591//926 593//926
f 585//927 590//927 586//927
f 586//927 590//927 594//927
f 259//928 585//928 260//928
f 260//928 585//928 586//928
f 595//929 589//929 596//929
f 596//929 589//929 592//929
f 590//930 595//930 594//930
f 594//930 595//930 596//930
f 587//931 597//931 588//931
f 588//931 597//931 598//931
f 597//932 579//932 598//932
f 598//932 579//932 581//932
f 599//749 569//749 561//749
f 600//750 562//750 570//750
f 575//933 569//933 601//933
f 577//934 602//934 570//934
f 599//935 603//935 569//935
f 600//936 570//936 604//936
f 605//937 606//937 603//937
f 607//938 604//938 608//938
f 601//939 569//939 606//939
f 602//940 608//940 570//940
f 603//941 606//941 569//941
f 604//942 570//942 608//942
f 605//943 603//943 609//943
f 607//944 610//944 604//944
f 611//945 612//945 603//945
f 613//946 604//946 614//946
f 609//947 603//947 612//947
f 610//948 614//948 604//948
f 612//949 611//949 615//949
f 614//950 616//950 613//950
f 617//951 599//951 413//951
f 618//952 414//952 600//952
f 561//953 413//953 599//953
f 562//954 600//954 414//954
f 619//955 603//955 617//955
f 620//956 618//956 604//956
f 599//957 617//957 603//957
f 600//958 604//958 618//958
f 621//959 622//959 623//959
f 624//960 625//960 626//960
f 627//961 410//961 409//961
f 628//962 411//962 412//962
f 629//963 617//963 627//963
f 630//964 628//964 618//964
f 413//965 410//965 617//965
f 414//966 618//966 412//966
f 627//967 617//967 410//967
f 628//968 412//968 618//968
f 631//969 619//969 629//969
f 632//970 630//970 620//970
f 617//971 629//971 619//971
f 618//972 620//972 630//972
f 633//973 619//973 634//973
f 635//974 636//974 620//974
f 631//975 637//975 619//975
f 632//976 620//976 638//976
f 639//977 640//977 641//977
f 642//978 643//978 644//978
f 619//979 637//979 634//979
f 620//980 636//980 638//980
f 640//981 634//981 641//981
f 644//982 643//982 636//982
f 637//983 641//983 634//983
f 638//984 636//984 643//984
f 640//985 639//985 645//985
f 644//986 646//986 642//986
f 647//987 648//987 649//987
f 650//988 651//988 652//988
f 653//989 654//989 648//989
f 655//990 652//990 656//990
f 649//991 648//991 654//991
f 651//992 656//992 652//992
f 621//993 623//993 657//993
f 624//994 658//994 625//994
f 648//995 647//995 623//995
f 652//996 625//996 650//996
f 659//997 657//997 647//997
f 660//998 650//998 658//998
f 623//999 647//999 657//999
f 625//1000 658//1000 650//1000
f 657//1001 659//1001 661//1001
f 658//1002 662//1002 660//1002
f 663//1003 431//1003 432//1003
f 664//1004 434//1004 433//1004
f 665//1005 627//1005 663//1005
f 666//1006 664//1006 628//1006
f 409//1007 431//1007 627//1007
f 411//1008 628//1008 433//1008
f 663//1009 627//1009 431//1009
f 664//1010 433//1010 628//1010
f 667//1011 629//1011 665//1011
f 668//1012 666//1012 630//1012
f 627//1013 665//1013 629//1013
f 628//1014 630//1014 666//1014
f 669//1015 449//1015 450//1015
f 670//1016 452//1016 451//1016
f 671//1017 663//1017 669//1017
f 672//1018 670//1018 664//1018
f 432//1019 449//1019 663//1019
f 434//1020 664//1020 451//1020
f 669//1021 663//1021 449//1021
f 670//1022 451//1022 664//1022
f 673//1023 665//1023 671//1023
f 674//1024 672//1024 666//1024
f 663//1025 671//1025 665//1025
f 664//1026 666//1026 672//1026
f 675//1027 667//1027 676//1027
f 677//1028 678//1028 668//1028
f 665//1029 673//1029 667//1029
f 666//1030 668//1030 674//1030
f 679//1031 680//1031 673//1031
f 681//1032 674//1032 682//1032
f 676//1033 667//1033 680//1033
f 678//1034 682//1034 668//1034
f 673//1035 680//1035 667//1035
f 674//1036 668//1036 682//1036
f 683//1037 684//1037 685//1037
f 686//1038 687//1038 688//1038
f 675//1039 689//1039 667//1039
f 677//1040 668//1040 690//1040
f 691//1041 692//1041 693//1041
f 694//1042 695//1042 696//1042
f 697//1043 685//1043 698//1043
f 699//1044 700//1044 687//1044
f 684//1045 667//1045 685//1045
f 688//1046 687//1046 668//1046
f 689//1047 693//1047 667//1047
f 690//1048 668//1048 695//1048
f 692//1049 698//1049 693//1049
f 696//1050 695//1050 700//1050
f 685//1051 667//1051 698//1051
f 687//1052 700//1052 668//1052
f 693//1053 698//1053 667//1053
f 695//1054 668//1054 700//1054
f 701//1055 684//1055 702//1055
f 703//1056 704//1056 688//1056
f 683//1057 702//1057 684//1057
f 686//1058 688//1058 704//1058
f 705//1059 675//1059 676//1059
f 706//1060 678//1060 677//1060
f 689//1061 675//1061 707//1061
f 690//1062 708//1062 677//1062
f 705//1063 707//1063 675//1063
f 706//1064 677//1064 708//1064
f 692//1065 691//1065 709//1065
f 696//1066 710//1066 694//1066
f 711//1067 473//1067 474//1067
f 712//1068 476//1068 475//1068
f 713//1069 669//1069 711//1069
f 714//1070 712//1070 670//1070
f 450//1071 473//1071 669//1071
f 452//1072 670//1072 475//1072
f 711//1073 669//1073 473//1073
f 712//1074 475//1074 670//1074
f 715//1075 671//1075 713//1075
f 716//1076 714//1076 672//1076
f 669//1077 713//1077 671//1077
f 670//1078 672//1078 714//1078
f 717//1079 673//1079 715//1079
f 718//1080 716//1080 674//1080
f 671//1079 715//1079 673//1079
f 672//1080 674//1080 716//1080
f 679//1081 673//1081 719//1081
f 681//1082 720//1082 674//1082
f 717//1083 721//1083 673//1083
f 718//1084 674//1084 722//1084
f 719//1085 673//1085 721//1085
f 720//1086 722//1086 674//1086
f 723//1087 724//1087 725//1087
f 726//1088 727//1088 728//1088
f 729//1089 730//1089 723//1089
f 731//1090 726//1090 732//1090
f 724//1091 723//1091 730//1091
f 728//1092 732//1092 726//1092
f 733//1093 501//1093 502//1093
f 734//1094 504//1094 503//1094
f 735//1095 711//1095 733//1095
f 736//1096 734//1096 712//1096
f 474//1097 501//1097 711//1097
f 476//1098 712//1098 503//1098
f 733//1099 711//1099 501//1099
f 734//1100 503//1100 712//1100
f 737//1101 713//1101 735//1101
f 738//1102 736//1102 714//1102
f 711//1103 735//1103 713//1103
f 712//1104 714//1104 736//1104
f 739//1105 715//1105 737//1105
f 740//1106 738//1106 716//1106
f 713//1075 737//1075 715//1075
f 714//1076 716//1076 738//1076
f 741//1107 717//1107 739//1107
f 742//1108 740//1108 718//1108
f 715//1109 739//1109 717//1109
f 716//1110 718//1110 740//1110
f 721//1111 717//1111 743//1111
f 722//1112 744//1112 718//1112
f 745//1113 746//1113 747//1113
f 748//1114 749//1114 750//1114
f 743//1115 717//1115 751//1115
f 744//1116 752//1116 718//1116
f 747//1117 746//1117 741//1117
f 749//1118 742//1118 750//1118
f 717//1119 741//1119 751//1119
f 718//1120 752//1120 742//1120
f 746//1121 751//1121 741//1121
f 750//1122 742//1122 752//1122
f 745//1123 747//1123 753//1123
f 748//1124 754//1124 749//1124
f 755//1125 756//1125 757//1125
f 758//1126 759//1126 760//1126
f 753//1127 747//1127 756//1127
f 754//1128 760//1128 749//1128
f 757//1129 756//1129 747//1129
f 759//1130 749//1130 760//1130
f 755//1131 757//1131 761//1131
f 758//1132 762//1132 759//1132
f 763//1133 764//1133 757//1133
f 765//1134 759//1134 766//1134
f 767//1135 723//1135 764//1135
f 768//1136 766//1136 726//1136
f 725//1137 761//1137 723//1137
f 727//1138 726//1138 762//1138
f 757//1139 764//1139 761//1139
f 759//1140 762//1140 766//1140
f 723//1141 761//1141 764//1141
f 726//1142 766//1142 762//1142
f 723//1143 767//1143 729//1143
f 726//1144 731//1144 768//1144
f 769//1145 729//1145 767//1145
f 770//1146 768//1146 731//1146
f 771//1147 523//1147 524//1147
f 772//1148 526//1148 525//1148
f 773//1149 733//1149 771//1149
f 774//1150 772//1150 734//1150
f 502//1151 523//1151 733//1151
f 504//1152 734//1152 525//1152
f 771//1153 733//1153 523//1153
f 772//1154 525//1154 734//1154
f 775//1155 735//1155 773//1155
f 776//1156 774//1156 736//1156
f 733//1157 773//1157 735//1157
f 734//1158 736//1158 774//1158
f 777//1159 737//1159 775//1159
f 778//1160 776//1160 738//1160
f 735//1161 775//1161 737//1161
f 736//1162 738//1162 776//1162
f 779//1163 739//1163 777//1163
f 780//1164 778//1164 740//1164
f 737//1165 777//1165 739//1165
f 738//1166 740//1166 778//1166
f 781//1167 741//1167 779//1167
f 782//1168 780//1168 742//1168
f 739//1169 779//1169 741//1169
f 740//1170 742//1170 780//1170
f 783//1171 747//1171 784//1171
f 785//1172 786//1172 749//1172
f 741//1173 781//1173 747//1173
f 742//1174 749//1174 782//1174
f 787//1175 784//1175 781//1175
f 788//1176 782//1176 786//1176
f 747//1177 781//1177 784//1177
f 749//1178 786//1178 782//1178
f 789//1179 757//1179 790//1179
f 791//1180 792//1180 759//1180
f 747//1181 783//1181 757//1181
f 749//1182 759//1182 785//1182
f 790//1183 757//1183 783//1183
f 792//1184 785//1184 759//1184
f 763//1185 757//1185 789//1185
f 765//1186 791//1186 759//1186
f 793//1187 794//1187 795//1187
f 796//1188 797//1188 798//1188
f 799//1189 771//1189 800//1189
f 801//1190 802//1190 772//1190
f 524//1191 547//1191 771//1191
f 526//1192 772//1192 549//1192
f 794//1193 793//1193 547//1193
f 798//1194 549//1194 796//1194
f 800//1195 771//1195 793//1195
f 802//1196 796//1196 772//1196
f 547//1197 793//1197 771//1197
f 549//1198 772//1198 796//1198
f 803//1199 773//1199 799//1199
f 804//1200 801//1200 774//1200
f 771//1201 799//1201 773//1201
f 772//1202 774//1202 801//1202
f 805//1203 775//1203 803//1203
f 806//1204 804//1204 776//1204
f 773//1205 803//1205 775//1205
f 774//1206 776//1206 804//1206
f 807//1207 777//1207 805//1207
f 808//1208 806//1208 778//1208
f 775//1209 805//1209 777//1209
f 776//1210 778//1210 806//1210
f 809//1211 779//1211 807//1211
f 810//1212 808//1212 780//1212
f 777//1213 807//1213 779//1213
f 778//1214 780//1214 808//1214
f 811//1215 781//1215 809//1215
f 812//1216 810//1216 782//1216
f 779//1217 809//1217 781//1217
f 780//1218 782//1218 810//1218
f 787//1219 781//1219 813//1219
f 788//1220 814//1220 782//1220
f 811//1221 815//1221 781//1221
f 812//1222 782//1222 816//1222
f 817//1223 818//1223 815//1223
f 819//1224 816//1224 820//1224
f 813//1225 781//1225 818//1225
f 814//1226 820//1226 782//1226
f 815//1227 818//1227 781//1227
f 816//1228 782//1228 820//1228
f 818//1229 817//1229 821//1229
f 820//1230 822//1230 819//1230
f 823//1231 821//1231 817//1231
f 824//1232 819//1232 822//1232
f 825//1233 826//1233 827//1233
f 828//1234 829//1234 830//1234
f 825//1235 827//1235 831//1235
f 828//1236 832//1236 829//1236
f 833//1237 834//1237 827//1237
f 835//1238 829//1238 836//1238
f 837//1239 831//1239 834//1239
f 838//1240 836//1240 832//1240
f 827//1241 834//1241 831//1241
f 829//1242 832//1242 836//1242
f 831//1243 837//1243 839//1243
f 832//1244 840//1244 838//1244
f 841//1245 799//1245 837//1245
f 842//1246 838//1246 801//1246
f 800//1247 839//1247 799//1247
f 802//1248 801//1248 840//1248
f 837//1249 799//1249 839//1249
f 838//1250 840//1250 801//1250
f 799//1251 841//1251 803//1251
f 801//1252 804//1252 842//1252
f 843//1253 803//1253 841//1253
f 844//1254 842//1254 804//1254
f 803//1255 843//1255 805//1255
f 804//1256 806//1256 844//1256
f 845//1255 805//1255 843//1255
f 846//1256 844//1256 806//1256
f 805//1257 845//1257 807//1257
f 806//1258 808//1258 846//1258
f 847//1259 807//1259 845//1259
f 848//1260 846//1260 808//1260
f 807//1261 847//1261 809//1261
f 808//1262 810//1262 848//1262
f 849//1263 809//1263 847//1263
f 850//1264 848//1264 810//1264
f 809//1265 849//1265 811//1265
f 810//1266 812//1266 850//1266
f 851//1267 852//1267 849//1267
f 853//1268 850//1268 854//1268
f 855//1269 811//1269 856//1269
f 857//1270 858//1270 812//1270
f 852//1271 859//1271 849//1271
f 854//1272 850//1272 860//1272
f 856//1273 811//1273 859//1273
f 858//1274 860//1274 812//1274
f 849//1275 859//1275 811//1275
f 850//1276 812//1276 860//1276
f 855//1277 861//1277 811//1277
f 857//1278 812//1278 862//1278
f 815//1279 811//1279 863//1279
f 816//1280 864//1280 812//1280
f 861//1281 863//1281 811//1281
f 862//1282 812//1282 864//1282
f 865//1283 866//1283 867//1283
f 868//1284 869//1284 870//1284
f 871//1285 872//1285 866//1285
f 873//1286 870//1286 874//1286
f 867//1287 866//1287 872//1287
f 869//1288 874//1288 870//1288
f 875//1289 876//1289 865//1289
f 877//1290 868//1290 878//1290
f 866//1291 865//1291 876//1291
f 870//1292 878//1292 868//1292
f 879//1293 837//1293 880//1293
f 881//1294 882//1294 838//1294
f 834//1295 880//1295 837//1295
f 836//1296 838//1296 882//1296
f 883//1297 841//1297 879//1297
f 884//1298 881//1298 842//1298
f 837//1299 879//1299 841//1299
f 838//1300 842//1300 881//1300
f 885//1301 843//1301 883//1301
f 886//1302 884//1302 844//1302
f 841//1303 883//1303 843//1303
f 842//1304 844//1304 884//1304
f 887//1255 845//1255 885//1255
f 888//1256 886//1256 846//1256
f 843//1255 885//1255 845//1255
f 844//1256 846//1256 886//1256
f 889//1207 847//1207 887//1207
f 890//1208 888//1208 848//1208
f 845//1305 887//1305 847//1305
f 846//1306 848//1306 888//1306
f 891//1307 849//1307 889//1307
f 892//1308 890//1308 850//1308
f 847//1309 889//1309 849//1309
f 848//1310 850//1310 890//1310
f 851//1311 849//1311 893//1311
f 853//1312 894//1312 850//1312
f 895//1313 896//1313 891//1313
f 897//1314 892//1314 898//1314
f 893//1315 849//1315 899//1315
f 894//1316 900//1316 850//1316
f 896//1317 901//1317 891//1317
f 898//1318 892//1318 902//1318
f 849//1319 891//1319 899//1319
f 850//1320 900//1320 892//1320
f 901//1321 899//1321 891//1321
f 902//1322 892//1322 900//1322
f 896//1323 895//1323 872//1323
f 898//1324 874//1324 897//1324
f 903//1325 904//1325 895//1325
f 905//1326 897//1326 906//1326
f 867//1327 872//1327 907//1327
f 869//1328 908//1328 874//1328
f 904//1329 907//1329 895//1329
f 906//1330 897//1330 908//1330
f 872//1331 895//1331 907//1331
f 874//1332 908//1332 897//1332
f 904//1333 903//1333 909//1333
f 906//1334 910//1334 905//1334
f 911//1335 912//1335 903//1335
f 913//1336 905//1336 914//1336
f 909//1337 903//1337 912//1337
f 910//1338 914//1338 905//1338
f 915//1339 879//1339 916//1339
f 917//1340 918//1340 881//1340
f 880//1341 919//1341 879//1341
f 882//1342 881//1342 920//1342
f 916//1343 879//1343 919//1343
f 918//1344 920//1344 881//1344
f 921//1345 883//1345 915//1345
f 922//1346 917//1346 884//1346
f 879//1347 915//1347 883//1347
f 881//1348 884//1348 917//1348
f 923//1349 885//1349 921//1349
f 924//1350 922//1350 886//1350
f 883//1351 921//1351 885//1351
f 884//1352 886//1352 922//1352
f 925//1353 887//1353 923//1353
f 926//1354 924//1354 888//1354
f 885//1355 923//1355 887//1355
f 886//1356 888//1356 924//1356
f 927//1357 889//1357 925//1357
f 928//1358 926//1358 890//1358
f 887//1257 925//1257 889//1257
f 888//1258 890//1258 926//1258
f 929//1359 891//1359 927//1359
f 930//1360 928//1360 892//1360
f 889//1361 927//1361 891//1361
f 890//1362 892//1362 928//1362
f 931//1363 895//1363 929//1363
f 932//1364 930//1364 897//1364
f 891//1363 929//1363 895//1363
f 892//1364 897//1364 930//1364
f 933//1365 903//1365 931//1365
f 934//1366 932//1366 905//1366
f 895//1367 931//1367 903//1367
f 897//1368 905//1368 932//1368
f 935//1369 911//1369 936//1369
f 937//1370 938//1370 913//1370
f 903//1371 933//1371 911//1371
f 905//1372 913//1372 934//1372
f 939//1373 940//1373 933//1373
f 941//1374 934//1374 942//1374
f 911//1375 933//1375 936//1375
f 913//1376 938//1376 934//1376
f 940//1377 936//1377 933//1377
f 942//1378 934//1378 938//1378
f 943//1379 944//1379 945//1379
f 946//1380 947//1380 948//1380
f 911//1381 935//1381 944//1381
f 913//1382 948//1382 937//1382
f 945//1383 944//1383 949//1383
f 947//1384 950//1384 948//1384
f 935//1385 949//1385 944//1385
f 937//1386 948//1386 950//1386
f 951//1387 944//1387 943//1387
f 952//1388 946//1388 948//1388
f 953//1389 915//1389 954//1389
f 955//1390 956//1390 917//1390
f 916//1391 957//1391 915//1391
f 918//1392 917//1392 958//1392
f 954//1393 915//1393 957//1393
f 956//1394 958//1394 917//1394
f 959//1395 921//1395 953//1395
f 960//1396 955//1396 922//1396
f 915//1397 953//1397 921//1397
f 917//1398 922//1398 955//1398
f 961//1399 923//1399 959//1399
f 962//1400 960//1400 924//1400
f 921//1401 959//1401 923//1401
f 922//1402 924//1402 960//1402
f 963//1403 925//1403 961//1403
f 964//1404 962//1404 926//1404
f 923//1405 961//1405 925//1405
f 924//1406 926//1406 962//1406
f 965//1407 927//1407 963//1407
f 966//1408 964//1408 928//1408
f 925//1409 963//1409 927//1409
f 926//1410 928//1410 964//1410
f 967//1411 929//1411 965//1411
f 968//1412 966//1412 930//1412
f 927//1413 965//1413 929//1413
f 928//1414 930//1414 966//1414
f 969//1415 931//1415 967//1415
f 970//1416 968//1416 932//1416
f 929//1363 967//1363 931//1363
f 930//1364 932//1364 968//1364
f 971//1417 933//1417 969//1417
f 972//1418 970//1418 934//1418
f 931//1419 969//1419 933//1419
f 932//1420 934//1420 970//1420
f 939//1421 933//1421 973//1421
f 941//1422 974//1422 934//1422
f 975//1423 976//1423 971//1423
f 977//1424 972//1424 978//1424
f 973//1425 933//1425 979//1425
f 974//1426 980//1426 934//1426
f 976//1427 981//1427 971//1427
f 978//1428 972//1428 982//1428
f 933//1429 971//1429 979//1429
f 934//1430 980//1430 972//1430
f 981//1431 979//1431 971//1431
f 982//1432 972//1432 980//1432
f 976//1433 975//1433 983//1433
f 978//1434 984//1434 977//1434
f 985//1435 986//1435 975//1435
f 987//1436 977//1436 988//1436
f 983//1437 975//1437 986//1437
f 984//1438 988//1438 977//1438
f 989//1439 953//1439 990//1439
f 991//1440 992//1440 955//1440
f 954//1441 993//1441 953//1441
f 956//1442 955//1442 994//1442
f 990//1443 953//1443 993//1443
f 992//1444 994//1444 955//1444
f 995//1445 959//1445 989//1445
f 996//1446 991//1446 960//1446
f 953//1395 989//1395 959//1395
f 955//1396 960//1396 991//1396
f 997//1447 961//1447 995//1447
f 998//1448 996//1448 962//1448
f 959//1449 995//1449 961//1449
f 960//1450 962//1450 996//1450
f 999//1451 963//1451 997//1451
f 1000//1452 998//1452 964//1452
f 961//1453 997//1453 963//1453
f 962//1454 964//1454 998//1454
f 1001//1455 965//1455 999//1455
f 1002//1456 1000//1456 966//1456
f 963//1457 999//1457 965//1457
f 964//1458 966//1458 1000//1458
f 1003//1411 967//1411 1001//1411
f 1004//1412 1002//1412 968//1412
f 965//1411 1001//1411 967//1411
f 966//1412 968//1412 1002//1412
f 1005//1459 969//1459 1003//1459
f 1006//1460 1004//1460 970//1460
f 967//1461 1003//1461 969//1461
f 968//1462 970//1462 1004//1462
f 1007//1463 971//1463 1005//1463
f 1008//1464 1006//1464 972//1464
f 969//1465 1005//1465 971//1465
f 970//1466 972//1466 1006//1466
f 1009//1467 1010//1467 1011//1467
f 1012//1468 1013//1468 1014//1468
f 1015//1469 1016//1469 1017//1469
f 1018//1470 1019//1470 1020//1470
f 1021//1471 1017//1471 1016//1471
f 1022//1472 1020//1472 1019//1472
f 1023//1473 989//1473 1015//1473
f 1024//1474 1018//1474 991//1474
f 990//1475 1016//1475 989//1475
f 992//1476 991//1476 1020//1476
f 1015//1477 989//1477 1016//1477
f 1018//1478 1020//1478 991//1478
f 1025//1479 995//1479 1023//1479
f 1026//1480 1024//1480 996//1480
f 989//1481 1023//1481 995//1481
f 991//1482 996//1482 1024//1482
f 1027//1483 997//1483 1025//1483
f 1028//1484 1026//1484 998//1484
f 995//1485 1025//1485 997//1485
f 996//1486 998//1486 1026//1486
f 1029//1487 999//1487 1027//1487
f 1030//1488 1028//1488 1000//1488
f 997//1489 1027//1489 999//1489
f 998//1490 1000//1490 1028//1490
f 1031//1491 1001//1491 1029//1491
f 1032//1492 1030//1492 1002//1492
f 999//1493 1029//1493 1001//1493
f 1000//1494 1002//1494 1030//1494
f 1033//1411 1003//1411 1031//1411
f 1034//1412 1032//1412 1004//1412
f 1001//1411 1031//1411 1003//1411
f 1002//1412 1004//1412 1032//1412
f 1035//1495 1005//1495 1033//1495
f 1036//1496 1034//1496 1006//1496
f 1003//1497 1033//1497 1005//1497
f 1004//1498 1006//1498 1034//1498
f 1037//1499 1007//1499 1035//1499
f 1038//1500 1036//1500 1008//1500
f 1005//1501 1035//1501 1007//1501
f 1006//1502 1008//1502 1036//1502
f 1039//1503 1040//1503 1037//1503
f 1041//1504 1038//1504 1042//1504
f 1007//1505 1037//1505 1040//1505
f 1008//1506 1042//1506 1038//1506
f 1043//1507 1040//1507 1044//1507
f 1045//1508 1046//1508 1042//1508
f 1039//1509 1047//1509 1040//1509
f 1041//1510 1042//1510 1048//1510
f 1049//1511 1050//1511 1047//1511
f 1051//1512 1048//1512 1052//1512
f 1044//1513 1040//1513 1053//1513
f 1046//1514 1054//1514 1042//1514
f 1050//1515 1053//1515 1047//1515
f 1052//1516 1048//1516 1054//1516
f 1040//1517 1047//1517 1053//1517
f 1042//1518 1054//1518 1048//1518
f 1050//1519 1049//1519 1011//1519
f 1052//1520 1013//1520 1051//1520
f 1055//1521 1056//1521 1057//1521
f 1058//1522 1059//1522 1060//1522
f 1009//1523 1011//1523 1056//1523
f 1012//1524 1060//1524 1013//1524
f 1049//1525 1057//1525 1011//1525
f 1051//1526 1013//1526 1059//1526
f 1056//1527 1011//1527 1057//1527
f 1060//1528 1059//1528 1013//1528
f 1056//1529 1055//1529 1061//1529
f 1060//1530 1062//1530 1058//1530
f 1063//1531 1015//1531 1064//1531
f 1065//1532 1066//1532 1018//1532
f 1017//1533 1067//1533 1015//1533
f 1019//1534 1018//1534 1068//1534
f 1064//1535 1015//1535 1067//1535
f 1066//1536 1068//1536 1018//1536
f 1069//1537 1023//1537 1063//1537
f 1070//1538 1065//1538 1024//1538
f 1015//1539 1063//1539 1023//1539
f 1018//1540 1024//1540 1065//1540
f 1071//1541 1025//1541 1069//1541
f 1072//1542 1070//1542 1026//1542
f 1023//1543 1069//1543 1025//1543
f 1024//1544 1026//1544 1070//1544
f 1073//1545 1027//1545 1071//1545
f 1074//1546 1072//1546 1028//1546
f 1025//1547 1071//1547 1027//1547
f 1026//1548 1028//1548 1072//1548
f 1075//1549 1029//1549 1073//1549
f 1076//1550 1074//1550 1030//1550
f 1027//1551 1073//1551 1029//1551
f 1028//1552 1030//1552 1074//1552
f 1077//1553 1031//1553 1075//1553
f 1078//1554 1076//1554 1032//1554
f 1029//1555 1075//1555 1031//1555
f 1030//1556 1032//1556 1076//1556
f 1079//1557 1033//1557 1077//1557
f 1080//1558 1078//1558 1034//1558
f 1031//1411 1077//1411 1033//1411
f 1032//1412 1034//1412 1078//1412
f 1081//1559 1035//1559 1079//1559
f 1082//1560 1080//1560 1036//1560
f 1033//1561 1079//1561 1035//1561
f 1034//1562 1036//1562 1080//1562
f 1083//1563 1037//1563 1081//1563
f 1084//1564 1082//1564 1038//1564
f 1035//1565 1081//1565 1037//1565
f 1036//1566 1038//1566 1082//1566
f 1085//1567 1039//1567 1083//1567
f 1086//1568 1084//1568 1041//1568
f 1037//1569 1083//1569 1039//1569
f 1038//1570 1041//1570 1084//1570
f 1047//1571 1039//1571 1087//1571
f 1048//1572 1088//1572 1041//1572
f 1085//1573 1089//1573 1039//1573
f 1086//1574 1041//1574 1090//1574
f 1091//1575 1092//1575 1093//1575
f 1094//1576 1095//1576 1096//1576
f 1087//1577 1039//1577 1092//1577
f 1088//1578 1096//1578 1041//1578
f 1089//1579 1093//1579 1039//1579
f 1090//1580 1041//1580 1095//1580
f 1092//1581 1039//1581 1093//1581
f 1096//1582 1095//1582 1041//1582
f 1097//1583 1098//1583 1099//1583
f 1100//1584 1101//1584 1102//1584
f 1103//1585 1063//1585 1097//1585
f 1104//1586 1100//1586 1065//1586
f 1064//1587 1105//1587 1063//1587
f 1066//1588 1065//1588 1106//1588
f 1098//1589 1097//1589 1105//1589
f 1102//1590 1106//1590 1100//1590
f 1063//1591 1105//1591 1097//1591
f 1065//1592 1100//1592 1106//1592
f 1107//1593 1069//1593 1103//1593
f 1108//1594 1104//1594 1070//1594
f 1063//1595 1103//1595 1069//1595
f 1065//1596 1070//1596 1104//1596
f 1109//1597 1071//1597 1107//1597
f 1110//1598 1108//1598 1072//1598
f 1069//1599 1107//1599 1071//1599
f 1070//1600 1072//1600 1108//1600
f 1111//1601 1073//1601 1109//1601
f 1112//1602 1110//1602 1074//1602
f 1071//1603 1109//1603 1073//1603
f 1072//1604 1074//1604 1110//1604
f 1113//1605 1075//1605 1111//1605
f 1114//1606 1112//1606 1076//1606
f 1073//1607 1111//1607 1075//1607
f 1074//1608 1076//1608 1112//1608
f 1115//1553 1077//1553 1113//1553
f 1116//1554 1114//1554 1078//1554
f 1075//1553 1113//1553 1077//1553
f 1076//1554 1078//1554 1114//1554
f 1117//1609 1079//1609 1115//1609
f 1118//1610 1116//1610 1080//1610
f 1077//1611 1115//1611 1079//1611
f 1078//1612 1080//1612 1116//1612
f 1119//1613 1081//1613 1117//1613
f 1120//1614 1118//1614 1082//1614
f 1079//1615 1117//1615 1081//1615
f 1080//1616 1082//1616 1118//1616
f 1121//1617 1083//1617 1119//1617
f 1122//1618 1120//1618 1084//1618
f 1081//1619 1119//1619 1083//1619
f 1082//1620 1084//1620 1120//1620
f 1123//1621 1124//1621 1125//1621
f 1126//1622 1127//1622 1128//1622
f 1129//1623 1130//1623 1123//1623
f 1131//1624 1126//1624 1132//1624
f 1133//1625 1124//1625 1130//1625
f 1134//1626 1132//1626 1128//1626
f 1123//1627 1130//1627 1124//1627
f 1126//1628 1128//1628 1132//1628
f 1135//1629 1136//1629 1129//1629
f 1137//1630 1131//1630 1138//1630
f 1139//1631 1130//1631 1136//1631
f 1140//1632 1138//1632 1132//1632
f 1129//1633 1136//1633 1130//1633
f 1131//1634 1132//1634 1138//1634
f 1141//1635 1097//1635 1142//1635
f 1143//1636 1144//1636 1100//1636
f 1099//1637 1145//1637 1097//1637
f 1101//1638 1100//1638 1146//1638
f 1142//1639 1097//1639 1145//1639
f 1144//1640 1146//1640 1100//1640
f 1147//1641 1103//1641 1141//1641
f 1148//1642 1143//1642 1104//1642
f 1097//1643 1141//1643 1103//1643
f 1100//1644 1104//1644 1143//1644
f 1149//1645 1107//1645 1147//1645
f 1150//1646 1148//1646 1108//1646
f 1103//1647 1147//1647 1107//1647
f 1104//1648 1108//1648 1148//1648
f 1151//1649 1109//1649 1149//1649
f 1152//1650 1150//1650 1110//1650
f 1107//1651 1149//1651 1109//1651
f 1108//1652 1110//1652 1150//1652
f 1153//1653 1111//1653 1151//1653
f 1154//1654 1152//1654 1112//1654
f 1109//1655 1151//1655 1111//1655
f 1110//1656 1112//1656 1152//1656
f 1155//1657 1113//1657 1153//1657
f 1156//1658 1154//1658 1114//1658
f 1111//1659 1153//1659 1113//1659
f 1112//1660 1114//1660 1154//1660
f 1157//1661 1115//1661 1155//1661
f 1158//1662 1156//1662 1116//1662
f 1113//1663 1155//1663 1115//1663
f 1114//1664 1116//1664 1156//1664
f 1159//1665 1117//1665 1157//1665
f 1160//1666 1158//1666 1118//1666
f 1115//1667 1157//1667 1117//1667
f 1116//1668 1118//1668 1158//1668
f 1161//1669 1119//1669 1159//1669
f 1162//1670 1160//1670 1120//1670
f 1117//1613 1159//1613 1119//1613
f 1118//1614 1120//1614 1160//1614
f 1163//1671 1121//1671 1161//1671
f 1164//1672 1162//1672 1122//1672
f 1119//1673 1161//1673 1121//1673
f 1120//1674 1122//1674 1162//1674
f 1165//1675 1166//1675 1163//1675
f 1167//1676 1164//1676 1168//1676
f 1121//1677 1163//1677 1166//1677
f 1122//1678 1168//1678 1164//1678
f 1169//1679 1170//1679 1165//1679
f 1171//1680 1167//1680 1172//1680
f 1166//1681 1165//1681 1170//1681
f 1168//1682 1172//1682 1167//1682
f 1173//1683 1174//1683 1175//1683
f 1176//1684 1177//1684 1178//1684
f 1170//1685 1169//1685 1174//1685
f 1172//1686 1178//1686 1171//1686
f 1179//1687 1180//1687 1169//1687
f 1181//1688 1171//1688 1182//1688
f 1175//1689 1174//1689 1180//1689
f 1177//1690 1182//1690 1178//1690
f 1169//1691 1180//1691 1174//1691
f 1171//1692 1178//1692 1182//1692
f 1183//1693 1174//1693 1184//1693
f 1185//1694 1186//1694 1178//1694
f 1173//1695 1187//1695 1174//1695
f 1176//1696 1178//1696 1188//1696
f 1189//1697 1123//1697 1190//1697
f 1191//1698 1192//1698 1126//1698
f 1125//1699 1184//1699 1123//1699
f 1127//1700 1126//1700 1186//1700
f 1174//1701 1187//1701 1184//1701
f 1178//1702 1186//1702 1188//1702
f 1190//1703 1123//1703 1193//1703
f 1192//1704 1194//1704 1126//1704
f 1184//1705 1187//1705 1123//1705
f 1186//1706 1126//1706 1188//1706
f 1193//1707 1123//1707 1187//1707
f 1194//1708 1188//1708 1126//1708
f 1189//1709 1195//1709 1123//1709
f 1191//1710 1126//1710 1196//1710
f 1197//1711 1129//1711 1195//1711
f 1198//1712 1196//1712 1131//1712
f 1123//1713 1195//1713 1129//1713
f 1126//1714 1131//1714 1196//1714
f 1129//1715 1197//1715 1135//1715
f 1131//1716 1137//1716 1198//1716
f 1199//1717 1135//1717 1197//1717
f 1200//1718 1198//1718 1137//1718
f 1201//1719 1173//1719 1202//1719
f 1203//1720 1204//1720 1176//1720
f 1175//1721 1205//1721 1173//1721
f 1177//1722 1176//1722 1206//1722
f 1202//1723 1173//1723 1205//1723
f 1204//1724 1206//1724 1176//1724
f 1187//1695 1173//1695 1201//1695
f 1188//1696 1203//1696 1176//1696
f 1207//1725 1141//1725 1208//1725
f 1209//1726 1210//1726 1143//1726
f 1142//1727 1211//1727 1141//1727
f 1144//1728 1143//1728 1212//1728
f 1208//1729 1141//1729 1211//1729
f 1210//1730 1212//1730 1143//1730
f 1213//1731 1147//1731 1207//1731
f 1214//1732 1209//1732 1148//1732
f 1141//1733 1207//1733 1147//1733
f 1143//1734 1148//1734 1209//1734
f 1215//1735 1149//1735 1213//1735
f 1216//1736 1214//1736 1150//1736
f 1147//1737 1213//1737 1149//1737
f 1148//1738 1150//1738 1214//1738
f 1217//1739 1151//1739 1215//1739
f 1218//1740 1216//1740 1152//1740
f 1149//1741 1215//1741 1151//1741
f 1150//1742 1152//1742 1216//1742
f 1219//1743 1153//1743 1217//1743
f 1220//1744 1218//1744 1154//1744
f 1151//1745 1217//1745 1153//1745
f 1152//1746 1154//1746 1218//1746
f 1221//1747 1155//1747 1219//1747
f 1222//1748 1220//1748 1156//1748
f 1153//1749 1219//1749 1155//1749
f 1154//1750 1156//1750 1220//1750
f 1223//1751 1157//1751 1221//1751
f 1224//1752 1222//1752 1158//1752
f 1155//1753 1221//1753 1157//1753
f 1156//1754 1158//1754 1222//1754
f 1225//1755 1159//1755 1223//1755
f 1226//1756 1224//1756 1160//1756
f 1157//1757 1223//1757 1159//1757
f 1158//1758 1160//1758 1224//1758
f 1227//1759 1161//1759 1225//1759
f 1228//1760 1226//1760 1162//1760
f 1159//1761 1225//1761 1161//1761
f 1160//1762 1162//1762 1226//1762
f 1229//1763 1163//1763 1227//1763
f 1230//1764 1228//1764 1164//1764
f 1161//1765 1227//1765 1163//1765
f 1162//1766 1164//1766 1228//1766
f 1231//1767 1232//1767 1233//1767
f 1234//1768 1235//1768 1236//1768
f 1237//1769 1233//1769 1232//1769
f 1238//1770 1236//1770 1235//1770
f 1239//1771 1232//1771 1231//1771
f 1240//1772 1234//1772 1236//1772
f 1241//1773 1231//1773 1242//1773
f 1243//1774 1244//1774 1234//1774
f 1233//1775 1245//1775 1231//1775
f 1235//1776 1234//1776 1246//1776
f 1242//1777 1231//1777 1245//1777
f 1244//1778 1246//1778 1234//1778
f 1239//1779 1231//1779 1247//1779
f 1240//1780 1248//1780 1234//1780
f 1241//1781 1249//1781 1231//1781
f 1243//1782 1234//1782 1250//1782
f 1207//1783 1208//1783 1249//1783
f 1209//1784 1250//1784 1210//1784
f 1231//1785 1249//1785 1247//1785
f 1234//1786 1248//1786 1250//1786
f 1208//1787 1247//1787 1249//1787
f 1210//1788 1250//1788 1248//1788
f 1207//1789 1249//1789 1213//1789
f 1209//1790 1214//1790 1250//1790
f 1251//1791 1213//1791 1249//1791
f 1252//1792 1250//1792 1214//1792
f 1213//1793 1251//1793 1215//1793
f 1214//1794 1216//1794 1252//1794
f 1253//1795 1215//1795 1251//1795
f 1254//1796 1252//1796 1216//1796
f 1215//1797 1253//1797 1217//1797
f 1216//1798 1218//1798 1254//1798
f 1255//1799 1217//1799 1253//1799
f 1256//1800 1254//1800 1218//1800
f 1217//1801 1255//1801 1219//1801
f 1218//1802 1220//1802 1256//1802
f 1257//1803 1219//1803 1255//1803
f 1258//1804 1256//1804 1220//1804
f 1219//1805 1257//1805 1221//1805
f 1220//1806 1222//1806 1258//1806
f 1259//1807 1221//1807 1257//1807
f 1260//1808 1258//1808 1222//1808
f 1221//1809 1259//1809 1223//1809
f 1222//1810 1224//1810 1260//1810
f 1261//1811 1223//1811 1259//1811
f 1262//1812 1260//1812 1224//1812
f 1223//1813 1261//1813 1225//1813
f 1224//1814 1226//1814 1262//1814
f 1263//1815 1225//1815 1261//1815
f 1264//1816 1262//1816 1226//1816
f 1225//1817 1263//1817 1227//1817
f 1226//1818 1228//1818 1264//1818
f 1265//1819 1227//1819 1263//1819
f 1266//1820 1264//1820 1228//1820
f 1227//1821 1265//1821 1229//1821
f 1228//1822 1230//1822 1266//1822
f 1267//1823 1268//1823 1265//1823
f 1269//1824 1266//1824 1270//1824
f 1271//1825 1229//1825 1268//1825
f 1272//1826 1270//1826 1230//1826
f 1265//1827 1268//1827 1229//1827
f 1266//1828 1230//1828 1270//1828
f 1273//1829 1274//1829 1275//1829
f 1276//1830 1277//1830 1278//1830
f 1279//1831 1280//1831 1274//1831
f 1281//1832 1278//1832 1282//1832
f 1275//1833 1274//1833 1280//1833
f 1277//1834 1282//1834 1278//1834
f 1283//1835 1274//1835 1273//1835
f 1284//1836 1276//1836 1278//1836
f 1285//1837 1241//1837 1286//1837
f 1287//1838 1288//1838 1243//1838
f 1242//1839 1286//1839 1241//1839
f 1244//1840 1243//1840 1288//1840
f 1289//1841 1249//1841 1285//1841
f 1290//1842 1287//1842 1250//1842
f 1241//1843 1285//1843 1249//1843
f 1243//1844 1250//1844 1287//1844
f 1291//1845 1251//1845 1289//1845
f 1292//1846 1290//1846 1252//1846
f 1249//1847 1289//1847 1251//1847
f 1250//1848 1252//1848 1290//1848
f 1293//1849 1253//1849 1291//1849
f 1294//1850 1292//1850 1254//1850
f 1251//1851 1291//1851 1253//1851
f 1252//1852 1254//1852 1292//1852
f 1295//1853 1255//1853 1293//1853
f 1296//1854 1294//1854 1256//1854
f 1253//1855 1293//1855 1255//1855
f 1254//1856 1256//1856 1294//1856
f 1297//1857 1257//1857 1295//1857
f 1298//1858 1296//1858 1258//1858
f 1255//1859 1295//1859 1257//1859
f 1256//1860 1258//1860 1296//1860
f 1299//1861 1259//1861 1297//1861
f 1300//1862 1298//1862 1260//1862
f 1257//1863 1297//1863 1259//1863
f 1258//1864 1260//1864 1298//1864
f 1301//1865 1261//1865 1302//1865
f 1303//1866 1304//1866 1262//1866
f 1259//1867 1299//1867 1261//1867
f 1260//1868 1262//1868 1300//1868
f 1302//1869 1261//1869 1299//1869
f 1304//1870 1300//1870 1262//1870
f 1305//1871 1263//1871 1306//1871
f 1307//1872 1308//1872 1264//1872
f 1261//1873 1301//1873 1263//1873
f 1262//1874 1264//1874 1303//1874
f 1306//1875 1263//1875 1309//1875
f 1308//1876 1310//1876 1264//1876
f 1301//1877 1309//1877 1263//1877
f 1303//1878 1264//1878 1310//1878
f 1311//1879 1265//1879 1312//1879
f 1313//1880 1314//1880 1266//1880
f 1263//1881 1305//1881 1265//1881
f 1264//1882 1266//1882 1307//1882
f 1312//1883 1265//1883 1305//1883
f 1314//1884 1307//1884 1266//1884
f 1267//1885 1265//1885 1315//1885
f 1269//1886 1316//1886 1266//1886
f 1311//1887 1317//1887 1265//1887
f 1313//1888 1266//1888 1318//1888
f 1315//1889 1265//1889 1317//1889
f 1316//1890 1318//1890 1266//1890
f 1315//1891 1317//1891 1319//1891
f 1316//1892 1320//1892 1318//1892
f 1321//1893 1322//1893 1317//1893
f 1323//1894 1318//1894 1324//1894
f 1319//1895 1317//1895 1325//1895
f 1320//1896 1326//1896 1318//1896
f 1322//1897 1325//1897 1317//1897
f 1324//1898 1318//1898 1326//1898
f 1322//1899 1321//1899 1327//1899
f 1324//1900 1328//1900 1323//1900
f 1329//1901 1327//1901 1321//1901
f 1330//1902 1323//1902 1328//1902
f 1331//1903 1332//1903 1333//1903
f 1334//1904 1335//1904 1336//1904
f 1337//1905 1285//1905 1331//1905
f 1338//1906 1334//1906 1287//1906
f 1286//1907 1339//1907 1285//1907
f 1288//1908 1287//1908 1340//1908
f 1332//1909 1331//1909 1339//1909
f 1336//1910 1340//1910 1334//1910
f 1285//1911 1339//1911 1331//1911
f 1287//1912 1334//1912 1340//1912
f 1341//1913 1289//1913 1337//1913
f 1342//1914 1338//1914 1290//1914
f 1285//1915 1337//1915 1289//1915
f 1287//1916 1290//1916 1338//1916
f 1343//1917 1291//1917 1341//1917
f 1344//1918 1342//1918 1292//1918
f 1289//1919 1341//1919 1291//1919
f 1290//1920 1292//1920 1342//1920
f 1345//1921 1293//1921 1343//1921
f 1346//1922 1344//1922 1294//1922
f 1291//1923 1343//1923 1293//1923
f 1292//1924 1294//1924 1344//1924
f 1347//1925 1295//1925 1345//1925
f 1348//1926 1346//1926 1296//1926
f 1293//1927 1345//1927 1295//1927
f 1294//1928 1296//1928 1346//1928
f 1349//1929 1297//1929 1347//1929
f 1350//1930 1348//1930 1298//1930
f 1295//1931 1347//1931 1297//1931
f 1296//1932 1298//1932 1348//1932
f 1351//1933 1299//1933 1352//1933
f 1353//1934 1354//1934 1300//1934
f 1297//1935 1349//1935 1299//1935
f 1298//1936 1300//1936 1350//1936
f 1355//1937 1352//1937 1349//1937
f 1356//1938 1350//1938 1354//1938
f 1299//1939 1349//1939 1352//1939
f 1300//1940 1354//1940 1350//1940
f 1302//1941 1299//1941 1357//1941
f 1304//1942 1358//1942 1300//1942
f 1351//1943 1359//1943 1299//1943
f 1353//1944 1300//1944 1360//1944
f 1357//1945 1299//1945 1361//1945
f 1358//1946 1362//1946 1300//1946
f 1359//1947 1361//1947 1299//1947
f 1360//1948 1300//1948 1362//1948
f 1363//1949 1364//1949 1365//1949
f 1366//1950 1367//1950 1368//1950
f 1369//1951 1364//1951 1370//1951
f 1371//1952 1372//1952 1368//1952
f 1363//1953 1373//1953 1364//1953
f 1366//1954 1368//1954 1374//1954
f 1375//1955 1370//1955 1373//1955
f 1376//1956 1374//1956 1372//1956
f 1364//1957 1373//1957 1370//1957
f 1368//1958 1372//1958 1374//1958
f 1377//1959 1378//1959 1379//1959
f 1380//1960 1381//1960 1382//1960
f 1383//1961 1384//1961 1378//1961
f 1385//1962 1382//1962 1386//1962
f 1387//1963 1388//1963 1384//1963
f 1389//1964 1386//1964 1390//1964
f 1379//1965 1378//1965 1388//1965
f 1381//1966 1390//1966 1382//1966
f 1384//1967 1388//1967 1378//1967
f 1386//1968 1382//1968 1390//1968
f 1312//1969 1391//1969 1311//1969
f 1314//1970 1313//1970 1392//1970
f 1378//1971 1377//1971 1393//1971
f 1382//1972 1394//1972 1380//1972
f 1311//1973 1391//1973 1395//1973
f 1313//1974 1396//1974 1392//1974
f 1393//1975 1377//1975 1391//1975
f 1394//1976 1392//1976 1380//1976
f 1395//1977 1391//1977 1377//1977
f 1396//1978 1380//1978 1392//1978
f 1397//1979 1317//1979 1395//1979
f 1398//1980 1396//1980 1318//1980
f 1311//1981 1395//1981 1317//1981
f 1313//1982 1318//1982 1396//1982
f 1399//1983 1321//1983 1397//1983
f 1400//1984 1398//1984 1323//1984
f 1317//1985 1397//1985 1321//1985
f 1318//1986 1323//1986 1398//1986
f 1329//1987 1321//1987 1401//1987
f 1330//1988 1402//1988 1323//1988
f 1399//1989 1403//1989 1321//1989
f 1400//1990 1323//1990 1404//1990
f 1405//1991 1406//1991 1407//1991
f 1408//1992 1409//1992 1410//1992
f 1411//1993 1401//1993 1406//1993
f 1412//1994 1410//1994 1402//1994
f 1321//1995 1403//1995 1401//1995
f 1323//1996 1402//1996 1404//1996
f 1407//1997 1406//1997 1403//1997
f 1409//1998 1404//1998 1410//1998
f 1401//1999 1403//1999 1406//1999
f 1402//2000 1410//2000 1404//2000
f 1406//2001 1405//2001 1413//2001
f 1410//2002 1414//2002 1408//2002
f 1415//2003 1416//2003 1405//2003
f 1417//2004 1408//2004 1418//2004
f 1419//2005 1413//2005 1416//2005
f 1420//2006 1418//2006 1414//2006
f 1405//2007 1416//2007 1413//2007
f 1408//2008 1414//2008 1418//2008
f 1419//2009 1421//2009 1413//2009
f 1420//2010 1414//2010 1422//2010
f 1423//2011 1424//2011 1425//2011
f 1426//2012 1427//2012 1428//2012
f 1421//2013 1425//2013 1413//2013
f 1422//2014 1414//2014 1427//2014
f 1424//2015 1413//2015 1425//2015
f 1428//2016 1427//2016 1414//2016
f 1429//2017 1430//2017 1431//2017
f 1432//2018 1433//2018 1434//2018
f 1435//2019 1431//2019 1430//2019
f 1436//2020 1434//2020 1433//2020
f 1437//2021 1430//2021 1429//2021
f 1438//2022 1432//2022 1434//2022
f 1439//2023 1440//2023 1441//2023
f 1442//2024 1443//2024 1444//2024
f 1445//2025 1441//2025 1440//2025
f 1446//2026 1444//2026 1443//2026
f 1447//2027 1448//2027 1449//2027
f 1450//2028 1451//2028 1452//2028
f 1440//2029 1439//2029 1448//2029
f 1444//2030 1452//2030 1442//2030
f 1449//2031 1448//2031 1453//2031
f 1451//2032 1454//2032 1452//2032
f 1439//2033 1455//2033 1448//2033
f 1442//2034 1452//2034 1456//2034
f 1453//2035 1448//2035 1455//2035
f 1454//2036 1456//2036 1452//2036
f 1457//2037 1447//2037 1458//2037
f 1459//2038 1460//2038 1450//2038
f 1449//2039 1458//2039 1447//2039
f 1451//2040 1450//2040 1460//2040
f 1461//2041 1462//2041 1463//2041
f 1464//2042 1465//2042 1466//2042
f 1447//2043 1457//2043 1462//2043
f 1450//2044 1466//2044 1459//2044
f 1463//2045 1462//2045 1457//2045
f 1465//2046 1459//2046 1466//2046
f 1467//2047 1462//2047 1468//2047
f 1469//2048 1470//2048 1466//2048
f 1461//2049 1468//2049 1462//2049
f 1464//2050 1466//2050 1470//2050
f 1471//2051 1472//2051 1473//2051
f 1474//2052 1475//2052 1476//2052
f 1477//2053 1473//2053 1472//2053
f 1478//2054 1476//2054 1475//2054
f 1479//2055 1472//2055 1480//2055
f 1481//2056 1482//2056 1476//2056
f 1471//2057 1483//2057 1472//2057
f 1474//2058 1476//2058 1484//2058
f 1480//2057 1472//2057 1483//2057
f 1482//2058 1484//2058 1476//2058
f 1480//2059 1483//2059 1485//2059
f 1482//2060 1486//2060 1484//2060
f 1487//2061 1485//2061 1483//2061
f 1488//2062 1484//2062 1486//2062
f 1489//2063 1490//2063 1491//2063
f 1492//2064 1493//2064 1494//2064
f 1495//2065 1471//2065 1489//2065
f 1496//2066 1492//2066 1474//2066
f 1473//2067 1490//2067 1471//2067
f 1475//2068 1474//2068 1494//2068
f 1489//2069 1471//2069 1490//2069
f 1492//2070 1494//2070 1474//2070
f 1497//2071 1483//2071 1495//2071
f 1498//2072 1496//2072 1484//2072
f 1471//2057 1495//2057 1483//2057
f 1474//2058 1484//2058 1496//2058
f 1487//2073 1483//2073 1499//2073
f 1488//2074 1500//2074 1484//2074
f 1501//2075 1502//2075 1497//2075
f 1503//2076 1498//2076 1504//2076
f 1499//2077 1483//2077 1505//2077
f 1500//2078 1506//2078 1484//2078
f 1502//2079 1505//2079 1497//2079
f 1504//2080 1498//2080 1506//2080
f 1483//2081 1497//2081 1505//2081
f 1484//2082 1506//2082 1498//2082
f 1502//2083 1501//2083 1507//2083
f 1504//2084 1508//2084 1503//2084
f 1509//2085 1510//2085 1501//2085
f 1511//2086 1503//2086 1512//2086
f 1507//2087 1501//2087 1510//2087
f 1508//2088 1512//2088 1503//2088
f 1507//2089 1510//2089 1513//2089
f 1508//2090 1514//2090 1512//2090
f 1515//2091 1516//2091 1517//2091
f 1518//2092 1519//2092 1520//2092
f 1521//2093 1522//2093 1523//2093
f 1524//2094 1525//2094 1526//2094
f 1516//2095 1515//2095 1522//2095
f 1520//2096 1526//2096 1518//2096
f 1523//2097 1522//2097 1515//2097
f 1525//2098 1518//2098 1526//2098
f 1527//2099 1522//2099 1528//2099
f 1529//2100 1530//2100 1526//2100
f 1521//2101 1528//2101 1522//2101
f 1524//2102 1526//2102 1530//2102
f 1531//2103 1532//2103 1533//2103
f 1534//2104 1535//2104 1536//2104
f 1537//2105 1538//2105 1532//2105
f 1539//2106 1536//2106 1540//2106
f 1533//2107 1532//2107 1538//2107
f 1535//2108 1540//2108 1536//2108
f 1541//2109 1542//2109 1531//2109
f 1543//2110 1534//2110 1544//2110
f 1532//2111 1531//2111 1542//2111
f 1536//2112 1544//2112 1534//2112
f 1545//2113 1546//2113 1541//2113
f 1547//2114 1543//2114 1548//2114
f 1542//2115 1541//2115 1546//2115
f 1544//2116 1548//2116 1543//2116
f 1549//2117 1550//2117 1545//2117
f 1551//2118 1547//2118 1552//2118
f 1546//2119 1545//2119 1550//2119
f 1548//2120 1552//2120 1547//2120
f 1553//2121 1554//2121 1549//2121
f 1555//2122 1551//2122 1556//2122
f 1550//2123 1549//2123 1554//2123
f 1552//2124 1556//2124 1551//2124
f 1557//2125 1558//2125 1553//2125
f 1559//2126 1555//2126 1560//2126
f 1554//2127 1553//2127 1558//2127
f 1556//2128 1560//2128 1555//2128
f 1561//2129 1562//2129 1557//2129
f 1563//2130 1559//2130 1564//2130
f 1558//2131 1557//2131 1562//2131
f 1560//2132 1564//2132 1559//2132
f 1565//2133 1566//2133 1561//2133
f 1567//2134 1563//2134 1568//2134
f 1562//2135 1561//2135 1566//2135
f 1564//2136 1568//2136 1563//2136
f 1569//2137 1566//2137 1570//2137
f 1571//2138 1572//2138 1568//2138
f 1565//2139 1573//2139 1566//2139
f 1567//2140 1568//2140 1574//2140
f 1570//2141 1566//2141 1573//2141
f 1572//2142 1574//2142 1568//2142
f 1570//2143 1573//2143 1575//2143
f 1572//2144 1576//2144 1574//2144
f 1577//2145 1578//2145 1573//2145
f 1579//2146 1574//2146 1580//2146
f 1575//2147 1573//2147 1578//2147
f 1576//2148 1580//2148 1574//2148
f 1578//2149 1577//2149 1581//2149
f 1580//2150 1582//2150 1579//2150
f 1583//2151 1489//2151 1584//2151
f 1585//2152 1586//2152 1492//2152
f 1491//2153 1587//2153 1489//2153
f 1493//2154 1492//2154 1588//2154
f 1584//2155 1489//2155 1587//2155
f 1586//2156 1588//2156 1492//2156
f 1589//2157 1495//2157 1583//2157
f 1590//2158 1585//2158 1496//2158
f 1489//2159 1583//2159 1495//2159
f 1492//2160 1496//2160 1585//2160
f 1591//2161 1497//2161 1589//2161
f 1592//2162 1590//2162 1498//2162
f 1495//2163 1589//2163 1497//2163
f 1496//2164 1498//2164 1590//2164
f 1593//2165 1501//2165 1591//2165
f 1594//2166 1592//2166 1503//2166
f 1497//2167 1591//2167 1501//2167
f 1498//2168 1503//2168 1592//2168
f 1509//2169 1501//2169 1595//2169
f 1511//2170 1596//2170 1503//2170
f 1597//2171 1598//2171 1593//2171
f 1599//2172 1594//2172 1600//2172
f 1501//2173 1593//2173 1595//2173
f 1503//2174 1596//2174 1594//2174
f 1598//2175 1595//2175 1593//2175
f 1600//2176 1594//2176 1596//2176
f 1601//2177 1602//2177 1603//2177
f 1604//2178 1605//2178 1606//2178
f 1607//2179 1608//2179 1609//2179
f 1610//2180 1611//2180 1612//2180
f 1602//2181 1601//2181 1608//2181
f 1606//2182 1612//2182 1604//2182
f 1609//2183 1608//2183 1601//2183
f 1611//2184 1604//2184 1612//2184
f 1613//2185 1583//2185 1614//2185
f 1615//2186 1616//2186 1585//2186
f 1584//2187 1607//2187 1583//2187
f 1586//2188 1585//2188 1610//2188
f 1609//2189 1617//2189 1607//2189
f 1611//2190 1610//2190 1618//2190
f 1614//2191 1583//2191 1619//2191
f 1616//2192 1620//2192 1585//2192
f 1617//2193 1619//2193 1607//2193
f 1618//2194 1610//2194 1620//2194
f 1583//2195 1607//2195 1619//2195
f 1585//2196 1620//2196 1610//2196
f 1621//2197 1589//2197 1613//2197
f 1622//2198 1615//2198 1590//2198
f 1583//2199 1613//2199 1589//2199
f 1585//2200 1590//2200 1615//2200
f 1623//2201 1591//2201 1624//2201
f 1625//2202 1626//2202 1592//2202
f 1589//2203 1621//2203 1591//2203
f 1590//2204 1592//2204 1622//2204
f 1624//2205 1591//2205 1621//2205
f 1626//2206 1622//2206 1592//2206
f 1627//2207 1593//2207 1628//2207
f 1629//2208 1630//2208 1594//2208
f 1591//2209 1623//2209 1593//2209
f 1592//2210 1594//2210 1625//2210
f 1628//2211 1593//2211 1623//2211
f 1630//2212 1625//2212 1594//2212
f 1597//2213 1593//2213 1631//2213
f 1599//2214 1632//2214 1594//2214
f 1627//2215 1631//2215 1593//2215
f 1629//2216 1594//2216 1632//2216
f 1633//2217 1613//2217 1614//2217
f 1634//2218 1616//2218 1615//2218
f 1635//2219 1621//2219 1636//2219
f 1637//2220 1638//2220 1622//2220
f 1613//2221 1633//2221 1621//2221
f 1615//2222 1622//2222 1634//2222
f 1636//2223 1621//2223 1633//2223
f 1638//2224 1634//2224 1622//2224
f 1624//2225 1621//2225 1639//2225
f 1626//2226 1640//2226 1622//2226
f 1635//2227 1641//2227 1621//2227
f 1637//2228 1622//2228 1642//2228
f 1643//2229 1644//2229 1641//2229
f 1645//2230 1642//2230 1646//2230
f 1639//2231 1621//2231 1644//2231
f 1640//2232 1646//2232 1622//2232
f 1641//2233 1644//2233 1621//2233
f 1642//2234 1622//2234 1646//2234
f 1644//2235 1643//2235 1647//2235
f 1646//2236 1648//2236 1645//2236
f 1649//2237 1650//2237 1651//2237
f 1652//2238 1653//2238 1654//2238
f 1655//2239 1656//2239 1650//2239
f 1657//2240 1654//2240 1658//2240
f 1651//2241 1650//2241 1656//2241
f 1653//2242 1658//2242 1654//2242
f 1659//2243 1660//2243 1649//2243
f 1661//2244 1652//2244 1662//2244
f 1650//2245 1649//2245 1660//2245
f 1654//2246 1662//2246 1652//2246
f 1663//2247 1664//2247 1659//2247
f 1665//2248 1661//2248 1666//2248
f 1660//2249 1659//2249 1664//2249
f 1662//2250 1666//2250 1661//2250
f 1667//2251 1668//2251 1663//2251
f 1669//2252 1665//2252 1670//2252
f 1664//2253 1663//2253 1668//2253
f 1666//2254 1670//2254 1665//2254
f 1671//2255 1672//2255 1667//2255
f 1673//2256 1669//2256 1674//2256
f 1668//2257 1667//2257 1672//2257
f 1670//2258 1674//2258 1669//2258
f 1675//2259 1676//2259 1671//2259
f 1677//2260 1673//2260 1678//2260
f 1672//2261 1671//2261 1676//2261
f 1674//2262 1678//2262 1673//2262
f 1679//2263 1680//2263 1675//2263
f 1681//2264 1677//2264 1682//2264
f 1676//2265 1675//2265 1680//2265
f 1678//2266 1682//2266 1677//2266
f 1683//2267 1684//2267 1679//2267
f 1685//2268 1681//2268 1686//2268
f 1680//2269 1679//2269 1684//2269
f 1682//2270 1686//2270 1681//2270
f 1687//2271 1688//2271 1683//2271
f 1689//2272 1685//2272 1690//2272
f 1684//2273 1683//2273 1688//2273
f 1686//2274 1690//2274 1685//2274
f 1691//2275 1692//2275 1687//2275
f 1693//2276 1689//2276 1694//2276
f 1688//2277 1687//2277 1692//2277
f 1690//2278 1694//2278 1689//2278
f 1695//2279 1692//2279 1696//2279
f 1697//2280 1698//2280 1694//2280
f 1691//2281 1699//2281 1692//2281
f 1693//2282 1694//2282 1700//2282
f 1696//2283 1692//2283 1699//2283
f 1698//2284 1700//2284 1694//2284
f 1696//2285 1699//2285 1701//2285
f 1698//2286 1702//2286 1700//2286
f 1703//2287 1601//2287 1699//2287
f 1704//2288 1700//2288 1604//2288
f 1603//2289 1701//2289 1601//2289
f 1605//2290 1604//2290 1702//2290
f 1699//2291 1601//2291 1701//2291
f 1700//2292 1702//2292 1604//2292
f 1705//2293 1706//2293 1707//2293
f 1708//2294 1709//2294 1710//2294
f 1711//2295 1707//2295 1706//2295
f 1712//2296 1710//2296 1709//2296
f 1713//2297 1714//2297 1705//2297
f 1715//2298 1708//2298 1716//2298
f 1717//2299 1706//2299 1714//2299
f 1718//2300 1716//2300 1710//2300
f 1705//2301 1714//2301 1706//2301
f 1708//2302 1710//2302 1716//2302
f 1719//2303 1714//2303 1713//2303
f 1720//2304 1715//2304 1716//2304
f 1721//2305 1649//2305 1722//2305
f 1723//2306 1724//2306 1652//2306
f 1651//2307 1725//2307 1649//2307
f 1653//2308 1652//2308 1726//2308
f 1722//2309 1649//2309 1725//2309
f 1724//2310 1726//2310 1652//2310
f 1727//2311 1659//2311 1721//2311
f 1728//2312 1723//2312 1661//2312
f 1649//2313 1721//2313 1659//2313
f 1652//2314 1661//2314 1723//2314
f 1729//2315 1663//2315 1727//2315
f 1730//2316 1728//2316 1665//2316
f 1659//2317 1727//2317 1663//2317
f 1661//2318 1665//2318 1728//2318
f 1731//2319 1667//2319 1729//2319
f 1732//2320 1730//2320 1669//2320
f 1663//2321 1729//2321 1667//2321
f 1665//2322 1669//2322 1730//2322
f 1733//2323 1671//2323 1731//2323
f 1734//2324 1732//2324 1673//2324
f 1667//2325 1731//2325 1671//2325
f 1669//2326 1673//2326 1732//2326
f 1735//2327 1675//2327 1733//2327
f 1736//2328 1734//2328 1677//2328
f 1671//2329 1733//2329 1675//2329
f 1673//2330 1677//2330 1734//2330
f 1737//2331 1679//2331 1735//2331
f 1738//2332 1736//2332 1681//2332
f 1675//2333 1735//2333 1679//2333
f 1677//2334 1681//2334 1736//2334
f 1739//2335 1683//2335 1737//2335
f 1740//2336 1738//2336 1685//2336
f 1679//2337 1737//2337 1683//2337
f 1681//2338 1685//2338 1738//2338
f 1741//2339 1687//2339 1742//2339
f 1743//2340 1744//2340 1689//2340
f 1683//2341 1739//2341 1687//2341
f 1685//2342 1689//2342 1740//2342
f 1745//2343 1746//2343 1739//2343
f 1747//2344 1740//2344 1748//2344
f 1742//2345 1687//2345 1746//2345
f 1744//2346 1748//2346 1689//2346
f 1739//2347 1746//2347 1687//2347
f 1740//2348 1689//2348 1748//2348
f 1749//2349 1691//2349 1741//2349
f 1750//2350 1743//2350 1693//2350
f 1687//2351 1741//2351 1691//2351
f 1689//2352 1693//2352 1743//2352
f 1751//2353 1699//2353 1752//2353
f 1753//2354 1754//2354 1700//2354
f 1749//2355 1752//2355 1691//2355
f 1750//2356 1693//2356 1754//2356
f 1699//2357 1691//2357 1752//2357
f 1700//2358 1754//2358 1693//2358
f 1755//2359 1703//2359 1756//2359
f 1757//2360 1758//2360 1704//2360
f 1699//2361 1751//2361 1703//2361
f 1700//2362 1704//2362 1753//2362
f 1759//2363 1756//2363 1760//2363
f 1761//2364 1762//2364 1758//2364
f 1751//2365 1760//2365 1703//2365
f 1753//2366 1704//2366 1762//2366
f 1756//2367 1703//2367 1760//2367
f 1758//2368 1762//2368 1704//2368
f 1763//2369 1764//2369 1755//2369
f 1765//2370 1757//2370 1766//2370
f 1703//2371 1755//2371 1764//2371
f 1704//2372 1766//2372 1757//2372
f 1767//2373 1764//2373 1768//2373
f 1769//2374 1770//2374 1766//2374
f 1763//2375 1771//2375 1764//2375
f 1765//2376 1766//2376 1772//2376
f 1705//2377 1707//2377 1771//2377
f 1708//2378 1772//2378 1709//2378
f 1764//2379 1771//2379 1768//2379
f 1766//2380 1770//2380 1772//2380
f 1707//2381 1768//2381 1771//2381
f 1709//2382 1772//2382 1770//2382
f 1705//2383 1771//2383 1713//2383
f 1708//2384 1715//2384 1772//2384
f 1773//2385 1774//2385 1771//2385
f 1775//2386 1772//2386 1776//2386
f 1713//2387 1771//2387 1774//2387
f 1715//2388 1776//2388 1772//2388
f 1713//2389 1774//2389 1719//2389
f 1715//2390 1720//2390 1776//2390
f 1777//2391 1719//2391 1774//2391
f 1778//2392 1776//2392 1720//2392
f 1779//2393 1780//2393 1781//2393
f 1782//2394 1783//2394 1784//2394
f 1785//2395 1786//2395 1779//2395
f 1787//2396 1782//2396 1788//2396
f 1780//2397 1779//2397 1786//2397
f 1784//2398 1788//2398 1782//2398
f 1789//2399 1755//2399 1790//2399
f 1791//2400 1792//2400 1757//2400
f 1756//2401 1793//2401 1755//2401
f 1758//2402 1757//2402 1794//2402
f 1790//2403 1755//2403 1793//2403
f 1792//2404 1794//2404 1757//2404
f 1795//2405 1763//2405 1796//2405
f 1797//2406 1798//2406 1765//2406
f 1755//2407 1789//2407 1763//2407
f 1757//2408 1765//2408 1791//2408
f 1796//2409 1763//2409 1789//2409
f 1798//2410 1791//2410 1765//2410
f 1799//2411 1771//2411 1800//2411
f 1801//2412 1802//2412 1772//2412
f 1763//2413 1795//2413 1771//2413
f 1765//2414 1772//2414 1797//2414
f 1800//2415 1771//2415 1803//2415
f 1802//2416 1804//2416 1772//2416
f 1795//2417 1803//2417 1771//2417
f 1797//2418 1772//2418 1804//2418
f 1773//2419 1771//2419 1805//2419
f 1775//2420 1806//2420 1772//2420
f 1799//2421 1805//2421 1771//2421
f 1801//2422 1772//2422 1806//2422
f 1807//2423 1721//2423 1808//2423
f 1809//2424 1810//2424 1723//2424
f 1722//2425 1808//2425 1721//2425
f 1724//2426 1723//2426 1810//2426
f 1727//2427 1721//2427 1811//2427
f 1728//2428 1812//2428 1723//2428
f 1807//2429 1813//2429 1721//2429
f 1809//2430 1723//2430 1814//2430
f 1815//2431 1811//2431 1813//2431
f 1816//2432 1814//2432 1812//2432
f 1721//2433 1813//2433 1811//2433
f 1723//2434 1812//2434 1814//2434
f 1817//2435 1729//2435 1811//2435
f 1818//2436 1812//2436 1730//2436
f 1727//2437 1811//2437 1729//2437
f 1728//2438 1730//2438 1812//2438
f 1819//2439 1731//2439 1817//2439
f 1820//2440 1818//2440 1732//2440
f 1729//2441 1817//2441 1731//2441
f 1730//2442 1732//2442 1818//2442
f 1821//2443 1733//2443 1819//2443
f 1822//2444 1820//2444 1734//2444
f 1731//2445 1819//2445 1733//2445
f 1732//2446 1734//2446 1820//2446
f 1823//2447 1735//2447 1821//2447
f 1824//2448 1822//2448 1736//2448
f 1733//2449 1821//2449 1735//2449
f 1734//2450 1736//2450 1822//2450
f 1825//2451 1737//2451 1823//2451
f 1826//2452 1824//2452 1738//2452
f 1735//2453 1823//2453 1737//2453
f 1736//2454 1738//2454 1824//2454
f 1827//2455 1739//2455 1825//2455
f 1828//2456 1826//2456 1740//2456
f 1737//2457 1825//2457 1739//2457
f 1738//2458 1740//2458 1826//2458
f 1745//2459 1739//2459 1829//2459
f 1747//2460 1830//2460 1740//2460
f 1827//2461 1831//2461 1739//2461
f 1828//2462 1740//2462 1832//2462
f 1829//2463 1739//2463 1831//2463
f 1830//2464 1832//2464 1740//2464
f 1829//2465 1831//2465 1833//2465
f 1830//2466 1834//2466 1832//2466
f 1835//2467 1779//2467 1831//2467
f 1836//2468 1832//2468 1782//2468
f 1781//2469 1833//2469 1779//2469
f 1783//2470 1782//2470 1834//2470
f 1831//2471 1779//2471 1833//2471
f 1832//2472 1834//2472 1782//2472
f 1779//2473 1835//2473 1785//2473
f 1782//2474 1787//2474 1836//2474
f 1837//2475 1838//2475 1835//2475
f 1839//2476 1836//2476 1840//2476
f 1785//2477 1835//2477 1838//2477
f 1787//2478 1840//2478 1836//2478
f 1838//2479 1837//2479 1841//2479
f 1840//2480 1842//2480 1839//2480
f 1843//2481 1844//2481 1837//2481
f 1845//2482 1839//2482 1846//2482
f 1841//2483 1837//2483 1844//2483
f 1842//2484 1846//2484 1839//2484
f 1844//2485 1843//2485 1847//2485
f 1846//2486 1848//2486 1845//2486
f 1849//2487 1847//2487 1843//2487
f 1850//2488 1845//2488 1848//2488
f 1851//2489 1852//2489 1853//2489
f 1854//2490 1855//2490 1856//2490
f 1857//2491 1811//2491 1858//2491
f 1859//2492 1860//2492 1812//2492
f 1815//2493 1861//2493 1811//2493
f 1816//2494 1812//2494 1862//2494
f 1858//2495 1811//2495 1861//2495
f 1860//2496 1862//2496 1812//2496
f 1863//2497 1817//2497 1857//2497
f 1864//2498 1859//2498 1818//2498
f 1811//2499 1857//2499 1817//2499
f 1812//2500 1818//2500 1859//2500
f 1865//2501 1819//2501 1863//2501
f 1866//2502 1864//2502 1820//2502
f 1817//2503 1863//2503 1819//2503
f 1818//2504 1820//2504 1864//2504
f 1867//2505 1821//2505 1868//2505
f 1869//2506 1870//2506 1822//2506
f 1819//2507 1865//2507 1821//2507
f 1820//2508 1822//2508 1866//2508
f 1871//2509 1872//2509 1865//2509
f 1873//2510 1866//2510 1874//2510
f 1868//2511 1821//2511 1872//2511
f 1870//2512 1874//2512 1822//2512
f 1865//2513 1872//2513 1821//2513
f 1866//2514 1822//2514 1874//2514
f 1875//2515 1823//2515 1867//2515
f 1876//2516 1869//2516 1824//2516
f 1821//2517 1867//2517 1823//2517
f 1822//2518 1824//2518 1869//2518
f 1877//2519 1825//2519 1875//2519
f 1878//2520 1876//2520 1826//2520
f 1823//2521 1875//2521 1825//2521
f 1824//2522 1826//2522 1876//2522
f 1879//2523 1857//2523 1880//2523
f 1881//2524 1882//2524 1859//2524
f 1858//2525 1880//2525 1857//2525
f 1860//2526 1859//2526 1882//2526
f 1883//2527 1863//2527 1884//2527
f 1885//2528 1886//2528 1864//2528
f 1857//2529 1879//2529 1863//2529
f 1859//2530 1864//2530 1881//2530
f 1884//2531 1863//2531 1879//2531
f 1886//2532 1881//2532 1864//2532
f 1887//2533 1867//2533 1888//2533
f 1889//2534 1890//2534 1869//2534
f 1868//2535 1888//2535 1867//2535
f 1870//2536 1869//2536 1890//2536
f 1891//2537 1875//2537 1892//2537
f 1893//2538 1894//2538 1876//2538
f 1867//2539 1887//2539 1875//2539
f 1869//2540 1876//2540 1889//2540
f 1892//2541 1875//2541 1887//2541
f 1894//2542 1889//2542 1876//2542
f 1895//2543 1877//2543 1896//2543
f 1897//2544 1898//2544 1878//2544
f 1875//2545 1891//2545 1877//2545
f 1876//2546 1878//2546 1893//2546
f 1899//2547 1896//2547 1891//2547
f 1900//2548 1893//2548 1898//2548
f 1877//2549 1891//2549 1896//2549
f 1878//2550 1898//2550 1893//2550
f 1901//2551 1902//2551 1903//2551
f 1904//2552 1905//2552 1906//2552
f 1895//2553 1907//2553 1877//2553
f 1897//2554 1878//2554 1908//2554
f 1903//2555 1902//2555 1907//2555
f 1905//2556 1908//2556 1906//2556
f 1877//2557 1907//2557 1902//2557
f 1878//2558 1906//2558 1908//2558
f 1909//2559 1902//2559 1910//2559
f 1911//2560 1912//2560 1906//2560
f 1901//2561 1913//2561 1902//2561
f 1904//2562 1906//2562 1914//2562
f 1915//2563 1916//2563 1913//2563
f 1917//2564 1914//2564 1918//2564
f 1910//2565 1902//2565 1919//2565
f 1912//2566 1920//2566 1906//2566
f 1916//2567 1919//2567 1913//2567
f 1918//2568 1914//2568 1920//2568
f 1902//2569 1913//2569 1919//2569
f 1906//2570 1920//2570 1914//2570
f 1916//2571 1915//2571 1921//2571
f 1918//2572 1922//2572 1917//2572
f 1923//2573 1924//2573 1915//2573
f 1925//2574 1917//2574 1926//2574
f 1927//2575 1928//2575 1924//2575
f 1929//2576 1926//2576 1930//2576
f 1921//2577 1915//2577 1928//2577
f 1922//2578 1930//2578 1917//2578
f 1924//2579 1928//2579 1915//2579
f 1926//2580 1917//2580 1930//2580
f 1928//2581 1927//2581 1931//2581
f 1930//2582 1932//2582 1929//2582
f 1933//2583 1931//2583 1927//2583
f 1934//2584 1929//2584 1932//2584
f 1935//2585 1915//2585 1936//2585
f 1937//2586 1938//2586 1917//2586
f 1913//2587 1939//2587 1915//2587
f 1914//2588 1917//2588 1940//2588
f 1941//2589 1936//2589 1939//2589
f 1942//2590 1940//2590 1938//2590
f 1915//2591 1939//2591 1936//2591
f 1917//2592 1938//2592 1940//2592
f 1923//2593 1915//2593 1943//2593
f 1925//2594 1944//2594 1917//2594
f 1935//2595 1943//2595 1915//2595
f 1937//2596 1917//2596 1944//2596
f 1945//2597 1946//2597 1947//2597
f 1948//2598 1949//2598 1950//2598
f 1951//2599 1952//2599 1946//2599
f 1953//2600 1950//2600 1954//2600
f 1947//2601 1946//2601 1952//2601
f 1949//2602 1954//2602 1950//2602
f 1955//2603 1956//2603 1957//2603
f 1958//2604 1959//2604 1960//2604
f 1945//2605 1957//2605 1946//2605
f 1948//2606 1950//2606 1959//2606
f 1956//2607 1946//2607 1957//2607
f 1960//2608 1959//2608 1950//2608
f 1961//2609 1956//2609 1955//2609
f 1962//2610 1958//2610 1960//2610
f 1963//2611 1964//2611 1965//2611
f 1966//2612 1967//2612 1968//2612
f 1969//2613 1970//2613 1971//2613
f 1972//2614 1973//2614 1974//2614
f 1964//2615 1963//2615 1975//2615
f 1968//2616 1976//2616 1966//2616
f 1970//2617 1975//2617 1971//2617
f 1974//2618 1973//2618 1976//2618
f 1963//2619 1971//2619 1975//2619
f 1966//2620 1976//2620 1973//2620
f 1977//2621 1978//2621 1969//2621
f 1979//2622 1972//2622 1980//2622
f 1970//2623 1969//2623 1978//2623
f 1974//2624 1980//2624 1972//2624
f 1981//2625 1982//2625 1983//2625
f 1984//2626 1985//2626 1986//2626
f 1978//2627 1977//2627 1987//2627
f 1980//2628 1988//2628 1979//2628
f 1982//2629 1987//2629 1983//2629
f 1986//2630 1985//2630 1988//2630
f 1977//2631 1983//2631 1987//2631
f 1979//2632 1988//2632 1985//2632
f 1989//2633 1990//2633 1983//2633
f 1991//2634 1985//2634 1992//2634
f 1981//2635 1983//2635 1990//2635
f 1984//2636 1992//2636 1985//2636
f 1993//2637 1994//2637 1989//2637
f 1995//2638 1991//2638 1996//2638
f 1990//2639 1989//2639 1994//2639
f 1992//2640 1996//2640 1991//2640
f 1997//2641 1998//2641 1993//2641
f 1999//2642 1995//2642 2000//2642
f 1994//2643 1993//2643 1998//2643
f 1996//2644 2000//2644 1995//2644
f 2001//2645 1998//2645 2002//2645
f 2003//2646 2004//2646 2000//2646
f 1997//2647 2005//2647 1998//2647
f 1999//2648 2000//2648 2006//2648
f 2002//2649 1998//2649 2005//2649
f 2004//2650 2006//2650 2000//2650
f 2002//2651 2005//2651 2007//2651
f 2004//2652 2008//2652 2006//2652
f 2009//2653 2010//2653 2011//2653
f 2012//2654 2013//2654 2014//2654
f 2015//2655 1969//2655 2016//2655
f 2017//2656 2018//2656 1972//2656
f 1971//2657 2019//2657 1969//2657
f 1973//2658 1972//2658 2020//2658
f 2016//2659 1969//2659 2019//2659
f 2018//2660 2020//2660 1972//2660
f 2021//2661 1977//2661 2015//2661
f 2022//2662 2017//2662 1979//2662
f 1969//2663 2015//2663 1977//2663
f 1972//2664 1979//2664 2017//2664
f 2023//2665 1983//2665 2021//2665
f 2024//2666 2022//2666 1985//2666
f 1977//2667 2021//2667 1983//2667
f 1979//2668 1985//2668 2022//2668
f 2025//2669 1989//2669 2023//2669
f 2026//2670 2024//2670 1991//2670
f 1983//2671 2023//2671 1989//2671
f 1985//2672 1991//2672 2024//2672
f 2027//2673 1993//2673 2025//2673
f 2028//2674 2026//2674 1995//2674
f 1989//2675 2025//2675 1993//2675
f 1991//2676 1995//2676 2026//2676
f 2029//2677 1997//2677 2027//2677
f 2030//2678 2028//2678 1999//2678
f 1993//2677 2027//2677 1997//2677
f 1995//2678 1999//2678 2028//2678
f 2031//2679 2005//2679 2029//2679
f 2032//2680 2030//2680 2006//2680
f 1997//2681 2029//2681 2005//2681
f 1999//2682 2006//2682 2030//2682
f 2007//2683 2005//2683 2033//2683
f 2008//2684 2034//2684 2006//2684
f 2031//2685 2035//2685 2005//2685
f 2032//2686 2006//2686 2036//2686
f 2037//2687 2033//2687 2035//2687
f 2038//2688 2036//2688 2034//2688
f 2005//2689 2035//2689 2033//2689
f 2006//2690 2034//2690 2036//2690
f 2037//2691 2035//2691 2039//2691
f 2038//2692 2040//2692 2036//2692
f 2041//2693 2042//2693 2035//2693
f 2043//2694 2036//2694 2044//2694
f 2039//2695 2035//2695 2042//2695
f 2040//2696 2044//2696 2036//2696
f 2042//2697 2041//2697 2045//2697
f 2044//2698 2046//2698 2043//2698
f 2047//2699 2048//2699 2041//2699
f 2049//2700 2043//2700 2050//2700
f 2045//2701 2041//2701 2048//2701
f 2046//2702 2050//2702 2043//2702
f 2048//2703 2047//2703 2051//2703
f 2050//2704 2052//2704 2049//2704
f 2053//2705 2051//2705 2047//2705
f 2054//2706 2049//2706 2052//2706
f 2051//2707 2053//2707 2055//2707
f 2052//2708 2056//2708 2054//2708
f 2057//2709 2058//2709 2053//2709
f 2059//2710 2054//2710 2060//2710
f 2055//2711 2053//2711 2058//2711
f 2056//2712 2060//2712 2054//2712
f 2058//2713 2057//2713 2061//2713
f 2060//2714 2062//2714 2059//2714
f 2063//2715 2064//2715 2065//2715
f 2066//2716 2067//2716 2068//2716
f 2061//2717 2057//2717 2064//2717
f 2062//2718 2068//2718 2059//2718
f 2065//2719 2064//2719 2057//2719
f 2067//2720 2059//2720 2068//2720
f 2063//2721 2065//2721 2069//2721
f 2066//2722 2070//2722 2067//2722
f 2071//2723 2072//2723 2065//2723
f 2073//2724 2067//2724 2074//2724
f 2069//2725 2065//2725 2072//2725
f 2070//2726 2074//2726 2067//2726
f 2072//2727 2071//2727 2011//2727
f 2074//2728 2013//2728 2073//2728
f 2075//2729 2076//2729 2071//2729
f 2077//2730 2073//2730 2078//2730
f 2009//2731 2011//2731 2076//2731
f 2012//2732 2078//2732 2013//2732
f 2071//2733 2076//2733 2011//2733
f 2073//2734 2013//2734 2078//2734
f 2079//2735 2015//2735 2080//2735
f 2081//2736 2082//2736 2017//2736
f 2016//2737 2083//2737 2015//2737
f 2018//2738 2017//2738 2084//2738
f 2080//2739 2015//2739 2083//2739
f 2082//2740 2084//2740 2017//2740
f 2085//2741 2021//2741 2079//2741
f 2086//2742 2081//2742 2022//2742
f 2015//2743 2079//2743 2021//2743
f 2017//2744 2022//2744 2081//2744
f 2087//2745 2023//2745 2085//2745
f 2088//2746 2086//2746 2024//2746
f 2021//2747 2085//2747 2023//2747
f 2022//2748 2024//2748 2086//2748
f 2089//2749 2025//2749 2087//2749
f 2090//2750 2088//2750 2026//2750
f 2023//2751 2087//2751 2025//2751
f 2024//2752 2026//2752 2088//2752
f 2091//2753 2027//2753 2089//2753
f 2092//2754 2090//2754 2028//2754
f 2025//2755 2089//2755 2027//2755
f 2026//2756 2028//2756 2090//2756
f 2093//2757 2029//2757 2091//2757
f 2094//2758 2092//2758 2030//2758
f 2027//2759 2091//2759 2029//2759
f 2028//2760 2030//2760 2092//2760
f 2095//2761 2031//2761 2093//2761
f 2096//2762 2094//2762 2032//2762
f 2029//2763 2093//2763 2031//2763
f 2030//2764 2032//2764 2094//2764
f 2097//2765 2035//2765 2095//2765
f 2098//2766 2096//2766 2036//2766
f 2031//2767 2095//2767 2035//2767
f 2032//2768 2036//2768 2096//2768
f 2099//2769 2041//2769 2100//2769
f 2101//2770 2102//2770 2043//2770
f 2035//2771 2097//2771 2041//2771
f 2036//2772 2043//2772 2098//2772
f 2100//2773 2041//2773 2097//2773
f 2102//2774 2098//2774 2043//2774
f 2103//2775 2047//2775 2104//2775
f 2105//2776 2106//2776 2049//2776
f 2041//2777 2099//2777 2047//2777
f 2043//2778 2049//2778 2101//2778
f 2104//2779 2047//2779 2107//2779
f 2106//2780 2108//2780 2049//2780
f 2099//2781 2107//2781 2047//2781
f 2101//2782 2049//2782 2108//2782
f 2109//2783 2053//2783 2103//2783
f 2110//2784 2105//2784 2054//2784
f 2047//2785 2103//2785 2053//2785
f 2049//2786 2054//2786 2105//2786
f 2111//2787 2057//2787 2112//2787
f 2113//2788 2114//2788 2059//2788
f 2053//2789 2109//2789 2057//2789
f 2054//2790 2059//2790 2110//2790
f 2112//2791 2057//2791 2115//2791
f 2114//2792 2116//2792 2059//2792
f 2109//2793 2115//2793 2057//2793
f 2110//2794 2059//2794 2116//2794
f 2117//2795 2065//2795 2118//2795
f 2119//2796 2120//2796 2067//2796
f 2057//2797 2111//2797 2065//2797
f 2059//2798 2067//2798 2113//2798
f 2118//2799 2065//2799 2121//2799
f 2120//2800 2122//2800 2067//2800
f 2111//2801 2121//2801 2065//2801
f 2113//2802 2067//2802 2122//2802
f 2123//2803 2071//2803 2124//2803
f 2125//2804 2126//2804 2073//2804
f 2065//2805 2117//2805 2071//2805
f 2067//2806 2073//2806 2119//2806
f 2124//2807 2071//2807 2117//2807
f 2126//2808 2119//2808 2073//2808
f 2075//2809 2071//2809 2123//2809
f 2077//2810 2125//2810 2073//2810
f 2127//2811 2079//2811 2128//2811
f 2129//2812 2130//2812 2081//2812
f 2080//2813 2128//2813 2079//2813
f 2082//2814 2081//2814 2130//2814
f 2131//2815 2085//2815 2132//2815
f 2133//2816 2134//2816 2086//2816
f 2079//2817 2127//2817 2085//2817
f 2081//2818 2086//2818 2129//2818
f 2132//2819 2085//2819 2127//2819
f 2134//2820 2129//2820 2086//2820
f 2135//2821 2087//2821 2136//2821
f 2137//2822 2138//2822 2088//2822
f 2085//2823 2131//2823 2087//2823
f 2086//2824 2088//2824 2133//2824
f 2136//2825 2087//2825 2131//2825
f 2138//2826 2133//2826 2088//2826
f 2139//2827 2089//2827 2135//2827
f 2140//2828 2137//2828 2090//2828
f 2087//2829 2135//2829 2089//2829
f 2088//2830 2090//2830 2137//2830
f 2141//2831 2091//2831 2139//2831
f 2142//2832 2140//2832 2092//2832
f 2089//2833 2139//2833 2091//2833
f 2090//2834 2092//2834 2140//2834
f 2143//2835 2093//2835 2141//2835
f 2144//2836 2142//2836 2094//2836
f 2091//2837 2141//2837 2093//2837
f 2092//2838 2094//2838 2142//2838
f 2145//2839 2095//2839 2143//2839
f 2146//2840 2144//2840 2096//2840
f 2093//2841 2143//2841 2095//2841
f 2094//2842 2096//2842 2144//2842
f 2147//2843 2097//2843 2148//2843
f 2149//2844 2150//2844 2098//2844
f 2095//2845 2145//2845 2097//2845
f 2096//2846 2098//2846 2146//2846
f 2151//2847 2148//2847 2145//2847
f 2152//2848 2146//2848 2150//2848
f 2097//2849 2145//2849 2148//2849
f 2098//2850 2150//2850 2146//2850
f 2100//2851 2097//2851 2153//2851
f 2102//2852 2154//2852 2098//2852
f 2147//2853 2153//2853 2097//2853
f 2149//2854 2098//2854 2154//2854
f 2155//2855 2156//2855 2157//2855
f 2158//2856 2159//2856 2160//2856
f 2161//2857 2135//2857 2162//2857
f 2163//2858 2164//2858 2137//2858
f 2136//2859 2162//2859 2135//2859
f 2138//2860 2137//2860 2164//2860
f 2165//2861 2139//2861 2166//2861
f 2167//2862 2168//2862 2140//2862
f 2135//2863 2161//2863 2139//2863
f 2137//2864 2140//2864 2163//2864
f 2169//2865 2170//2865 2161//2865
f 2171//2866 2163//2866 2172//2866
f 2166//2867 2139//2867 2170//2867
f 2168//2868 2172//2868 2140//2868
f 2161//2869 2170//2869 2139//2869
f 2163//2870 2140//2870 2172//2870
f 2173//2871 2141//2871 2174//2871
f 2175//2872 2176//2872 2142//2872
f 2139//2873 2165//2873 2141//2873
f 2140//2874 2142//2874 2167//2874
f 2174//2875 2141//2875 2165//2875
f 2176//2876 2167//2876 2142//2876
f 2177//2877 2143//2877 2178//2877
f 2179//2878 2180//2878 2144//2878
f 2173//2879 2181//2879 2141//2879
f 2175//2880 2142//2880 2182//2880
f 2183//2881 2178//2881 2181//2881
f 2184//2882 2182//2882 2180//2882
f 2141//2883 2181//2883 2143//2883
f 2142//2884 2144//2884 2182//2884
f 2178//2885 2143//2885 2181//2885
f 2180//2886 2182//2886 2144//2886
f 2185//2887 2145//2887 2186//2887
f 2187//2888 2188//2888 2146//2888
f 2143//2889 2177//2889 2145//2889
f 2144//2890 2146//2890 2179//2890
f 2189//2891 2190//2891 2177//2891
f 2191//2892 2179//2892 2192//2892
f 2186//2893 2145//2893 2190//2893
f 2188//2894 2192//2894 2146//2894
f 2177//2895 2190//2895 2145//2895
f 2179//2896 2146//2896 2192//2896
f 2151//2897 2145//2897 2193//2897
f 2152//2898 2194//2898 2146//2898
f 2185//2899 2195//2899 2145//2899
f 2187//2900 2146//2900 2196//2900
f 2197//2901 2193//2901 2195//2901
f 2198//2902 2196//2902 2194//2902
f 2145//2903 2195//2903 2193//2903
f 2146//2904 2194//2904 2196//2904
f 2197//2905 2195//2905 2157//2905
f 2198//2906 2159//2906 2196//2906
f 2199//2907 2200//2907 2195//2907
f 2201//2908 2196//2908 2202//2908
f 2155//2909 2157//2909 2200//2909
f 2158//2910 2202//2910 2159//2910
f 2195//2911 2200//2911 2157//2911
f 2196//2912 2159//2912 2202//2912
f 2203//2913 2177//2913 2204//2913
f 2205//2914 2206//2914 2179//2914
f 2178//2915 2204//2915 2177//2915
f 2180//2916 2179//2916 2206//2916
f 2189//2917 2177//2917 2203//2917
f 2191//2918 2205//2918 2179//2918
f 2207//2919 2208//2919 2209//2919
f 2210//2920 2211//2920 2212//2920
f 2213//2921 2214//2921 2215//2921
f 2216//2922 2217//2922 2218//2922
f 2208//2923 2207//2923 2214//2923
f 2212//2924 2218//2924 2210//2924
f 2215//2925 2214//2925 2207//2925
f 2217//2926 2210//2926 2218//2926
f 2219//2927 2185//2927 2213//2927
f 2220//2928 2216//2928 2187//2928
f 2186//2929 2221//2929 2185//2929
f 2188//2930 2187//2930 2222//2930
f 2214//2931 2213//2931 2221//2931
f 2218//2932 2222//2932 2216//2932
f 2185//2933 2221//2933 2213//2933
f 2187//2934 2216//2934 2222//2934
f 2223//2935 2224//2935 2225//2935
f 2226//2936 2227//2936 2228//2936
f 2229//2937 2225//2937 2224//2937
f 2230//2938 2228//2938 2227//2938
f 2231//2939 2213//2939 2232//2939
f 2233//2940 2234//2940 2216//2940
f 2215//2941 2235//2941 2213//2941
f 2217//2942 2216//2942 2236//2942
f 2224//2943 2223//2943 2235//2943
f 2228//2944 2236//2944 2226//2944
f 2237//2945 2232//2945 2223//2945
f 2238//2946 2226//2946 2234//2946
f 2213//2947 2235//2947 2232//2947
f 2216//2948 2234//2948 2236//2948
f 2223//2949 2232//2949 2235//2949
f 2226//2950 2236//2950 2234//2950
f 2239//2951 2219//2951 2240//2951
f 2241//2952 2242//2952 2220//2952
f 2213//2953 2231//2953 2219//2953
f 2216//2954 2220//2954 2233//2954
f 2240//2955 2219//2955 2231//2955
f 2242//2956 2233//2956 2220//2956
f 2243//2957 2244//2957 2239//2957
f 2245//2958 2241//2958 2246//2958
f 2219//2959 2239//2959 2244//2959
f 2220//2960 2246//2960 2241//2960
f 2247//2961 2244//2961 2248//2961
f 2249//2962 2250//2962 2246//2962
f 2243//2963 2251//2963 2244//2963
f 2245//2964 2246//2964 2252//2964
f 2248//2965 2244//2965 2251//2965
f 2250//2966 2252//2966 2246//2966
f 2248//2967 2251//2967 2253//2967
f 2250//2968 2254//2968 2252//2968
f 2255//2969 2256//2969 2251//2969
f 2257//2970 2252//2970 2258//2970
f 2253//2971 2251//2971 2256//2971
f 2254//2972 2258//2972 2252//2972
f 2259//2973 2223//2973 2225//2973
f 2260//2974 2227//2974 2226//2974
f 2237//2975 2223//2975 2261//2975
f 2238//2976 2262//2976 2226//2976
f 2259//2977 2261//2977 2223//2977
f 2260//2978 2226//2978 2262//2978
f 2263//2979 2264//2979 2265//2979
f 2266//2980 2267//2980 2268//2980
f 2269//2981 2265//2981 2264//2981
f 2270//2982 2268//2982 2267//2982
f 2271//2983 2272//2983 2273//2983
f 2274//2984 2275//2984 2276//2984
f 2264//2985 2263//2985 2272//2985
f 2268//2986 2276//2986 2266//2986
f 2277//2987 2273//2987 2263//2987
f 2278//2988 2266//2988 2275//2988
f 2272//2989 2263//2989 2273//2989
f 2276//2990 2275//2990 2266//2990
f 2279//2991 2280//2991 2281//2991
f 2282//2992 2283//2992 2284//2992
f 2272//2993 2271//2993 2280//2993
f 2276//2994 2284//2994 2274//2994
f 2281//2995 2280//2995 2271//2995
f 2283//2996 2274//2996 2284//2996
f 2285//2997 2286//2997 2287//2997
f 2288//2998 2289//2998 2290//2998
f 2280//2999 2279//2999 2286//2999
f 2284//3000 2290//3000 2282//3000
f 2287//3001 2286//3001 2291//3001
f 2289//3002 2292//3002 2290//3002
f 2279//3003 2291//3003 2286//3003
f 2282//3004 2290//3004 2292//3004
f 2293//3005 2286//3005 2294//3005
f 2295//3006 2296//3006 2290//3006
f 2285//3007 2297//3007 2286//3007
f 2288//3008 2290//3008 2298//3008
f 2294//3009 2286//3009 2297//3009
f 2296//3010 2298//3010 2290//3010
f 2294//3011 2297//3011 2299//3011
f 2296//3012 2300//3012 2298//3012
f 2301//3013 2302//3013 2297//3013
f 2303//3014 2298//3014 2304//3014
f 2299//3015 2297//3015 2302//3015
f 2300//3016 2304//3016 2298//3016
f 2305//3017 2306//3017 2307//3017
f 2308//3018 2309//3018 2310//3018
f 2311//3019 2312//3019 2313//3019
f 2314//3020 2315//3020 2316//3020
f 2317//3021 2313//3021 2312//3021
f 2318//3022 2316//3022 2315//3022
f 2319//3023 2312//3023 2311//3023
f 2320//3024 2314//3024 2316//3024
f 2273//3025 2277//3025 2321//3025
f 2275//3026 2322//3026 2278//3026
f 2305//3027 2307//3027 2323//3027
f 2308//3028 2324//3028 2309//3028
f 2325//3029 2326//3029 2307//3029
f 2327//3030 2309//3030 2328//3030
f 2329//3031 2323//3031 2330//3031
f 2331//3032 2332//3032 2324//3032
f 2307//3033 2326//3033 2323//3033
f 2309//3034 2324//3034 2328//3034
f 2330//3035 2323//3035 2326//3035
f 2332//3036 2328//3036 2324//3036
f 2329//3037 2330//3037 2287//3037
f 2331//3038 2289//3038 2332//3038
f 2333//3039 2285//3039 2330//3039
f 2334//3040 2332//3040 2288//3040
f 2287//3041 2330//3041 2285//3041
f 2289//3042 2288//3042 2332//3042
f 2285//3043 2333//3043 2297//3043
f 2288//3044 2298//3044 2334//3044
f 2335//3045 2297//3045 2333//3045
f 2336//3046 2334//3046 2298//3046
f 2297//3047 2335//3047 2301//3047
f 2298//3048 2303//3048 2336//3048
f 2337//3049 2338//3049 2335//3049
f 2339//3050 2336//3050 2340//3050
f 2301//3051 2335//3051 2338//3051
f 2303//3052 2340//3052 2336//3052
f 2311//3053 2313//3053 2341//3053
f 2314//3054 2342//3054 2315//3054
f 2343//3055 2341//3055 2344//3055
f 2345//3056 2346//3056 2342//3056
f 2313//3057 2344//3057 2341//3057
f 2315//3058 2342//3058 2346//3058
f 2319//3059 2311//3059 2347//3059
f 2320//3060 2348//3060 2314//3060
f 2341//3061 2349//3061 2311//3061
f 2342//3062 2314//3062 2350//3062
f 2351//3063 2347//3063 2349//3063
f 2352//3064 2350//3064 2348//3064
f 2311//3065 2349//3065 2347//3065
f 2314//3066 2348//3066 2350//3066
f 2353//3067 2330//3067 2354//3067
f 2355//3068 2356//3068 2332//3068
f 2326//3069 2357//3069 2330//3069
f 2328//3070 2332//3070 2358//3070
f 2354//3071 2330//3071 2357//3071
f 2356//3072 2358//3072 2332//3072
f 2359//3073 2360//3073 2361//3073
f 2362//3074 2363//3074 2364//3074
f 2365//3075 2361//3075 2360//3075
f 2366//3076 2364//3076 2363//3076
f 2367//3077 2360//3077 2368//3077
f 2369//3078 2370//3078 2364//3078
f 2359//3079 2368//3079 2360//3079
f 2362//3080 2364//3080 2370//3080
f 1532//3081 2371//3081 1537//3081
f 1536//3082 1539//3082 2372//3082
f 1531//3083 1533//3083 2373//3083
f 1534//3084 2374//3084 1535//3084
f 2375//3085 2373//3085 1533//3085
f 2376//3086 1535//3086 2374//3086
f 1650//3087 2377//3087 1655//3087
f 1654//3088 1657//3088 2378//3088
f 1660//3089 1541//3089 1650//3089
f 1662//3090 1654//3090 1543//3090
f 1531//3091 2373//3091 1541//3091
f 1534//3092 1543//3092 2374//3092
f 2377//3093 1650//3093 2379//3093
f 2378//3094 2380//3094 1654//3094
f 2373//3095 2379//3095 1541//3095
f 2374//3096 1543//3096 2380//3096
f 1650//3097 1541//3097 2379//3097
f 1654//3098 2380//3098 1543//3098
f 1664//3099 1545//3099 1660//3099
f 1666//3100 1662//3100 1547//3100
f 1541//3101 1660//3101 1545//3101
f 1543//3102 1547//3102 1662//3102
f 1668//3103 1549//3103 1664//3103
f 1670//3104 1666//3104 1551//3104
f 1545//3105 1664//3105 1549//3105
f 1547//3106 1551//3106 1666//3106
f 1672//3107 1553//3107 1668//3107
f 1674//3108 1670//3108 1555//3108
f 1549//3109 1668//3109 1553//3109
f 1551//3110 1555//3110 1670//3110
f 1676//3111 1557//3111 1672//3111
f 1678//3112 1674//3112 1559//3112
f 1553//3113 1672//3113 1557//3113
f 1555//3114 1559//3114 1674//3114
f 1680//3115 1561//3115 1676//3115
f 1682//3116 1678//3116 1563//3116
f 1557//3117 1676//3117 1561//3117
f 1559//3118 1563//3118 1678//3118
f 1684//3119 1565//3119 1680//3119
f 1686//3120 1682//3120 1567//3120
f 1561//3121 1680//3121 1565//3121
f 1563//3122 1567//3122 1682//3122
f 1331//3123 1333//3123 2381//3123
f 1334//3124 2382//3124 1335//3124
f 2383//3125 2381//3125 1333//3125
f 2384//3126 1335//3126 2382//3126
f 2385//3127 2386//3127 2387//3127
f 2388//3128 2389//3128 2390//3128
f 2391//3129 2387//3129 2386//3129
f 2392//3130 2390//3130 2389//3130
f 2393//3131 1337//3131 2385//3131
f 2394//3132 2388//3132 1338//3132
f 1331//3133 2381//3133 1337//3133
f 1334//3134 1338//3134 2382//3134
f 2386//3135 2385//3135 2395//3135
f 2390//3136 2396//3136 2388//3136
f 2381//3137 2395//3137 1337//3137
f 2382//3138 1338//3138 2396//3138
f 2385//3139 1337//3139 2395//3139
f 2388//3140 2396//3140 1338//3140
f 2397//3141 1341//3141 2393//3141
f 2398//3142 2394//3142 1342//3142
f 1337//3143 2393//3143 1341//3143
f 1338//3144 1342//3144 2394//3144
f 2399//3145 1343//3145 2397//3145
f 2400//3146 2398//3146 1344//3146
f 1341//3147 2397//3147 1343//3147
f 1342//3148 1344//3148 2398//3148
f 2401//3149 1345//3149 2399//3149
f 2402//3150 2400//3150 1346//3150
f 1343//3151 2399//3151 1345//3151
f 1344//3152 1346//3152 2400//3152
f 2403//3153 1347//3153 2401//3153
f 2404//3154 2402//3154 1348//3154
f 1345//3155 2401//3155 1347//3155
f 1346//3156 1348//3156 2402//3156
f 2405//3157 1349//3157 2403//3157
f 2406//3158 2404//3158 1350//3158
f 1347//3159 2403//3159 1349//3159
f 1348//3160 1350//3160 2404//3160
f 1355//3161 1349//3161 2407//3161
f 1356//3162 2408//3162 1350//3162
f 2409//3163 2410//3163 2405//3163
f 2411//3164 2406//3164 2412//3164
f 2413//3165 2414//3165 2415//3165
f 2416//3166 2417//3166 2418//3166
f 2407//3167 1349//3167 2414//3167
f 2408//3168 2418//3168 1350//3168
f 2405//3169 2410//3169 1349//3169
f 2406//3170 1350//3170 2412//3170
f 2414//3171 1349//3171 2415//3171
f 2418//3172 2417//3172 1350//3172
f 2410//3173 2415//3173 1349//3173
f 2412//3174 1350//3174 2417//3174
f 2414//3175 2413//3175 2419//3175
f 2418//3176 2420//3176 2416//3176
f 2385//3177 2387//3177 1542//3177
f 2388//3178 1544//3178 2389//3178
f 2371//3179 1532//3179 2387//3179
f 2372//3180 2389//3180 1536//3180
f 1542//3181 2387//3181 1532//3181
f 1544//3182 1536//3182 2389//3182
f 2393//3183 2385//3183 1546//3183
f 2394//3184 1548//3184 2388//3184
f 1542//3185 1546//3185 2385//3185
f 1544//3186 2388//3186 1548//3186
f 1865//3187 1863//3187 2421//3187
f 1866//3188 2422//3188 1864//3188
f 1883//3189 2423//3189 1863//3189
f 1885//3190 1864//3190 2424//3190
f 1982//3191 1981//3191 2423//3191
f 1986//3192 2424//3192 1984//3192
f 2425//3193 2426//3193 1981//3193
f 2427//3194 1984//3194 2428//3194
f 2421//3195 1863//3195 2426//3195
f 2422//3196 2428//3196 1864//3196
f 2423//3197 1981//3197 1863//3197
f 2424//3198 1864//3198 1984//3198
f 2426//3199 1863//3199 1981//3199
f 2428//3200 1984//3200 1864//3200
f 1871//3201 1865//3201 2421//3201
f 1873//3202 2422//3202 1866//3202
f 2425//3203 1981//3203 2429//3203
f 2427//3204 2430//3204 1984//3204
f 1990//3205 2431//3205 1981//3205
f 1992//3206 1984//3206 2432//3206
f 2429//3207 1981//3207 2431//3207
f 2430//3208 2432//3208 1984//3208
f 2431//3209 1990//3209 2433//3209
f 2432//3210 2434//3210 1992//3210
f 1994//3211 2435//3211 1990//3211
f 1996//3212 1992//3212 2436//3212
f 2433//3213 1990//3213 2435//3213
f 2434//3214 2436//3214 1992//3214
f 2435//3215 1994//3215 2437//3215
f 2436//3216 2438//3216 1996//3216
f 1998//3217 2437//3217 1994//3217
f 2000//3218 1996//3218 2438//3218
f 2437//3219 1998//3219 2439//3219
f 2438//3220 2440//3220 2000//3220
f 2001//3221 2439//3221 1998//3221
f 2003//3222 2000//3222 2440//3222
f 2397//3223 2393//3223 1550//3223
f 2398//3224 1552//3224 2394//3224
f 1546//3225 1550//3225 2393//3225
f 1548//3226 2394//3226 1552//3226
f 2399//3227 2397//3227 1554//3227
f 2400//3228 1556//3228 2398//3228
f 1550//3229 1554//3229 2397//3229
f 1552//3230 2398//3230 1556//3230
f 2401//3231 2399//3231 1558//3231
f 2402//3232 1560//3232 2400//3232
f 1554//3233 1558//3233 2399//3233
f 1556//3234 2400//3234 1560//3234
f 2403//3235 2401//3235 1562//3235
f 2404//3236 1564//3236 2402//3236
f 1558//3237 1562//3237 2401//3237
f 1560//3238 2402//3238 1564//3238
f 1827//2455 1825//2455 2441//2455
f 1828//2456 2442//2456 1826//2456
f 1877//3239 1902//3239 1825//3239
f 1878//3240 1826//3240 1906//3240
f 2443//3241 2444//3241 1902//3241
f 2445//3242 1906//3242 2446//3242
f 2441//3243 1825//3243 2444//3243
f 2442//3244 2446//3244 1826//3244
f 1902//3245 2444//3245 1825//3245
f 1906//3246 1826//3246 2446//3246
f 2447//3247 1831//3247 2441//3247
f 2448//3248 2442//3248 1832//3248
f 1827//2461 2441//2461 1831//2461
f 1828//2462 1832//2462 2442//2462
f 2449//3249 1835//3249 2450//3249
f 2451//3250 2452//3250 1836//3250
f 1831//3251 2447//3251 1835//3251
f 1832//3252 1836//3252 2448//3252
f 2453//3253 2450//3253 2447//3253
f 2454//3254 2448//3254 2452//3254
f 1835//3255 2447//3255 2450//3255
f 1836//3256 2452//3256 2448//3256
f 1909//3257 2443//3257 1902//3257
f 1911//3258 1906//3258 2445//3258
f 2239//3259 2240//3259 2455//3259
f 2241//3260 2456//3260 2242//3260
f 2457//3261 2455//3261 2240//3261
f 2458//3262 2242//3262 2456//3262
f 2459//3263 2460//3263 2461//3263
f 2462//3264 2463//3264 2464//3264
f 2465//3265 2461//3265 2460//3265
f 2466//3266 2464//3266 2463//3266
f 2239//3267 2455//3267 2243//3267
f 2241//3268 2245//3268 2456//3268
f 2459//3269 2461//3269 2467//3269
f 2462//3270 2468//3270 2463//3270
f 2455//3271 2469//3271 2243//3271
f 2456//3272 2245//3272 2470//3272
f 2461//3273 2471//3273 2467//3273
f 2463//3274 2468//3274 2472//3274
f 2243//3275 2469//3275 2471//3275
f 2245//3276 2472//3276 2470//3276
f 2467//3277 2471//3277 2469//3277
f 2468//3278 2470//3278 2472//3278
f 2473//3279 2251//3279 2471//3279
f 2474//3280 2472//3280 2252//3280
f 2243//3281 2471//3281 2251//3281
f 2245//3282 2252//3282 2472//3282
f 2255//3283 2251//3283 2475//3283
f 2257//3284 2476//3284 2252//3284
f 2473//3285 2477//3285 2251//3285
f 2474//3286 2252//3286 2478//3286
f 2475//3287 2251//3287 2477//3287
f 2476//3288 2478//3288 2252//3288
f 2475//3289 2477//3289 2479//3289
f 2476//3290 2480//3290 2478//3290
f 2481//3291 2479//3291 2477//3291
f 2482//3292 2478//3292 2480//3292
f 2461//3293 2465//3293 2483//3293
f 2463//3294 2484//3294 2466//3294
f 2485//3295 2486//3295 2487//3295
f 2488//3296 2489//3296 2490//3296
f 2264//3297 2471//3297 2269//3297
f 2268//3298 2270//3298 2472//3298
f 2461//3299 2483//3299 2471//3299
f 2463//3300 2472//3300 2484//3300
f 2491//3301 2492//3301 2483//3301
f 2493//3302 2484//3302 2494//3302
f 2486//3303 2485//3303 2492//3303
f 2490//3304 2494//3304 2488//3304
f 2269//3305 2471//3305 2495//3305
f 2270//3306 2496//3306 2472//3306
f 2483//3307 2492//3307 2471//3307
f 2484//3308 2472//3308 2494//3308
f 2485//3309 2495//3309 2492//3309
f 2488//3310 2494//3310 2496//3310
f 2471//3311 2492//3311 2495//3311
f 2472//3312 2496//3312 2494//3312
f 2272//3313 2473//3313 2264//3313
f 2276//3314 2268//3314 2474//3314
f 2471//3315 2264//3315 2473//3315
f 2472//3316 2474//3316 2268//3316
f 2280//2993 2477//2993 2272//2993
f 2284//2994 2276//2994 2478//2994
f 2473//3317 2272//3317 2477//3317
f 2474//3318 2478//3318 2276//3318
f 2481//3319 2477//3319 2497//3319
f 2482//3320 2498//3320 2478//3320
f 2280//3321 2286//3321 2477//3321
f 2284//3322 2478//3322 2290//3322
f 2499//3323 2500//3323 2286//3323
f 2501//3324 2290//3324 2502//3324
f 2497//3325 2477//3325 2500//3325
f 2498//3326 2502//3326 2478//3326
f 2286//3327 2500//3327 2477//3327
f 2290//3328 2478//3328 2502//3328
f 2499//3329 2286//3329 2293//3329
f 2501//3330 2295//3330 2290//3330
f 2405//3157 2403//3157 1566//3157
f 2406//3158 1568//3158 2404//3158
f 1562//3157 1566//3157 2403//3157
f 1564//3158 2404//3158 1568//3158
f 2195//3331 2185//3331 2503//3331
f 2196//3332 2504//3332 2187//3332
f 2219//3333 2244//3333 2185//3333
f 2220//3334 2187//3334 2246//3334
f 2505//3335 2506//3335 2244//3335
f 2507//3336 2246//3336 2508//3336
f 2503//3337 2185//3337 2506//3337
f 2504//3338 2508//3338 2187//3338
f 2244//3339 2506//3339 2185//3339
f 2246//3340 2187//3340 2508//3340
f 2199//3341 2195//3341 2509//3341
f 2201//3342 2510//3342 2196//3342
f 2503//3343 2509//3343 2195//3343
f 2504//3344 2196//3344 2510//3344
f 2247//3345 2505//3345 2244//3345
f 2249//3346 2246//3346 2507//3346
f 1684//3347 1688//3347 1565//3347
f 1686//3348 1567//3348 1690//3348
f 2511//3349 2512//3349 1688//3349
f 2513//3350 1690//3350 2514//3350
f 2515//3351 1573//3351 2516//3351
f 2517//3352 2518//3352 1574//3352
f 1688//3353 2512//3353 1565//3353
f 1690//3354 1567//3354 2514//3354
f 1573//3355 1565//3355 2516//3355
f 1574//3356 2518//3356 1567//3356
f 2512//3357 2516//3357 1565//3357
f 2514//3358 1567//3358 2518//3358
f 2519//3359 1577//3359 2520//3359
f 2521//3360 2522//3360 1579//3360
f 1573//3361 2515//3361 1577//3361
f 1574//3362 1579//3362 2517//3362
f 2520//3363 1577//3363 2515//3363
f 2522//3364 2517//3364 1579//3364
f 1581//3365 1577//3365 2523//3365
f 1582//3366 2524//3366 1579//3366
f 2519//3367 2523//3367 1577//3367
f 2521//3368 1579//3368 2524//3368
f 1692//3369 2525//3369 1688//3369
f 1694//3370 1690//3370 2526//3370
f 2511//3371 1688//3371 2525//3371
f 2513//3372 2526//3372 1690//3372
f 1695//3373 2525//3373 1692//3373
f 1697//3374 1694//3374 2526//3374
f 2409//3375 2405//3375 2527//3375
f 2411//3376 2528//3376 2406//3376
f 1569//3377 2529//3377 1566//3377
f 1571//3378 1568//3378 2530//3378
f 1517//3379 1516//3379 2529//3379
f 1519//3380 2530//3380 1520//3380
f 2527//3381 2405//3381 1516//3381
f 2528//3382 1520//3382 2406//3382
f 1566//3383 2529//3383 2405//3383
f 1568//3384 2406//3384 2530//3384
f 1516//3385 2405//3385 2529//3385
f 1520//3386 2530//3386 2406//3386
f 1522//3387 2531//3387 1516//3387
f 1526//3388 1520//3388 2532//3388
f 2527//3389 1516//3389 2531//3389
f 2528//3390 2532//3390 1520//3390
f 1527//3391 2531//3391 1522//3391
f 1529//3392 1526//3392 2532//3392
f 1429//3393 1431//3393 2533//3393
f 1432//3394 2534//3394 1433//3394
f 2535//3395 2533//3395 1431//3395
f 2536//3396 1433//3396 2534//3396
f 1440//3397 2537//3397 1445//3397
f 1444//3398 1446//3398 2538//3398
f 1837//3399 1835//3399 2539//3399
f 1839//3400 2540//3400 1836//3400
f 2449//3401 2541//3401 1835//3401
f 2451//3402 1836//3402 2542//3402
f 2539//3403 1835//3403 2541//3403
f 2540//3404 2542//3404 1836//3404
f 2543//3405 2544//3405 1946//3405
f 2545//3406 1950//3406 2546//3406
f 1951//3407 1946//3407 2544//3407
f 1953//3408 2546//3408 1950//3408
f 1837//3409 2539//3409 1843//3409
f 1839//3410 1845//3410 2540//3410
f 2543//3411 1946//3411 2547//3411
f 2545//3412 2548//3412 1950//3412
f 2539//3413 2549//3413 1843//3413
f 2540//3414 1845//3414 2550//3414
f 1946//3415 1956//3415 2547//3415
f 1950//3416 2548//3416 1960//3416
f 1843//3417 2549//3417 1956//3417
f 1845//3418 1960//3418 2550//3418
f 2547//3419 1956//3419 2549//3419
f 2548//3420 2550//3420 1960//3420
f 1849//3421 1843//3421 2551//3421
f 1850//3422 2552//3422 1845//3422
f 1956//3423 1961//3423 1843//3423
f 1960//3424 1845//3424 1962//3424
f 2553//3425 2554//3425 1961//3425
f 2555//3426 1962//3426 2556//3426
f 2557//3427 2551//3427 2554//3427
f 2558//3428 2556//3428 2552//3428
f 1843//3429 1961//3429 2551//3429
f 1845//3430 2552//3430 1962//3430
f 2554//3431 2551//3431 1961//3431
f 2556//3432 1962//3432 2552//3432
f 2557//3433 2554//3433 2559//3433
f 2558//3434 2560//3434 2556//3434
f 2561//3435 2562//3435 2563//3435
f 2564//3436 2565//3436 2566//3436
f 2559//3437 2554//3437 2562//3437
f 2560//3438 2566//3438 2556//3438
f 2563//3439 2562//3439 2554//3439
f 2565//3440 2556//3440 2566//3440
f 2562//3441 2561//3441 1853//3441
f 2566//3442 1855//3442 2564//3442
f 2567//3443 1851//3443 2561//3443
f 2568//3444 2564//3444 1854//3444
f 1853//3445 2561//3445 1851//3445
f 1855//3446 1854//3446 2564//3446
f 1437//3447 1429//3447 2569//3447
f 1438//3448 2570//3448 1432//3448
f 2533//3449 2571//3449 1429//3449
f 2534//3450 1432//3450 2572//3450
f 2537//3451 1440//3451 2571//3451
f 2538//3452 2572//3452 1444//3452
f 1448//3453 2569//3453 1440//3453
f 1452//3454 1444//3454 2570//3454
f 1429//3455 2571//3455 2569//3455
f 1432//3456 2570//3456 2572//3456
f 1440//3457 2569//3457 2571//3457
f 1444//3458 2572//3458 2570//3458
f 1377//3459 1379//3459 2573//3459
f 1380//3460 2574//3460 1381//3460
f 2575//3461 1395//3461 1448//3461
f 2576//3462 1452//3462 1396//3462
f 1377//3463 2573//3463 1395//3463
f 1380//3464 1396//3464 2574//3464
f 2569//3465 1448//3465 2577//3465
f 2570//3466 2578//3466 1452//3466
f 2573//3467 2579//3467 1395//3467
f 2574//3468 1396//3468 2580//3468
f 2577//3469 1448//3469 2579//3469
f 2578//3470 2580//3470 1452//3470
f 1395//3471 2579//3471 1448//3471
f 1396//3472 1452//3472 2580//3472
f 2581//3473 1397//3473 2575//3473
f 2582//3474 2576//3474 1398//3474
f 1395//3475 2575//3475 1397//3475
f 1396//3476 1398//3476 2576//3476
f 2583//3477 1399//3477 2584//3477
f 2585//3478 2586//3478 1400//3478
f 1397//3479 2581//3479 1399//3479
f 1398//3480 1400//3480 2582//3480
f 2587//3481 2584//3481 2581//3481
f 2588//3482 2582//3482 2586//3482
f 1399//3483 2581//3483 2584//3483
f 1400//3484 2586//3484 2582//3484
f 1403//3485 1399//3485 2583//3485
f 1404//3486 2585//3486 1400//3486
f 2575//3487 1448//3487 2589//3487
f 2576//3488 2590//3488 1452//3488
f 1447//3489 1462//3489 1448//3489
f 1450//3490 1452//3490 1466//3490
f 2591//3491 2592//3491 1462//3491
f 2593//3492 1466//3492 2594//3492
f 2589//3493 1448//3493 2592//3493
f 2590//3494 2594//3494 1452//3494
f 1462//3495 2592//3495 1448//3495
f 1466//3496 1452//3496 2594//3496
f 2595//3497 2581//3497 2596//3497
f 2597//3498 2598//3498 2582//3498
f 2575//3499 2589//3499 2581//3499
f 2576//3500 2582//3500 2590//3500
f 2596//3501 2581//3501 2589//3501
f 2598//3502 2590//3502 2582//3502
f 2587//3503 2581//3503 2599//3503
f 2588//3504 2600//3504 2582//3504
f 2595//3505 2601//3505 2581//3505
f 2597//3506 2582//3506 2602//3506
f 2599//3507 2581//3507 2601//3507
f 2600//3508 2602//3508 2582//3508
f 1467//3509 2591//3509 1462//3509
f 1469//3510 1466//3510 2593//3510
f 2333//3511 2330//3511 2603//3511
f 2334//3512 2604//3512 2332//3512
f 2353//3513 2605//3513 2330//3513
f 2355//3514 2332//3514 2606//3514
f 2603//3515 2330//3515 2607//3515
f 2604//3516 2608//3516 2332//3516
f 2605//3517 2607//3517 2330//3517
f 2606//3518 2332//3518 2608//3518
f 2360//3519 2609//3519 2365//3519
f 2364//3520 2366//3520 2610//3520
f 2611//3521 2365//3521 2609//3521
f 2612//3522 2610//3522 2366//3522
f 1609//3523 1601//3523 2613//3523
f 1611//3524 2614//3524 1604//3524
f 1764//3525 2615//3525 1703//3525
f 1766//3526 1704//3526 2616//3526
f 2613//3527 1601//3527 2617//3527
f 2614//3528 2618//3528 1604//3528
f 2615//3529 2617//3529 1703//3529
f 2616//3530 1704//3530 2618//3530
f 1601//3531 1703//3531 2617//3531
f 1604//3532 2618//3532 1704//3532
f 1617//3533 1609//3533 2613//3533
f 1618//3534 2614//3534 1611//3534
f 1767//3535 2615//3535 1764//3535
f 1769//3536 1766//3536 2616//3536
f 2333//3537 2603//3537 2335//3537
f 2334//3538 2336//3538 2604//3538
f 2619//3539 2335//3539 2620//3539
f 2621//3540 2622//3540 2336//3540
f 2603//3541 2620//3541 2335//3541
f 2604//3542 2336//3542 2622//3542
f 2623//3543 2624//3543 2625//3543
f 2626//3544 2627//3544 2628//3544
f 2609//3545 2360//3545 2624//3545
f 2610//3546 2628//3546 2364//3546
f 2367//3547 2625//3547 2360//3547
f 2369//3548 2364//3548 2627//3548
f 2624//3549 2360//3549 2625//3549
f 2628//3550 2627//3550 2364//3550
f 2337//3551 2335//3551 2629//3551
f 2339//3552 2630//3552 2336//3552
f 2619//3553 2631//3553 2335//3553
f 2621//3554 2336//3554 2632//3554
f 2624//3555 2623//3555 2631//3555
f 2628//3556 2632//3556 2626//3556
f 2633//3557 2634//3557 2623//3557
f 2635//3558 2626//3558 2636//3558
f 2341//3559 2343//3559 2634//3559
f 2342//3560 2636//3560 2345//3560
f 2335//3561 2631//3561 2629//3561
f 2336//3562 2630//3562 2632//3562
f 2623//3563 2634//3563 2631//3563
f 2626//3564 2632//3564 2636//3564
f 2343//3565 2629//3565 2634//3565
f 2345//3566 2636//3566 2630//3566
f 2631//3567 2634//3567 2629//3567
f 2632//3568 2630//3568 2636//3568
f 2634//3569 2637//3569 2341//3569
f 2636//3570 2342//3570 2638//3570
f 2639//3571 2349//3571 2637//3571
f 2640//3572 2638//3572 2350//3572
f 2341//3573 2637//3573 2349//3573
f 2342//3574 2350//3574 2638//3574
f 631//3575 629//3575 2641//3575
f 632//3576 2642//3576 630//3576
f 684//3577 2643//3577 667//3577
f 688//3578 668//3578 2644//3578
f 2641//3579 629//3579 2645//3579
f 2642//3580 2646//3580 630//3580
f 2643//3581 2645//3581 667//3581
f 2644//3582 668//3582 2646//3582
f 629//3583 667//3583 2645//3583
f 630//3584 2646//3584 668//3584
f 637//3585 631//3585 2641//3585
f 638//3586 2642//3586 632//3586
f 2647//3587 2648//3587 701//3587
f 2649//3588 703//3588 2650//3588
f 2643//3589 684//3589 2651//3589
f 2644//3590 2652//3590 688//3590
f 2648//3591 2651//3591 701//3591
f 2650//3592 703//3592 2652//3592
f 684//3593 701//3593 2651//3593
f 688//3594 2652//3594 703//3594
f 649//3595 654//3595 2653//3595
f 651//3596 2654//3596 656//3596
f 2648//3597 2647//3597 654//3597
f 2650//3598 656//3598 2649//3598
f 2655//3599 2653//3599 2647//3599
f 2656//3600 2649//3600 2654//3600
f 654//3601 2647//3601 2653//3601
f 656//3602 2654//3602 2649//3602
f 975//3603 971//3603 2657//3603
f 977//3604 2658//3604 972//3604
f 1007//3603 1040//3603 971//3603
f 1008//3604 972//3604 1042//3604
f 2659//3605 2660//3605 1040//3605
f 2661//3606 1042//3606 2662//3606
f 2663//3605 2664//3605 2660//3605
f 2665//3606 2662//3606 2666//3606
f 2657//3607 971//3607 2667//3607
f 2658//3608 2668//3608 972//3608
f 1040//3609 2660//3609 971//3609
f 1042//3610 972//3610 2662//3610
f 2664//3611 2667//3611 2660//3611
f 2666//3612 2662//3612 2668//3612
f 971//3613 2660//3613 2667//3613
f 972//3614 2668//3614 2662//3614
f 985//3615 975//3615 2657//3615
f 987//3616 2658//3616 977//3616
f 2669//3617 2664//3617 2663//3617
f 2670//3618 2665//3618 2666//3618
f 1043//3619 2671//3619 1040//3619
f 1045//3620 1042//3620 2672//3620
f 2673//3621 2674//3621 2671//3621
f 2675//3622 2672//3622 2676//3622
f 2659//3623 1040//3623 2674//3623
f 2661//3624 2676//3624 1042//3624
f 2671//3625 2674//3625 1040//3625
f 2672//3626 1042//3626 2676//3626
f 2673//3627 2671//3627 2677//3627
f 2675//3628 2678//3628 2672//3628
f 1085//1567 1083//1567 2679//1567
f 1086//1568 2680//1568 1084//1568
f 2681//3629 2682//3629 1166//3629
f 2683//3630 1168//3630 2684//3630
f 2679//3631 1083//3631 2685//3631
f 2680//3632 2686//3632 1084//3632
f 1166//3633 2682//3633 1121//3633
f 1168//3634 1122//3634 2684//3634
f 2685//3635 1083//3635 2687//3635
f 2686//3636 2688//3636 1084//3636
f 1121//3637 2682//3637 1083//3637
f 1122//3638 1084//3638 2684//3638
f 2687//3639 1083//3639 2682//3639
f 2688//3640 2684//3640 1084//3640
f 1089//1573 1085//1573 2679//1573
f 1090//1574 2680//1574 1086//1574
f 1170//3641 2689//3641 1166//3641
f 1172//3642 1168//3642 2690//3642
f 2681//3643 1166//3643 2691//3643
f 2683//3644 2692//3644 1168//3644
f 2689//3645 2691//3645 1166//3645
f 2690//3646 1168//3646 2692//3646
f 2693//3647 2689//3647 2694//3647
f 2695//3648 2696//3648 2690//3648
f 1170//3649 1174//3649 2689//3649
f 1172//3650 2690//3650 1178//3650
f 2697//3651 2694//3651 1174//3651
f 2698//3652 1178//3652 2696//3652
f 2689//3653 1174//3653 2694//3653
f 2690//3654 2696//3654 1178//3654
f 2697//3655 1174//3655 2699//3655
f 2698//3656 2700//3656 1178//3656
f 1183//3657 2701//3657 1174//3657
f 1185//3658 1178//3658 2702//3658
f 2699//3659 1174//3659 2701//3659
f 2700//3660 2702//3660 1178//3660
f 1165//3661 1163//3661 2703//3661
f 1167//3662 2704//3662 1164//3662
f 1229//3663 2705//3663 1163//3663
f 1230//3664 1164//3664 2706//3664
f 2707//3665 2708//3665 2705//3665
f 2709//3666 2706//3666 2710//3666
f 2703//3667 1163//3667 2708//3667
f 2704//3668 2710//3668 1164//3668
f 2705//3669 2708//3669 1163//3669
f 2706//3670 1164//3670 2710//3670
f 2711//3671 1169//3671 2712//3671
f 2713//3672 2714//3672 1171//3672
f 2703//3673 2712//3673 1165//3673
f 2704//3674 1167//3674 2714//3674
f 1169//3675 1165//3675 2712//3675
f 1171//3676 2714//3676 1167//3676
f 1179//3677 1169//3677 2715//3677
f 1181//3678 2716//3678 1171//3678
f 2711//3679 2715//3679 1169//3679
f 2713//3680 1171//3680 2716//3680
f 2707//3681 2705//3681 2717//3681
f 2709//3682 2718//3682 2706//3682
f 2719//3683 2717//3683 2720//3683
f 2721//3684 2722//3684 2718//3684
f 2705//3685 2720//3685 2717//3685
f 2706//3686 2718//3686 2722//3686
f 2719//3687 2720//3687 2723//3687
f 2721//3688 2724//3688 2722//3688
f 2725//3689 2726//3689 2720//3689
f 2727//3690 2722//3690 2728//3690
f 2723//3691 2720//3691 2726//3691
f 2724//3692 2728//3692 2722//3692
f 2705//3693 1229//3693 2729//3693
f 2706//3694 2730//3694 1230//3694
f 1271//3695 2731//3695 1229//3695
f 1272//3696 1230//3696 2732//3696
f 2729//3697 1229//3697 2731//3697
f 2730//3698 2732//3698 1230//3698
f 1274//3699 2733//3699 1279//3699
f 1278//3700 1281//3700 2734//3700
f 2735//3701 2720//3701 2736//3701
f 2737//3702 2738//3702 2722//3702
f 2705//3703 2729//3703 2720//3703
f 2706//3704 2722//3704 2730//3704
f 2733//3705 1274//3705 2739//3705
f 2734//3706 2740//3706 1278//3706
f 1283//3707 2741//3707 1274//3707
f 1284//3708 1278//3708 2742//3708
f 2720//3709 2729//3709 2736//3709
f 2722//3710 2738//3710 2730//3710
f 1274//3711 2741//3711 2739//3711
f 1278//3712 2740//3712 2742//3712
f 2729//3713 2739//3713 2736//3713
f 2730//3714 2738//3714 2740//3714
f 2741//3715 2736//3715 2739//3715
f 2742//3716 2740//3716 2738//3716
f 2725//3717 2720//3717 2735//3717
f 2727//3718 2737//3718 2722//3718
f 611//945 603//945 2743//945
f 613//946 2744//946 604//946
f 633//3719 2745//3719 619//3719
f 635//3720 620//3720 2746//3720
f 2747//3721 2748//3721 2745//3721
f 2749//3722 2746//3722 2750//3722
f 2751//3723 2752//3723 2748//3723
f 2753//3724 2750//3724 2754//3724
f 2743//3725 603//3725 2752//3725
f 2744//3726 2754//3726 604//3726
f 619//3727 2745//3727 603//3727
f 620//3728 604//3728 2746//3728
f 2748//3729 2752//3729 2745//3729
f 2750//3730 2746//3730 2754//3730
f 603//3731 2745//3731 2752//3731
f 604//3732 2754//3732 2746//3732
f 615//3733 611//3733 2755//3733
f 616//3734 2756//3734 613//3734
f 2743//3735 2757//3735 611//3735
f 2744//3736 613//3736 2758//3736
f 2755//3737 611//3737 2757//3737
f 2756//3738 2758//3738 613//3738
f 2759//3739 2751//3739 2748//3739
f 2760//3740 2750//3740 2753//3740
f 2761//3741 2762//3741 2763//3741
f 2764//3742 2765//3742 2766//3742
f 912//3743 911//3743 2762//3743
f 914//3744 2766//3744 913//3744
f 944//3745 2767//3745 911//3745
f 948//3746 913//3746 2768//3746
f 2763//3747 2762//3747 2769//3747
f 2765//3748 2770//3748 2766//3748
f 2767//3749 2771//3749 911//3749
f 2768//3750 913//3750 2772//3750
f 2769//3751 2762//3751 2771//3751
f 2770//3752 2772//3752 2766//3752
f 911//3753 2771//3753 2762//3753
f 913//3754 2766//3754 2772//3754
f 2773//3755 2761//3755 2763//3755
f 2774//3756 2765//3756 2764//3756
f 951//3757 2775//3757 944//3757
f 952//3758 948//3758 2776//3758
f 2767//3759 944//3759 2775//3759
f 2768//3760 2776//3760 948//3760
f 1406//3761 2777//3761 1411//3761
f 1410//3762 1412//3762 2778//3762
f 2779//3763 1411//3763 2777//3763
f 2780//3764 2778//3764 1412//3764
f 2781//3765 2782//3765 2783//3765
f 2784//3766 2785//3766 2786//3766
f 2787//3767 2777//3767 2788//3767
f 2789//3768 2790//3768 2778//3768
f 2791//3769 2788//3769 1413//3769
f 2792//3770 1414//3770 2790//3770
f 2777//3771 1406//3771 2788//3771
f 2778//3772 2790//3772 1410//3772
f 1413//3773 2788//3773 1406//3773
f 1414//3774 1410//3774 2790//3774
f 2793//3775 2794//3775 1364//3775
f 2795//3776 1368//3776 2796//3776
f 2797//3777 2798//3777 2794//3777
f 2799//3778 2796//3778 2800//3778
f 2781//3779 2783//3779 2798//3779
f 2784//3780 2800//3780 2785//3780
f 2791//3781 1413//3781 2801//3781
f 2792//3782 2802//3782 1414//3782
f 1424//3783 2803//3783 1413//3783
f 1428//3784 1414//3784 2804//3784
f 1365//3785 1364//3785 2803//3785
f 1367//3786 2804//3786 1368//3786
f 2794//3787 2798//3787 1364//3787
f 2796//3788 1368//3788 2800//3788
f 2783//3789 2801//3789 2798//3789
f 2785//3790 2800//3790 2802//3790
f 1413//3791 2803//3791 2801//3791
f 1414//3792 2802//3792 2804//3792
f 1364//3793 2798//3793 2803//3793
f 1368//3794 2804//3794 2800//3794
f 2801//3795 2803//3795 2798//3795
f 2802//3796 2800//3796 2804//3796
f 2793//3797 1364//3797 2805//3797
f 2795//3798 2806//3798 1368//3798
f 1369//3799 2807//3799 1364//3799
f 1371//3800 1368//3800 2808//3800
f 2809//3801 2805//3801 2807//3801
f 2810//3802 2808//3802 2806//3802
f 1364//3803 2807//3803 2805//3803
f 1368//3804 2806//3804 2808//3804
f 2809//3805 2807//3805 2811//3805
f 2810//3806 2812//3806 2808//3806
f 561//3807 569//3807 562//3807
f 562//3807 569//3807 570//3807
f 569//3808 575//3808 570//3808
f 570//3808 575//3808 577//3808
f 606//3809 605//3809 608//3809
f 608//3809 605//3809 607//3809
f 601//3810 606//3810 602//3810
f 602//3810 606//3810 608//3810
f 575//3811 601//3811 577//3811
f 577//3811 601//3811 602//3811
f 609//3812 612//3812 610//3812
f 610//3812 612//3812 614//3812
f 605//3813 609//3813 607//3813
f 607//3813 609//3813 610//3813
f 612//3814 615//3814 614//3814
f 614//3814 615//3814 616//3814
f 413//3815 561//3815 414//3815
f 414//3815 561//3815 562//3815
f 623//3816 622//3816 625//3816
f 625//3816 622//3816 626//3816
f 622//3817 621//3817 626//3817
f 626//3817 621//3817 624//3817
f 409//3818 410//3818 411//3818
f 411//3818 410//3818 412//3818
f 410//3819 413//3819 412//3819
f 412//3819 413//3819 414//3819
f 641//3820 637//3820 643//3820
f 643//3820 637//3820 638//3820
f 639//3821 641//3821 642//3821
f 642//3821 641//3821 643//3821
f 634//3822 640//3822 636//3822
f 636//3822 640//3822 644//3822
f 633//3823 634//3823 635//3823
f 635//3823 634//3823 636//3823
f 645//3824 639//3824 646//3824
f 646//3824 639//3824 642//3824
f 640//3825 645//3825 644//3825
f 644//3825 645//3825 646//3825
f 653//3826 648//3826 655//3826
f 655//3826 648//3826 652//3826
f 654//3827 653//3827 656//3827
f 656//3827 653//3827 655//3827
f 647//3828 649//3828 650//3828
f 650//3828 649//3828 651//3828
f 648//3829 623//3829 652//3829
f 652//3829 623//3829 625//3829
f 659//3830 647//3830 660//3830
f 660//3830 647//3830 650//3830
f 621//3831 657//3831 624//3831
f 624//3831 657//3831 658//3831
f 661//3832 659//3832 662//3832
f 662//3832 659//3832 660//3832
f 657//3833 661//3833 658//3833
f 658//3833 661//3833 662//3833
f 432//3834 431//3834 434//3834
f 434//3834 431//3834 433//3834
f 431//3835 409//3835 433//3835
f 433//3835 409//3835 411//3835
f 450//3836 449//3836 452//3836
f 452//3836 449//3836 451//3836
f 449//3837 432//3837 451//3837
f 451//3837 432//3837 434//3837
f 680//3838 679//3838 682//3838
f 682//3838 679//3838 681//3838
f 676//3839 680//3839 678//3839
f 678//3839 680//3839 682//3839
f 693//3840 689//3840 695//3840
f 695//3840 689//3840 690//3840
f 691//3841 693//3841 694//3841
f 694//3841 693//3841 695//3841
f 698//3842 692//3842 700//3842
f 700//3842 692//3842 696//3842
f 697//3843 698//3843 699//3843
f 699//3843 698//3843 700//3843
f 685//3844 697//3844 687//3844
f 687//3844 697//3844 699//3844
f 683//3845 685//3845 686//3845
f 686//3845 685//3845 687//3845
f 702//3846 683//3846 704//3846
f 704//3846 683//3846 686//3846
f 701//3847 702//3847 703//3847
f 703//3847 702//3847 704//3847
f 705//3848 676//3848 706//3848
f 706//3848 676//3848 678//3848
f 707//3849 705//3849 708//3849
f 708//3849 705//3849 706//3849
f 689//3850 707//3850 690//3850
f 690//3850 707//3850 708//3850
f 709//3851 691//3851 710//3851
f 710//3851 691//3851 694//3851
f 692//3852 709//3852 696//3852
f 696//3852 709//3852 710//3852
f 474//3853 473//3853 476//3853
f 476//3853 473//3853 475//3853
f 473//3854 450//3854 475//3854
f 475//3854 450//3854 452//3854
f 719//3855 721//3855 720//3855
f 720//3855 721//3855 722//3855
f 679//3856 719//3856 681//3856
f 681//3856 719//3856 720//3856
f 725//3857 724//3857 727//3857
f 727//3857 724//3857 728//3857
f 724//3858 730//3858 728//3858
f 728//3858 730//3858 732//3858
f 730//3859 729//3859 732//3859
f 732//3859 729//3859 731//3859
f 502//3860 501//3860 504//3860
f 504//3860 501//3860 503//3860
f 501//3861 474//3861 503//3861
f 503//3861 474//3861 476//3861
f 746//3862 745//3862 750//3862
f 750//3862 745//3862 748//3862
f 751//3863 746//3863 752//3863
f 752//3863 746//3863 750//3863
f 743//3864 751//3864 744//3864
f 744//3864 751//3864 752//3864
f 721//3865 743//3865 722//3865
f 722//3865 743//3865 744//3865
f 756//3866 755//3866 760//3866
f 760//3866 755//3866 758//3866
f 753//3867 756//3867 754//3867
f 754//3867 756//3867 760//3867
f 745//3868 753//3868 748//3868
f 748//3868 753//3868 754//3868
f 764//3869 763//3869 766//3869
f 766//3869 763//3869 765//3869
f 767//3870 764//3870 768//3870
f 768//3870 764//3870 766//3870
f 761//3871 725//3871 762//3871
f 762//3871 725//3871 727//3871
f 755//3872 761//3872 758//3872
f 758//3872 761//3872 762//3872
f 769//3873 767//3873 770//3873
f 770//3873 767//3873 768//3873
f 729//3874 769//3874 731//3874
f 731//3874 769//3874 770//3874
f 524//3875 523//3875 526//3875
f 526//3875 523//3875 525//3875
f 523//3876 502//3876 525//3876
f 525//3876 502//3876 504//3876
f 784//3877 787//3877 786//3877
f 786//3877 787//3877 788//3877
f 783//3878 784//3878 785//3878
f 785//3878 784//3878 786//3878
f 790//3879 783//3879 792//3879
f 792//3879 783//3879 785//3879
f 789//3880 790//3880 791//3880
f 791//3880 790//3880 792//3880
f 763//3881 789//3881 765//3881
f 765//3881 789//3881 791//3881
f 795//3882 794//3882 797//3882
f 797//3882 794//3882 798//3882
f 793//3883 795//3883 796//3883
f 796//3883 795//3883 797//3883
f 547//3884 524//3884 549//3884
f 549//3884 524//3884 526//3884
f 794//3885 547//3885 798//3885
f 798//3885 547//3885 549//3885
f 800//3886 793//3886 802//3886
f 802//3886 793//3886 796//3886
f 817//3887 815//3887 819//3887
f 819//3887 815//3887 816//3887
f 813//3888 818//3888 814//3888
f 814//3888 818//3888 820//3888
f 787//3889 813//3889 788//3889
f 788//3889 813//3889 814//3889
f 823//3890 817//3890 824//3890
f 824//3890 817//3890 819//3890
f 821//3891 823//3891 822//3891
f 822//3891 823//3891 824//3891
f 818//3892 821//3892 820//3892
f 820//3892 821//3892 822//3892
f 827//3893 826//3893 829//3893
f 829//3893 826//3893 830//3893
f 826//3894 825//3894 830//3894
f 830//3894 825//3894 828//3894
f 833//3895 827//3895 835//3895
f 835//3895 827//3895 829//3895
f 834//3896 833//3896 836//3896
f 836//3896 833//3896 835//3896
f 825//3897 831//3897 828//3897
f 828//3897 831//3897 832//3897
f 839//3898 800//3898 840//3898
f 840//3898 800//3898 802//3898
f 831//3899 839//3899 832//3899
f 832//3899 839//3899 840//3899
f 852//3900 851//3900 854//3900
f 854//3900 851//3900 853//3900
f 859//3901 852//3901 860//3901
f 860//3901 852//3901 854//3901
f 856//3902 859//3902 858//3902
f 858//3902 859//3902 860//3902
f 855//3903 856//3903 857//3903
f 857//3903 856//3903 858//3903
f 861//3904 855//3904 862//3904
f 862//3904 855//3904 857//3904
f 863//3905 861//3905 864//3905
f 864//3905 861//3905 862//3905
f 815//3906 863//3906 816//3906
f 816//3906 863//3906 864//3906
f 871//3907 866//3907 873//3907
f 873//3907 866//3907 870//3907
f 872//3908 871//3908 874//3908
f 874//3908 871//3908 873//3908
f 865//3909 867//3909 868//3909
f 868//3909 867//3909 869//3909
f 866//3910 876//3910 870//3910
f 870//3910 876//3910 878//3910
f 875//3911 865//3911 877//3911
f 877//3911 865//3911 868//3911
f 876//915 875//915 878//915
f 878//915 875//915 877//915
f 880//3912 834//3912 882//3912
f 882//3912 834//3912 836//3912
f 901//3913 896//3913 902//3913
f 902//3913 896//3913 898//3913
f 899//3914 901//3914 900//3914
f 900//3914 901//3914 902//3914
f 893//3915 899//3915 894//3915
f 894//3915 899//3915 900//3915
f 851//3916 893//3916 853//3916
f 853//3916 893//3916 894//3916
f 907//3917 904//3917 908//3917
f 908//3917 904//3917 906//3917
f 867//3918 907//3918 869//3918
f 869//3918 907//3918 908//3918
f 896//3908 872//3908 898//3908
f 898//3908 872//3908 874//3908
f 909//3919 912//3919 910//3919
f 910//3919 912//3919 914//3919
f 904//3920 909//3920 906//3920
f 906//3920 909//3920 910//3920
f 919//3921 880//3921 920//3921
f 920//3921 880//3921 882//3921
f 916//3922 919//3922 918//3922
f 918//3922 919//3922 920//3922
f 940//3923 939//3923 942//3923
f 942//3923 939//3923 941//3923
f 936//3924 940//3924 938//3924
f 938//3924 940//3924 942//3924
f 935//3925 936//3925 937//3925
f 937//3925 936//3925 938//3925
f 949//3926 935//3926 950//3926
f 950//3926 935//3926 937//3926
f 945//3927 949//3927 947//3927
f 947//3927 949//3927 950//3927
f 943//3928 945//3928 946//3928
f 946//3928 945//3928 947//3928
f 951//3929 943//3929 952//3929
f 952//3929 943//3929 946//3929
f 957//3930 916//3930 958//3930
f 958//3930 916//3930 918//3930
f 954//3931 957//3931 956//3931
f 956//3931 957//3931 958//3931
f 981//3932 976//3932 982//3932
f 982//3932 976//3932 978//3932
f 979//3933 981//3933 980//3933
f 980//3933 981//3933 982//3933
f 973//3934 979//3934 974//3934
f 974//3934 979//3934 980//3934
f 939//3935 973//3935 941//3935
f 941//3935 973//3935 974//3935
f 986//3936 985//3936 988//3936
f 988//3936 985//3936 987//3936
f 983//3937 986//3937 984//3937
f 984//3937 986//3937 988//3937
f 976//3938 983//3938 978//3938
f 978//3938 983//3938 984//3938
f 993//3939 954//3939 994//3939
f 994//3939 954//3939 956//3939
f 990//3940 993//3940 992//3940
f 992//3940 993//3940 994//3940
f 1011//3941 1010//3941 1013//3941
f 1013//3941 1010//3941 1014//3941
f 1010//3942 1009//3942 1014//3942
f 1014//3942 1009//3942 1012//3942
f 1021//3943 1016//3943 1022//3943
f 1022//3943 1016//3943 1020//3943
f 1017//3944 1021//3944 1019//3944
f 1019//3944 1021//3944 1022//3944
f 1016//3945 990//3945 1020//3945
f 1020//3945 990//3945 992//3945
f 1049//3946 1047//3946 1051//3946
f 1051//3946 1047//3946 1048//3946
f 1053//3947 1050//3947 1054//3947
f 1054//3947 1050//3947 1052//3947
f 1044//3948 1053//3948 1046//3948
f 1046//3948 1053//3948 1054//3948
f 1043//3949 1044//3949 1045//3949
f 1045//3949 1044//3949 1046//3949
f 1057//3950 1049//3950 1059//3950
f 1059//3950 1049//3950 1051//3950
f 1055//3951 1057//3951 1058//3951
f 1058//3951 1057//3951 1059//3951
f 1009//3952 1056//3952 1012//3952
f 1012//3952 1056//3952 1060//3952
f 1050//3953 1011//3953 1052//3953
f 1052//3953 1011//3953 1013//3953
f 1061//3954 1055//3954 1062//3954
f 1062//3954 1055//3954 1058//3954
f 1056//3955 1061//3955 1060//3955
f 1060//3955 1061//3955 1062//3955
f 1067//3956 1017//3956 1068//3956
f 1068//3956 1017//3956 1019//3956
f 1064//3957 1067//3957 1066//3957
f 1066//3957 1067//3957 1068//3957
f 1093//3958 1089//3958 1095//3958
f 1095//3958 1089//3958 1090//3958
f 1091//3959 1093//3959 1094//3959
f 1094//3959 1093//3959 1095//3959
f 1092//3960 1091//3960 1096//3960
f 1096//3960 1091//3960 1094//3960
f 1087//3961 1092//3961 1088//3961
f 1088//3961 1092//3961 1096//3961
f 1047//3962 1087//3962 1048//3962
f 1048//3962 1087//3962 1088//3962
f 1099//3963 1098//3963 1101//3963
f 1101//3963 1098//3963 1102//3963
f 1105//3964 1064//3964 1106//3964
f 1106//3964 1064//3964 1066//3964
f 1098//3965 1105//3965 1102//3965
f 1102//3965 1105//3965 1106//3965
f 1125//3966 1124//3966 1127//3966
f 1127//3966 1124//3966 1128//3966
f 1133//3967 1130//3967 1134//3967
f 1134//3967 1130//3967 1132//3967
f 1124//3968 1133//3968 1128//3968
f 1128//3968 1133//3968 1134//3968
f 1139//3969 1136//3969 1140//3969
f 1140//3969 1136//3969 1138//3969
f 1130//3970 1139//3970 1132//3970
f 1132//3970 1139//3970 1140//3970
f 1136//3971 1135//3971 1138//3971
f 1138//3971 1135//3971 1137//3971
f 1145//3972 1099//3972 1146//3972
f 1146//3972 1099//3972 1101//3972
f 1142//3973 1145//3973 1144//3973
f 1144//3973 1145//3973 1146//3973
f 1180//3974 1179//3974 1182//3974
f 1182//3974 1179//3974 1181//3974
f 1175//3975 1180//3975 1177//3975
f 1177//3975 1180//3975 1182//3975
f 1193//3976 1187//3976 1194//3976
f 1194//3976 1187//3976 1188//3976
f 1190//3977 1193//3977 1192//3977
f 1192//3977 1193//3977 1194//3977
f 1189//3978 1190//3978 1191//3978
f 1191//3978 1190//3978 1192//3978
f 1184//3979 1125//3979 1186//3979
f 1186//3979 1125//3979 1127//3979
f 1183//3980 1184//3980 1185//3980
f 1185//3980 1184//3980 1186//3980
f 1195//3981 1189//3981 1196//3981
f 1196//3981 1189//3981 1191//3981
f 1197//3982 1195//3982 1198//3982
f 1198//3982 1195//3982 1196//3982
f 1199//3983 1197//3983 1200//3983
f 1200//3983 1197//3983 1198//3983
f 1135//3984 1199//3984 1137//3984
f 1137//3984 1199//3984 1200//3984
f 1205//3985 1175//3985 1206//3985
f 1206//3985 1175//3985 1177//3985
f 1202//3986 1205//3986 1204//3986
f 1204//3986 1205//3986 1206//3986
f 1201//3987 1202//3987 1203//3987
f 1203//3987 1202//3987 1204//3987
f 1187//3988 1201//3988 1188//3988
f 1188//3988 1201//3988 1203//3988
f 1211//3989 1142//3989 1212//3989
f 1212//3989 1142//3989 1144//3989
f 1208//112 1211//112 1210//112
f 1210//112 1211//112 1212//112
f 1237//3990 1232//3990 1238//3990
f 1238//3990 1232//3990 1236//3990
f 1233//3991 1237//3991 1235//3991
f 1235//3991 1237//3991 1238//3991
f 1232//3992 1239//3992 1236//3992
f 1236//3992 1239//3992 1240//3992
f 1245//3993 1233//3993 1246//3993
f 1246//3993 1233//3993 1235//3993
f 1242//3994 1245//3994 1244//3994
f 1244//3994 1245//3994 1246//3994
f 1247//112 1208//112 1248//112
f 1248//112 1208//112 1210//112
f 1239//3995 1247//3995 1240//3995
f 1240//3995 1247//3995 1248//3995
f 1268//3996 1267//3996 1270//3996
f 1270//3996 1267//3996 1269//3996
f 1271//3997 1268//3997 1272//3997
f 1272//3997 1268//3997 1270//3997
f 1280//3998 1279//3998 1282//3998
f 1282//3998 1279//3998 1281//3998
f 1275//3999 1280//3999 1277//3999
f 1277//3999 1280//3999 1282//3999
f 1273//4000 1275//4000 1276//4000
f 1276//4000 1275//4000 1277//4000
f 1283//4001 1273//4001 1284//4001
f 1284//4001 1273//4001 1276//4001
f 1286//4002 1242//4002 1288//4002
f 1288//4002 1242//4002 1244//4002
f 1301//4003 1302//4003 1303//4003
f 1303//4003 1302//4003 1304//4003
f 1309//4004 1301//4004 1310//4004
f 1310//4004 1301//4004 1303//4004
f 1306//4005 1309//4005 1308//4005
f 1308//4005 1309//4005 1310//4005
f 1305//4006 1306//4006 1307//4006
f 1307//4006 1306//4006 1308//4006
f 1312//4007 1305//4007 1314//4007
f 1314//4007 1305//4007 1307//4007
f 1267//4008 1315//4008 1269//4008
f 1269//4008 1315//4008 1316//4008
f 1325//4009 1322//4009 1326//4009
f 1326//4009 1322//4009 1324//4009
f 1319//4010 1325//4010 1320//4010
f 1320//4010 1325//4010 1326//4010
f 1315//4011 1319//4011 1316//4011
f 1316//4011 1319//4011 1320//4011
f 1327//4012 1329//4012 1328//4012
f 1328//4012 1329//4012 1330//4012
f 1322//4013 1327//4013 1324//4013
f 1324//4013 1327//4013 1328//4013
f 1333//4014 1332//4014 1335//4014
f 1335//4014 1332//4014 1336//4014
f 1339//4015 1286//4015 1340//4015
f 1340//4015 1286//4015 1288//4015
f 1332//4016 1339//4016 1336//4016
f 1336//4016 1339//4016 1340//4016
f 1352//4017 1355//4017 1354//4017
f 1354//4017 1355//4017 1356//4017
f 1351//4018 1352//4018 1353//4018
f 1353//4018 1352//4018 1354//4018
f 1359//4019 1351//4019 1360//4019
f 1360//4019 1351//4019 1353//4019
f 1361//4020 1359//4020 1362//4020
f 1362//4020 1359//4020 1360//4020
f 1357//4021 1361//4021 1358//4021
f 1358//4021 1361//4021 1362//4021
f 1302//4022 1357//4022 1304//4022
f 1304//4022 1357//4022 1358//4022
f 1363//4023 1365//4023 1366//4023
f 1366//4023 1365//4023 1367//4023
f 1373//4024 1363//4024 1374//4024
f 1374//4024 1363//4024 1366//4024
f 1375//4025 1373//4025 1376//4025
f 1376//4025 1373//4025 1374//4025
f 1370//4026 1375//4026 1372//4026
f 1372//4026 1375//4026 1376//4026
f 1369//4027 1370//4027 1371//4027
f 1371//4027 1370//4027 1372//4027
f 1383//4028 1378//4028 1385//4028
f 1385//4028 1378//4028 1382//4028
f 1384//4029 1383//4029 1386//4029
f 1386//4029 1383//4029 1385//4029
f 1387//4030 1384//4030 1389//4030
f 1389//4030 1384//4030 1386//4030
f 1388//4031 1387//4031 1390//4031
f 1390//4031 1387//4031 1389//4031
f 1379//4032 1388//4032 1381//4032
f 1381//4032 1388//4032 1390//4032
f 1391//4033 1312//4033 1392//4033
f 1392//4033 1312//4033 1314//4033
f 1393//4034 1391//4034 1394//4034
f 1394//4034 1391//4034 1392//4034
f 1378//4035 1393//4035 1382//4035
f 1382//4035 1393//4035 1394//4035
f 1407//4036 1403//4036 1409//4036
f 1409//4036 1403//4036 1404//4036
f 1405//887 1407//887 1408//887
f 1408//887 1407//887 1409//887
f 1401//4037 1411//4037 1402//4037
f 1402//4037 1411//4037 1412//4037
f 1329//4038 1401//4038 1330//4038
f 1330//4038 1401//4038 1402//4038
f 1415//887 1405//887 1417//887
f 1417//887 1405//887 1408//887
f 1416//4039 1415//4039 1418//4039
f 1418//4039 1415//4039 1417//4039
f 1419//4040 1416//4040 1420//4040
f 1420//4040 1416//4040 1418//4040
f 1421//4041 1419//4041 1422//4041
f 1422//4041 1419//4041 1420//4041
f 1425//4042 1421//4042 1427//4042
f 1427//4042 1421//4042 1422//4042
f 1423//4043 1425//4043 1426//4043
f 1426//4043 1425//4043 1427//4043
f 1424//4044 1423//4044 1428//4044
f 1428//4044 1423//4044 1426//4044
f 1435//4045 1430//4045 1436//4045
f 1436//4045 1430//4045 1434//4045
f 1431//4046 1435//4046 1433//4046
f 1433//4046 1435//4046 1436//4046
f 1430//4047 1437//4047 1434//4047
f 1434//4047 1437//4047 1438//4047
f 1441//4048 1445//4048 1443//4048
f 1443//4048 1445//4048 1446//4048
f 1439//4049 1441//4049 1442//4049
f 1442//4049 1441//4049 1443//4049
f 1455//4050 1439//4050 1456//4050
f 1456//4050 1439//4050 1442//4050
f 1453//4051 1455//4051 1454//4051
f 1454//4051 1455//4051 1456//4051
f 1449//4052 1453//4052 1451//4052
f 1451//4052 1453//4052 1454//4052
f 1458//4053 1449//4053 1460//4053
f 1460//4053 1449//4053 1451//4053
f 1457//4054 1458//4054 1459//4054
f 1459//4054 1458//4054 1460//4054
f 1463//4055 1457//4055 1465//4055
f 1465//4055 1457//4055 1459//4055
f 1461//4056 1463//4056 1464//4056
f 1464//4056 1463//4056 1465//4056
f 1468//4057 1461//4057 1470//4057
f 1470//4057 1461//4057 1464//4057
f 1467//4058 1468//4058 1469//4058
f 1469//4058 1468//4058 1470//4058
f 1477//4059 1472//4059 1478//4059
f 1478//4059 1472//4059 1476//4059
f 1473//4060 1477//4060 1475//4060
f 1475//4060 1477//4060 1478//4060
f 1479//4061 1480//4061 1481//4061
f 1481//4061 1480//4061 1482//4061
f 1472//4062 1479//4062 1476//4062
f 1476//4062 1479//4062 1481//4062
f 1485//4063 1487//4063 1486//4063
f 1486//4063 1487//4063 1488//4063
f 1480//4064 1485//4064 1482//4064
f 1482//4064 1485//4064 1486//4064
f 1491//4065 1490//4065 1493//4065
f 1493//4065 1490//4065 1494//4065
f 1490//4066 1473//4066 1494//4066
f 1494//4066 1473//4066 1475//4066
f 1505//4067 1502//4067 1506//4067
f 1506//4067 1502//4067 1504//4067
f 1499//4068 1505//4068 1500//4068
f 1500//4068 1505//4068 1506//4068
f 1487//4069 1499//4069 1488//4069
f 1488//4069 1499//4069 1500//4069
f 1510//4070 1509//4070 1512//4070
f 1512//4070 1509//4070 1511//4070
f 1502//4071 1507//4071 1504//4071
f 1504//4071 1507//4071 1508//4071
f 1513//4072 1510//4072 1514//4072
f 1514//4072 1510//4072 1512//4072
f 1507//4073 1513//4073 1508//4073
f 1508//4073 1513//4073 1514//4073
f 1515//4074 1517//4074 1518//4074
f 1518//4074 1517//4074 1519//4074
f 1523//4075 1515//4075 1525//4075
f 1525//4075 1515//4075 1518//4075
f 1521//887 1523//887 1524//887
f 1524//887 1523//887 1525//887
f 1528//887 1521//887 1530//887
f 1530//887 1521//887 1524//887
f 1527//4076 1528//4076 1529//4076
f 1529//4076 1528//4076 1530//4076
f 1538//4077 1537//4077 1540//4077
f 1540//4077 1537//4077 1539//4077
f 1533//4078 1538//4078 1535//4078
f 1535//4078 1538//4078 1540//4078
f 1569//4079 1570//4079 1571//4079
f 1571//4079 1570//4079 1572//4079
f 1575//4080 1578//4080 1576//4080
f 1576//4080 1578//4080 1580//4080
f 1570//4081 1575//4081 1572//4081
f 1572//4081 1575//4081 1576//4081
f 1578//4082 1581//4082 1580//4082
f 1580//4082 1581//4082 1582//4082
f 1587//4083 1491//4083 1588//4083
f 1588//4083 1491//4083 1493//4083
f 1584//4084 1587//4084 1586//4084
f 1586//4084 1587//4084 1588//4084
f 1598//4085 1597//4085 1600//4085
f 1600//4085 1597//4085 1599//4085
f 1595//4086 1598//4086 1596//4086
f 1596//4086 1598//4086 1600//4086
f 1509//4087 1595//4087 1511//4087
f 1511//4087 1595//4087 1596//4087
f 1603//4088 1602//4088 1605//4088
f 1605//4088 1602//4088 1606//4088
f 1608//4089 1607//4089 1612//4089
f 1612//4089 1607//4089 1610//4089
f 1602//4090 1608//4090 1606//4090
f 1606//4090 1608//4090 1612//4090
f 1607//4091 1584//4091 1610//4091
f 1610//4091 1584//4091 1586//4091
f 1619//4092 1617//4092 1620//4092
f 1620//4092 1617//4092 1618//4092
f 1614//4093 1619//4093 1616//4093
f 1616//4093 1619//4093 1620//4093
f 1623//4094 1624//4094 1625//4094
f 1625//4094 1624//4094 1626//4094
f 1628//4095 1623//4095 1630//4095
f 1630//4095 1623//4095 1625//4095
f 1627//4096 1628//4096 1629//4096
f 1629//4096 1628//4096 1630//4096
f 1631//4097 1627//4097 1632//4097
f 1632//4097 1627//4097 1629//4097
f 1597//4098 1631//4098 1599//4098
f 1599//4098 1631//4098 1632//4098
f 1633//4099 1614//4099 1634//4099
f 1634//4099 1614//4099 1616//4099
f 1636//4100 1633//4100 1638//4100
f 1638//4100 1633//4100 1634//4100
f 1635//4101 1636//4101 1637//4101
f 1637//4101 1636//4101 1638//4101
f 1641//4102 1635//4102 1642//4102
f 1642//4102 1635//4102 1637//4102
f 1643//4103 1641//4103 1645//4103
f 1645//4103 1641//4103 1642//4103
f 1639//4104 1644//4104 1640//4104
f 1640//4104 1644//4104 1646//4104
f 1624//4105 1639//4105 1626//4105
f 1626//4105 1639//4105 1640//4105
f 1647//4106 1643//4106 1648//4106
f 1648//4106 1643//4106 1645//4106
f 1644//4107 1647//4107 1646//4107
f 1646//4107 1647//4107 1648//4107
f 1656//4108 1655//4108 1658//4108
f 1658//4108 1655//4108 1657//4108
f 1651//4109 1656//4109 1653//4109
f 1653//4109 1656//4109 1658//4109
f 1695//4110 1696//4110 1697//4110
f 1697//4110 1696//4110 1698//4110
f 1701//4111 1603//4111 1702//4111
f 1702//4111 1603//4111 1605//4111
f 1696//4112 1701//4112 1698//4112
f 1698//4112 1701//4112 1702//4112
f 1711//4113 1706//4113 1712//4113
f 1712//4113 1706//4113 1710//4113
f 1707//4114 1711//4114 1709//4114
f 1709//4114 1711//4114 1712//4114
f 1717//4115 1714//4115 1718//4115
f 1718//4115 1714//4115 1716//4115
f 1706//4116 1717//4116 1710//4116
f 1710//4116 1717//4116 1718//4116
f 1714//4117 1719//4117 1716//4117
f 1716//4117 1719//4117 1720//4117
f 1725//4118 1651//4118 1726//4118
f 1726//4118 1651//4118 1653//4118
f 1722//4119 1725//4119 1724//4119
f 1724//4119 1725//4119 1726//4119
f 1746//4120 1745//4120 1748//4120
f 1748//4120 1745//4120 1747//4120
f 1742//4121 1746//4121 1744//4121
f 1744//4121 1746//4121 1748//4121
f 1741//4122 1742//4122 1743//4122
f 1743//4122 1742//4122 1744//4122
f 1749//4123 1741//4123 1750//4123
f 1750//4123 1741//4123 1743//4123
f 1752//4124 1749//4124 1754//4124
f 1754//4124 1749//4124 1750//4124
f 1751//4125 1752//4125 1753//4125
f 1753//4125 1752//4125 1754//4125
f 1760//4126 1751//4126 1762//4126
f 1762//4126 1751//4126 1753//4126
f 1759//4127 1760//4127 1761//4127
f 1761//4127 1760//4127 1762//4127
f 1756//4128 1759//4128 1758//4128
f 1758//4128 1759//4128 1761//4128
f 1768//4129 1707//4129 1770//4129
f 1770//4129 1707//4129 1709//4129
f 1767//4130 1768//4130 1769//4130
f 1769//4130 1768//4130 1770//4130
f 1774//4131 1773//4131 1776//4131
f 1776//4131 1773//4131 1775//4131
f 1777//4132 1774//4132 1778//4132
f 1778//4132 1774//4132 1776//4132
f 1719//4133 1777//4133 1720//4133
f 1720//4133 1777//4133 1778//4133
f 1781//4134 1780//4134 1783//4134
f 1783//4134 1780//4134 1784//4134
f 1780//4135 1786//4135 1784//4135
f 1784//4135 1786//4135 1788//4135
f 1786//4136 1785//4136 1788//4136
f 1788//4136 1785//4136 1787//4136
f 1793//4137 1756//4137 1794//4137
f 1794//4137 1756//4137 1758//4137
f 1790//4138 1793//4138 1792//4138
f 1792//4138 1793//4138 1794//4138
f 1789//4139 1790//4139 1791//4139
f 1791//4139 1790//4139 1792//4139
f 1796//4140 1789//4140 1798//4140
f 1798//4140 1789//4140 1791//4140
f 1795//4141 1796//4141 1797//4141
f 1797//4141 1796//4141 1798//4141
f 1803//4142 1795//4142 1804//4142
f 1804//4142 1795//4142 1797//4142
f 1800//4143 1803//4143 1802//4143
f 1802//4143 1803//4143 1804//4143
f 1799//4144 1800//4144 1801//4144
f 1801//4144 1800//4144 1802//4144
f 1805//4145 1799//4145 1806//4145
f 1806//4145 1799//4145 1801//4145
f 1773//4146 1805//4146 1775//4146
f 1775//4146 1805//4146 1806//4146
f 1808//4147 1722//4147 1810//4147
f 1810//4147 1722//4147 1724//4147
f 1807//4148 1808//4148 1809//4148
f 1809//4148 1808//4148 1810//4148
f 1813//4149 1807//4149 1814//4149
f 1814//4149 1807//4149 1809//4149
f 1815//4150 1813//4150 1816//4150
f 1816//4150 1813//4150 1814//4150
f 1745//4151 1829//4151 1747//4151
f 1747//4151 1829//4151 1830//4151
f 1833//4152 1781//4152 1834//4152
f 1834//4152 1781//4152 1783//4152
f 1829//4153 1833//4153 1830//4153
f 1830//4153 1833//4153 1834//4153
f 1785//4154 1838//4154 1787//4154
f 1787//4154 1838//4154 1840//4154
f 1841//4155 1844//4155 1842//4155
f 1842//4155 1844//4155 1846//4155
f 1838//4156 1841//4156 1840//4156
f 1840//4156 1841//4156 1842//4156
f 1847//4157 1849//4157 1848//4157
f 1848//4157 1849//4157 1850//4157
f 1844//4158 1847//4158 1846//4158
f 1846//4158 1847//4158 1848//4158
f 1853//4159 1852//4159 1855//4159
f 1855//4159 1852//4159 1856//4159
f 1852//4160 1851//4160 1856//4160
f 1856//4160 1851//4160 1854//4160
f 1861//4161 1815//4161 1862//4161
f 1862//4161 1815//4161 1816//4161
f 1858//4162 1861//4162 1860//4162
f 1860//4162 1861//4162 1862//4162
f 1872//4163 1871//4163 1874//4163
f 1874//4163 1871//4163 1873//4163
f 1868//4164 1872//4164 1870//4164
f 1870//4164 1872//4164 1874//4164
f 1880//4165 1858//4165 1882//4165
f 1882//4165 1858//4165 1860//4165
f 1879//4166 1880//4166 1881//4166
f 1881//4166 1880//4166 1882//4166
f 1884//4167 1879//4167 1886//4167
f 1886//4167 1879//4167 1881//4167
f 1883//4168 1884//4168 1885//4168
f 1885//4168 1884//4168 1886//4168
f 1888//4169 1868//4169 1890//4169
f 1890//4169 1868//4169 1870//4169
f 1887//4170 1888//4170 1889//4170
f 1889//4170 1888//4170 1890//4170
f 1892//4171 1887//4171 1894//4171
f 1894//4171 1887//4171 1889//4171
f 1891//4172 1892//4172 1893//4172
f 1893//4172 1892//4172 1894//4172
f 1899//4173 1891//4173 1900//4173
f 1900//4173 1891//4173 1893//4173
f 1896//4174 1899//4174 1898//4174
f 1898//4174 1899//4174 1900//4174
f 1895//4175 1896//4175 1897//4175
f 1897//4175 1896//4175 1898//4175
f 1907//4176 1895//4176 1908//4176
f 1908//4176 1895//4176 1897//4176
f 1903//4177 1907//4177 1905//4177
f 1905//4177 1907//4177 1908//4177
f 1901//4178 1903//4178 1904//4178
f 1904//4178 1903//4178 1905//4178
f 1913//4179 1901//4179 1914//4179
f 1914//4179 1901//4179 1904//4179
f 1919//4180 1916//4180 1920//4180
f 1920//4180 1916//4180 1918//4180
f 1910//4181 1919//4181 1912//4181
f 1912//4181 1919//4181 1920//4181
f 1909//4182 1910//4182 1911//4182
f 1911//4182 1910//4182 1912//4182
f 1924//4183 1923//4183 1926//4183
f 1926//4183 1923//4183 1925//4183
f 1927//4184 1924//4184 1929//4184
f 1929//4184 1924//4184 1926//4184
f 1921//4185 1928//4185 1922//4185
f 1922//4185 1928//4185 1930//4185
f 1916//4186 1921//4186 1918//4186
f 1918//4186 1921//4186 1922//4186
f 1933//4187 1927//4187 1934//4187
f 1934//4187 1927//4187 1929//4187
f 1931//4188 1933//4188 1932//4188
f 1932//4188 1933//4188 1934//4188
f 1928//4189 1931//4189 1930//4189
f 1930//4189 1931//4189 1932//4189
f 1939//4190 1913//4190 1940//4190
f 1940//4190 1913//4190 1914//4190
f 1941//4191 1939//4191 1942//4191
f 1942//4191 1939//4191 1940//4191
f 1936//4192 1941//4192 1938//4192
f 1938//4192 1941//4192 1942//4192
f 1935//4193 1936//4193 1937//4193
f 1937//4193 1936//4193 1938//4193
f 1943//4194 1935//4194 1944//4194
f 1944//4194 1935//4194 1937//4194
f 1923//4195 1943//4195 1925//4195
f 1925//4195 1943//4195 1944//4195
f 1952//4196 1951//4196 1954//4196
f 1954//4196 1951//4196 1953//4196
f 1947//4197 1952//4197 1949//4197
f 1949//4197 1952//4197 1954//4197
f 1945//4198 1947//4198 1948//4198
f 1948//4198 1947//4198 1949//4198
f 1957//4199 1945//4199 1959//4199
f 1959//4199 1945//4199 1948//4199
f 1955//4200 1957//4200 1958//4200
f 1958//4200 1957//4200 1959//4200
f 1961//4201 1955//4201 1962//4201
f 1962//4201 1955//4201 1958//4201
f 1965//4202 1964//4202 1967//4202
f 1967//4202 1964//4202 1968//4202
f 1963//4203 1965//4203 1966//4203
f 1966//4203 1965//4203 1967//4203
f 1975//4204 1970//4204 1976//4204
f 1976//4204 1970//4204 1974//4204
f 1964//4205 1975//4205 1968//4205
f 1968//4205 1975//4205 1976//4205
f 1971//4206 1963//4206 1973//4206
f 1973//4206 1963//4206 1966//4206
f 1970//4207 1978//4207 1974//4207
f 1974//4207 1978//4207 1980//4207
f 1987//4208 1982//4208 1988//4208
f 1988//4208 1982//4208 1986//4208
f 1978//4209 1987//4209 1980//4209
f 1980//4209 1987//4209 1988//4209
f 2001//4210 2002//4210 2003//4210
f 2003//4210 2002//4210 2004//4210
f 2002//4211 2007//4211 2004//4211
f 2004//4211 2007//4211 2008//4211
f 2011//4212 2010//4212 2013//4212
f 2013//4212 2010//4212 2014//4212
f 2010//4213 2009//4213 2014//4213
f 2014//4213 2009//4213 2012//4213
f 2019//4214 1971//4214 2020//4214
f 2020//4214 1971//4214 1973//4214
f 2016//4215 2019//4215 2018//4215
f 2018//4215 2019//4215 2020//4215
f 2033//4216 2037//4216 2034//4216
f 2034//4216 2037//4216 2038//4216
f 2007//4217 2033//4217 2008//4217
f 2008//4217 2033//4217 2034//4217
f 2039//4218 2042//4218 2040//4218
f 2040//4218 2042//4218 2044//4218
f 2037//4219 2039//4219 2038//4219
f 2038//4219 2039//4219 2040//4219
f 2045//4220 2048//4220 2046//4220
f 2046//4220 2048//4220 2050//4220
f 2042//4221 2045//4221 2044//4221
f 2044//4221 2045//4221 2046//4221
f 2048//4222 2051//4222 2050//4222
f 2050//4222 2051//4222 2052//4222
f 2055//4223 2058//4223 2056//4223
f 2056//4223 2058//4223 2060//4223
f 2051//4224 2055//4224 2052//4224
f 2052//4224 2055//4224 2056//4224
f 2064//4225 2063//4225 2068//4225
f 2068//4225 2063//4225 2066//4225
f 2061//4226 2064//4226 2062//4226
f 2062//4226 2064//4226 2068//4226
f 2058//4227 2061//4227 2060//4227
f 2060//4227 2061//4227 2062//4227
f 2069//4228 2072//4228 2070//4228
f 2070//4228 2072//4228 2074//4228
f 2063//4229 2069//4229 2066//4229
f 2066//4229 2069//4229 2070//4229
f 2076//4230 2075//4230 2078//4230
f 2078//4230 2075//4230 2077//4230
f 2009//4231 2076//4231 2012//4231
f 2012//4231 2076//4231 2078//4231
f 2072//4232 2011//4232 2074//4232
f 2074//4232 2011//4232 2013//4232
f 2083//4233 2016//4233 2084//4233
f 2084//4233 2016//4233 2018//4233
f 2080//4234 2083//4234 2082//4234
f 2082//4234 2083//4234 2084//4234
f 2099//4235 2100//4235 2101//4235
f 2101//4235 2100//4235 2102//4235
f 2107//4236 2099//4236 2108//4236
f 2108//4236 2099//4236 2101//4236
f 2104//4237 2107//4237 2106//4237
f 2106//4237 2107//4237 2108//4237
f 2103//4238 2104//4238 2105//4238
f 2105//4238 2104//4238 2106//4238
f 2109//4239 2103//4239 2110//4239
f 2110//4239 2103//4239 2105//4239
f 2115//4240 2109//4240 2116//4240
f 2116//4240 2109//4240 2110//4240
f 2112//4241 2115//4241 2114//4241
f 2114//4241 2115//4241 2116//4241
f 2111//4242 2112//4242 2113//4242
f 2113//4242 2112//4242 2114//4242
f 2121//4243 2111//4243 2122//4243
f 2122//4243 2111//4243 2113//4243
f 2118//4244 2121//4244 2120//4244
f 2120//4244 2121//4244 2122//4244
f 2117//4245 2118//4245 2119//4245
f 2119//4245 2118//4245 2120//4245
f 2124//4246 2117//4246 2126//4246
f 2126//4246 2117//4246 2119//4246
f 2123//4247 2124//4247 2125//4247
f 2125//4247 2124//4247 2126//4247
f 2075//4248 2123//4248 2077//4248
f 2077//4248 2123//4248 2125//4248
f 2128//4249 2080//4249 2130//4249
f 2130//4249 2080//4249 2082//4249
f 2127//4250 2128//4250 2129//4250
f 2129//4250 2128//4250 2130//4250
f 2132//4251 2127//4251 2134//4251
f 2134//4251 2127//4251 2129//4251
f 2131//4252 2132//4252 2133//4252
f 2133//4252 2132//4252 2134//4252
f 2136//4253 2131//4253 2138//4253
f 2138//4253 2131//4253 2133//4253
f 2148//4254 2151//4254 2150//4254
f 2150//4254 2151//4254 2152//4254
f 2147//4255 2148//4255 2149//4255
f 2149//4255 2148//4255 2150//4255
f 2153//4256 2147//4256 2154//4256
f 2154//4256 2147//4256 2149//4256
f 2100//4257 2153//4257 2102//4257
f 2102//4257 2153//4257 2154//4257
f 2157//4258 2156//4258 2159//4258
f 2159//4258 2156//4258 2160//4258
f 2156//4259 2155//4259 2160//4259
f 2160//4259 2155//4259 2158//4259
f 2162//4260 2136//4260 2164//4260
f 2164//4260 2136//4260 2138//4260
f 2161//4261 2162//4261 2163//4261
f 2163//4261 2162//4261 2164//4261
f 2169//4262 2161//4262 2171//4262
f 2171//4262 2161//4262 2163//4262
f 2170//4263 2169//4263 2172//4263
f 2172//4263 2169//4263 2171//4263
f 2166//4264 2170//4264 2168//4264
f 2168//4264 2170//4264 2172//4264
f 2165//4265 2166//4265 2167//4265
f 2167//4265 2166//4265 2168//4265
f 2174//4266 2165//4266 2176//4266
f 2176//4266 2165//4266 2167//4266
f 2173//4267 2174//4267 2175//4267
f 2175//4267 2174//4267 2176//4267
f 2181//4268 2173//4268 2182//4268
f 2182//4268 2173//4268 2175//4268
f 2183//112 2181//112 2184//112
f 2184//112 2181//112 2182//112
f 2178//4269 2183//4269 2180//4269
f 2180//4269 2183//4269 2184//4269
f 2190//4270 2189//4270 2192//4270
f 2192//4270 2189//4270 2191//4270
f 2186//4271 2190//4271 2188//4271
f 2188//4271 2190//4271 2192//4271
f 2193//4272 2197//4272 2194//4272
f 2194//4272 2197//4272 2198//4272
f 2151//4273 2193//4273 2152//4273
f 2152//4273 2193//4273 2194//4273
f 2200//4274 2199//4274 2202//4274
f 2202//4274 2199//4274 2201//4274
f 2155//4275 2200//4275 2158//4275
f 2158//4275 2200//4275 2202//4275
f 2197//4276 2157//4276 2198//4276
f 2198//4276 2157//4276 2159//4276
f 2204//4277 2178//4277 2206//4277
f 2206//4277 2178//4277 2180//4277
f 2203//4278 2204//4278 2205//4278
f 2205//4278 2204//4278 2206//4278
f 2189//4279 2203//4279 2191//4279
f 2191//4279 2203//4279 2205//4279
f 2209//4280 2208//4280 2211//4280
f 2211//4280 2208//4280 2212//4280
f 2207//4281 2209//4281 2210//4281
f 2210//4281 2209//4281 2211//4281
f 2208//4282 2214//4282 2212//4282
f 2212//4282 2214//4282 2218//4282
f 2215//4283 2207//4283 2217//4283
f 2217//4283 2207//4283 2210//4283
f 2221//4284 2186//4284 2222//4284
f 2222//4284 2186//4284 2188//4284
f 2214//4285 2221//4285 2218//4285
f 2218//4285 2221//4285 2222//4285
f 2229//4286 2224//4286 2230//4286
f 2230//4286 2224//4286 2228//4286
f 2225//4287 2229//4287 2227//4287
f 2227//4287 2229//4287 2230//4287
f 2235//4288 2215//4288 2236//4288
f 2236//4288 2215//4288 2217//4288
f 2224//4289 2235//4289 2228//4289
f 2228//4289 2235//4289 2236//4289
f 2232//4290 2237//4290 2234//4290
f 2234//4290 2237//4290 2238//4290
f 2231//4291 2232//4291 2233//4291
f 2233//4291 2232//4291 2234//4291
f 2240//4292 2231//4292 2242//4292
f 2242//4292 2231//4292 2233//4292
f 2247//4293 2248//4293 2249//4293
f 2249//4293 2248//4293 2250//4293
f 2256//4294 2255//4294 2258//4294
f 2258//4294 2255//4294 2257//4294
f 2253//4295 2256//4295 2254//4295
f 2254//4295 2256//4295 2258//4295
f 2248//4296 2253//4296 2250//4296
f 2250//4296 2253//4296 2254//4296
f 2259//4297 2225//4297 2260//4297
f 2260//4297 2225//4297 2227//4297
f 2261//4298 2259//4298 2262//4298
f 2262//4298 2259//4298 2260//4298
f 2237//4299 2261//4299 2238//4299
f 2238//4299 2261//4299 2262//4299
f 2265//4300 2269//4300 2267//4300
f 2267//4300 2269//4300 2270//4300
f 2263//4301 2265//4301 2266//4301
f 2266//4301 2265//4301 2267//4301
f 2277//4302 2263//4302 2278//4302
f 2278//4302 2263//4302 2266//4302
f 2271//4303 2273//4303 2274//4303
f 2274//4303 2273//4303 2275//4303
f 2281//4304 2271//4304 2283//4304
f 2283//4304 2271//4304 2274//4304
f 2279//4305 2281//4305 2282//4305
f 2282//4305 2281//4305 2283//4305
f 2291//4306 2279//4306 2292//4306
f 2292//4306 2279//4306 2282//4306
f 2287//4307 2291//4307 2289//4307
f 2289//4307 2291//4307 2292//4307
f 2293//4308 2294//4308 2295//4308
f 2295//4308 2294//4308 2296//4308
f 2302//4309 2301//4309 2304//4309
f 2304//4309 2301//4309 2303//4309
f 2299//4310 2302//4310 2300//4310
f 2300//4310 2302//4310 2304//4310
f 2294//4311 2299//4311 2296//4311
f 2296//4311 2299//4311 2300//4311
f 2307//4312 2306//4312 2309//4312
f 2309//4312 2306//4312 2310//4312
f 2306//4313 2305//4313 2310//4313
f 2310//4313 2305//4313 2308//4313
f 2317//4314 2312//4314 2318//4314
f 2318//4314 2312//4314 2316//4314
f 2313//4315 2317//4315 2315//4315
f 2315//4315 2317//4315 2318//4315
f 2312//4316 2319//4316 2316//4316
f 2316//4316 2319//4316 2320//4316
f 2321//4317 2277//4317 2322//4317
f 2322//4317 2277//4317 2278//4317
f 2273//4318 2321//4318 2275//4318
f 2275//4318 2321//4318 2322//4318
f 2325//4319 2307//4319 2327//4319
f 2327//4319 2307//4319 2309//4319
f 2326//4320 2325//4320 2328//4320
f 2328//4320 2325//4320 2327//4320
f 2323//4321 2329//4321 2324//4321
f 2324//4321 2329//4321 2331//4321
f 2305//4322 2323//4322 2308//4322
f 2308//4322 2323//4322 2324//4322
f 2329//4323 2287//4323 2331//4323
f 2331//4323 2287//4323 2289//4323
f 2338//4324 2337//4324 2340//4324
f 2340//4324 2337//4324 2339//4324
f 2301//4325 2338//4325 2303//4325
f 2303//4325 2338//4325 2340//4325
f 2344//4326 2313//4326 2346//4326
f 2346//4326 2313//4326 2315//4326
f 2343//4327 2344//4327 2345//4327
f 2345//4327 2344//4327 2346//4327
f 2351//4328 2349//4328 2352//4328
f 2352//4328 2349//4328 2350//4328
f 2347//4329 2351//4329 2348//4329
f 2348//4329 2351//4329 2352//4329
f 2319//4330 2347//4330 2320//4330
f 2320//4330 2347//4330 2348//4330
f 2357//4331 2326//4331 2358//4331
f 2358//4331 2326//4331 2328//4331
f 2354//4332 2357//4332 2356//4332
f 2356//4332 2357//4332 2358//4332
f 2353//4333 2354//4333 2355//4333
f 2355//4333 2354//4333 2356//4333
f 2361//4334 2365//4334 2363//4334
f 2363//4334 2365//4334 2366//4334
f 2359//4335 2361//4335 2362//4335
f 2362//4335 2361//4335 2363//4335
f 2368//4336 2359//4336 2370//4336
f 2370//4336 2359//4336 2362//4336
f 2367//4337 2368//4337 2369//4337
f 2369//4337 2368//4337 2370//4337
f 1537//4338 2371//4338 1539//4338
f 1539//4338 2371//4338 2372//4338
f 2375//4339 1533//4339 2376//4339
f 2376//4339 1533//4339 1535//4339
f 2373//4340 2375//4340 2374//4340
f 2374//4340 2375//4340 2376//4340
f 1655//4341 2377//4341 1657//4341
f 1657//4341 2377//4341 2378//4341
f 2379//4342 2373//4342 2380//4342
f 2380//4342 2373//4342 2374//4342
f 2377//4343 2379//4343 2378//4343
f 2378//4343 2379//4343 2380//4343
f 2383//4344 1333//4344 2384//4344
f 2384//4344 1333//4344 1335//4344
f 2381//4345 2383//4345 2382//4345
f 2382//4345 2383//4345 2384//4345
f 2391//4346 2386//4346 2392//4346
f 2392//4346 2386//4346 2390//4346
f 2387//4347 2391//4347 2389//4347
f 2389//4347 2391//4347 2392//4347
f 2395//4348 2381//4348 2396//4348
f 2396//4348 2381//4348 2382//4348
f 2386//4349 2395//4349 2390//4349
f 2390//4349 2395//4349 2396//4349
f 2410//4350 2409//4350 2412//4350
f 2412//4350 2409//4350 2411//4350
f 2415//4351 2410//4351 2417//4351
f 2417//4351 2410//4351 2412//4351
f 2413//4352 2415//4352 2416//4352
f 2416//4352 2415//4352 2417//4352
f 2407//4353 2414//4353 2408//4353
f 2408//4353 2414//4353 2418//4353
f 1355//4354 2407//4354 1356//4354
f 1356//4354 2407//4354 2408//4354
f 2419//4355 2413//4355 2420//4355
f 2420//4355 2413//4355 2416//4355
f 2414//4356 2419//4356 2418//4356
f 2418//4356 2419//4356 2420//4356
f 2371//4357 2387//4357 2372//4357
f 2372//4357 2387//4357 2389//4357
f 2423//4358 1883//4358 2424//4358
f 2424//4358 1883//4358 1885//4358
f 1982//4359 2423//4359 1986//4359
f 1986//4359 2423//4359 2424//4359
f 2426//4360 2425//4360 2428//4360
f 2428//4360 2425//4360 2427//4360
f 2421//4361 2426//4361 2422//4361
f 2422//4361 2426//4361 2428//4361
f 1871//4362 2421//4362 1873//4362
f 1873//4362 2421//4362 2422//4362
f 2429//4363 2431//4363 2430//4363
f 2430//4363 2431//4363 2432//4363
f 2425//4364 2429//4364 2427//4364
f 2427//4364 2429//4364 2430//4364
f 2433//4365 2435//4365 2434//4365
f 2434//4365 2435//4365 2436//4365
f 2431//4366 2433//4366 2432//4366
f 2432//4366 2433//4366 2434//4366
f 2435//4367 2437//4367 2436//4367
f 2436//4367 2437//4367 2438//4367
f 2439//4368 2001//4368 2440//4368
f 2440//4368 2001//4368 2003//4368
f 2437//4369 2439//4369 2438//4369
f 2438//4369 2439//4369 2440//4369
f 2444//4370 2443//4370 2446//4370
f 2446//4370 2443//4370 2445//4370
f 2441//4371 2444//4371 2442//4371
f 2442//4371 2444//4371 2446//4371
f 2447//4372 2441//4372 2448//4372
f 2448//4372 2441//4372 2442//4372
f 2453//4373 2447//4373 2454//4373
f 2454//4373 2447//4373 2448//4373
f 2450//4374 2453//4374 2452//4374
f 2452//4374 2453//4374 2454//4374
f 2449//4375 2450//4375 2451//4375
f 2451//4375 2450//4375 2452//4375
f 2443//4376 1909//4376 2445//4376
f 2445//4376 1909//4376 1911//4376
f 2457//4377 2240//4377 2458//4377
f 2458//4377 2240//4377 2242//4377
f 2455//4378 2457//4378 2456//4378
f 2456//4378 2457//4378 2458//4378
f 2465//4379 2460//4379 2466//4379
f 2466//4379 2460//4379 2464//4379
f 2460//4380 2459//4380 2464//4380
f 2464//4380 2459//4380 2462//4380
f 2469//4381 2455//4381 2470//4381
f 2470//4381 2455//4381 2456//4381
f 2467//4382 2469//4382 2468//4382
f 2468//4382 2469//4382 2470//4382
f 2459//4383 2467//4383 2462//4383
f 2462//4383 2467//4383 2468//4383
f 2255//4384 2475//4384 2257//4384
f 2257//4384 2475//4384 2476//4384
f 2479//4385 2481//4385 2480//4385
f 2480//4385 2481//4385 2482//4385
f 2475//4386 2479//4386 2476//4386
f 2476//4386 2479//4386 2480//4386
f 2483//4387 2465//4387 2484//4387
f 2484//4387 2465//4387 2466//4387
f 2487//4388 2486//4388 2489//4388
f 2489//4388 2486//4388 2490//4388
f 2485//4389 2487//4389 2488//4389
f 2488//4389 2487//4389 2489//4389
f 2491//4390 2483//4390 2493//4390
f 2493//4390 2483//4390 2484//4390
f 2492//4391 2491//4391 2494//4391
f 2494//4391 2491//4391 2493//4391
f 2486//4392 2492//4392 2490//4392
f 2490//4392 2492//4392 2494//4392
f 2495//4393 2485//4393 2496//4393
f 2496//4393 2485//4393 2488//4393
f 2269//4394 2495//4394 2270//4394
f 2270//4394 2495//4394 2496//4394
f 2500//4395 2499//4395 2502//4395
f 2502//4395 2499//4395 2501//4395
f 2497//4396 2500//4396 2498//4396
f 2498//4396 2500//4396 2502//4396
f 2481//4397 2497//4397 2482//4397
f 2482//4397 2497//4397 2498//4397
f 2499//4398 2293//4398 2501//4398
f 2501//4398 2293//4398 2295//4398
f 2506//4399 2505//4399 2508//4399
f 2508//4399 2505//4399 2507//4399
f 2503//4400 2506//4400 2504//4400
f 2504//4400 2506//4400 2508//4400
f 2509//4401 2503//4401 2510//4401
f 2510//4401 2503//4401 2504//4401
f 2199//4402 2509//4402 2201//4402
f 2201//4402 2509//4402 2510//4402
f 2505//4403 2247//4403 2507//4403
f 2507//4403 2247//4403 2249//4403
f 2512//4404 2511//4404 2514//4404
f 2514//4404 2511//4404 2513//4404
f 2516//4405 2512//4405 2518//4405
f 2518//4405 2512//4405 2514//4405
f 2515//4406 2516//4406 2517//4406
f 2517//4406 2516//4406 2518//4406
f 2520//4407 2515//4407 2522//4407
f 2522//4407 2515//4407 2517//4407
f 2519//4408 2520//4408 2521//4408
f 2521//4408 2520//4408 2522//4408
f 2523//4409 2519//4409 2524//4409
f 2524//4409 2519//4409 2521//4409
f 1581//4410 2523//4410 1582//4410
f 1582//4410 2523//4410 2524//4410
f 2511//4411 2525//4411 2513//4411
f 2513//4411 2525//4411 2526//4411
f 2525//4412 1695//4412 2526//4412
f 2526//4412 1695//4412 1697//4412
f 2529//4413 1569//4413 2530//4413
f 2530//4413 1569//4413 1571//4413
f 1517//4414 2529//4414 1519//4414
f 1519//4414 2529//4414 2530//4414
f 2409//4415 2527//4415 2411//4415
f 2411//4415 2527//4415 2528//4415
f 2527//4416 2531//4416 2528//4416
f 2528//4416 2531//4416 2532//4416
f 2531//4417 1527//4417 2532//4417
f 2532//4417 1527//4417 1529//4417
f 2535//4418 1431//4418 2536//4418
f 2536//4418 1431//4418 1433//4418
f 2533//4419 2535//4419 2534//4419
f 2534//4419 2535//4419 2536//4419
f 1445//4420 2537//4420 1446//4420
f 1446//4420 2537//4420 2538//4420
f 2541//4421 2449//4421 2542//4421
f 2542//4421 2449//4421 2451//4421
f 2539//4422 2541//4422 2540//4422
f 2540//4422 2541//4422 2542//4422
f 1951//4423 2544//4423 1953//4423
f 1953//4423 2544//4423 2546//4423
f 2544//4424 2543//4424 2546//4424
f 2546//4424 2543//4424 2545//4424
f 2549//4425 2539//4425 2550//4425
f 2550//4425 2539//4425 2540//4425
f 2547//4426 2549//4426 2548//4426
f 2548//4426 2549//4426 2550//4426
f 2543//4427 2547//4427 2545//4427
f 2545//4427 2547//4427 2548//4427
f 2553//4428 1961//4428 2555//4428
f 2555//4428 1961//4428 1962//4428
f 2554//4429 2553//4429 2556//4429
f 2556//4429 2553//4429 2555//4429
f 2551//4430 2557//4430 2552//4430
f 2552//4430 2557//4430 2558//4430
f 1849//4431 2551//4431 1850//4431
f 1850//4431 2551//4431 2552//4431
f 2563//4432 2554//4432 2565//4432
f 2565//4432 2554//4432 2556//4432
f 2561//4433 2563//4433 2564//4433
f 2564//4433 2563//4433 2565//4433
f 2559//4434 2562//4434 2560//4434
f 2560//4434 2562//4434 2566//4434
f 2557//4435 2559//4435 2558//4435
f 2558//4435 2559//4435 2560//4435
f 2567//4436 2561//4436 2568//4436
f 2568//4436 2561//4436 2564//4436
f 1851//4437 2567//4437 1854//4437
f 1854//4437 2567//4437 2568//4437
f 2562//4438 1853//4438 2566//4438
f 2566//4438 1853//4438 1855//4438
f 2571//4439 2533//4439 2572//4439
f 2572//4439 2533//4439 2534//4439
f 2537//4440 2571//4440 2538//4440
f 2538//4440 2571//4440 2572//4440
f 1437//4441 2569//4441 1438//4441
f 1438//4441 2569//4441 2570//4441
f 2573//4442 1379//4442 2574//4442
f 2574//4442 1379//4442 1381//4442
f 2579//4443 2573//4443 2580//4443
f 2580//4443 2573//4443 2574//4443
f 2577//4444 2579//4444 2578//4444
f 2578//4444 2579//4444 2580//4444
f 2569//4445 2577//4445 2570//4445
f 2570//4445 2577//4445 2578//4445
f 2584//4446 2587//4446 2586//4446
f 2586//4446 2587//4446 2588//4446
f 2583//4447 2584//4447 2585//4447
f 2585//4447 2584//4447 2586//4447
f 1403//4448 2583//4448 1404//4448
f 1404//4448 2583//4448 2585//4448
f 2592//4449 2591//4449 2594//4449
f 2594//4449 2591//4449 2593//4449
f 2589//4450 2592//4450 2590//4450
f 2590//4450 2592//4450 2594//4450
f 2596//4451 2589//4451 2598//4451
f 2598//4451 2589//4451 2590//4451
f 2595//4452 2596//4452 2597//4452
f 2597//4452 2596//4452 2598//4452
f 2601//4453 2595//4453 2602//4453
f 2602//4453 2595//4453 2597//4453
f 2599//4454 2601//4454 2600//4454
f 2600//4454 2601//4454 2602//4454
f 2587//4455 2599//4455 2588//4455
f 2588//4455 2599//4455 2600//4455
f 2591//4456 1467//4456 2593//4456
f 2593//4456 1467//4456 1469//4456
f 2605//4457 2353//4457 2606//4457
f 2606//4457 2353//4457 2355//4457
f 2607//4458 2605//4458 2608//4458
f 2608//4458 2605//4458 2606//4458
f 2603//4459 2607//4459 2604//4459
f 2604//4459 2607//4459 2608//4459
f 2611//4460 2609//4460 2612//4460
f 2612//4460 2609//4460 2610//4460
f 2365//4461 2611//4461 2366//4461
f 2366//4461 2611//4461 2612//4461
f 2617//4462 2615//4462 2618//4462
f 2618//4462 2615//4462 2616//4462
f 2613//4463 2617//4463 2614//4463
f 2614//4463 2617//4463 2618//4463
f 1617//4464 2613//4464 1618//4464
f 1618//4464 2613//4464 2614//4464
f 2615//4465 1767//4465 2616//4465
f 2616//4465 1767//4465 1769//4465
f 2620//4466 2603//4466 2622//4466
f 2622//4466 2603//4466 2604//4466
f 2619//4467 2620//4467 2621//4467
f 2621//4467 2620//4467 2622//4467
f 2609//4468 2624//4468 2610//4468
f 2610//4468 2624//4468 2628//4468
f 2625//4469 2367//4469 2627//4469
f 2627//4469 2367//4469 2369//4469
f 2623//4470 2625//4470 2626//4470
f 2626//4470 2625//4470 2627//4470
f 2631//4471 2619//4471 2632//4471
f 2632//4471 2619//4471 2621//4471
f 2624//4472 2631//4472 2628//4472
f 2628//4472 2631//4472 2632//4472
f 2633//4473 2623//4473 2635//4473
f 2635//4473 2623//4473 2626//4473
f 2634//4474 2633//4474 2636//4474
f 2636//4474 2633//4474 2635//4474
f 2629//4475 2343//4475 2630//4475
f 2630//4475 2343//4475 2345//4475
f 2337//4476 2629//4476 2339//4476
f 2339//4476 2629//4476 2630//4476
f 2637//4477 2634//4477 2638//4477
f 2638//4477 2634//4477 2636//4477
f 2639//4478 2637//4478 2640//4478
f 2640//4478 2637//4478 2638//4478
f 2349//4479 2639//4479 2350//4479
f 2350//4479 2639//4479 2640//4479
f 2645//4480 2643//4480 2646//4480
f 2646//4480 2643//4480 2644//4480
f 2641//4481 2645//4481 2642//4481
f 2642//4481 2645//4481 2646//4481
f 637//4482 2641//4482 638//4482
f 638//4482 2641//4482 2642//4482
f 2651//4483 2648//4483 2652//4483
f 2652//4483 2648//4483 2650//4483
f 2643//4484 2651//4484 2644//4484
f 2644//4484 2651//4484 2652//4484
f 2647//4485 701//4485 2649//4485
f 2649//4485 701//4485 703//4485
f 2648//4486 654//4486 2650//4486
f 2650//4486 654//4486 656//4486
f 2655//4487 2647//4487 2656//4487
f 2656//4487 2647//4487 2649//4487
f 2653//4488 2655//4488 2654//4488
f 2654//4488 2655//4488 2656//4488
f 649//4489 2653//4489 651//4489
f 651//4489 2653//4489 2654//4489
f 2660//4490 2659//4490 2662//4490
f 2662//4490 2659//4490 2661//4490
f 2663//4491 2660//4491 2665//4491
f 2665//4491 2660//4491 2662//4491
f 2667//4492 2664//4492 2668//4492
f 2668//4492 2664//4492 2666//4492
f 2657//4493 2667//4493 2658//4493
f 2658//4493 2667//4493 2668//4493
f 985//4494 2657//4494 987//4494
f 987//4494 2657//4494 2658//4494
f 2669//4495 2663//4495 2670//4495
f 2670//4495 2663//4495 2665//4495
f 2664//4496 2669//4496 2666//4496
f 2666//4496 2669//4496 2670//4496
f 2674//4497 2673//4497 2676//4497
f 2676//4497 2673//4497 2675//4497
f 2659//4498 2674//4498 2661//4498
f 2661//4498 2674//4498 2676//4498
f 2671//4499 1043//4499 2672//4499
f 2672//4499 1043//4499 1045//4499
f 2677//4500 2671//4500 2678//4500
f 2678//4500 2671//4500 2672//4500
f 2673//4501 2677//4501 2675//4501
f 2675//4501 2677//4501 2678//4501
f 2682//4502 2681//4502 2684//4502
f 2684//4502 2681//4502 2683//4502
f 2687//4503 2682//4503 2688//4503
f 2688//4503 2682//4503 2684//4503
f 2685//4504 2687//4504 2686//4504
f 2686//4504 2687//4504 2688//4504
f 2679//4505 2685//4505 2680//4505
f 2680//4505 2685//4505 2686//4505
f 1089//4506 2679//4506 1090//4506
f 1090//4506 2679//4506 2680//4506
f 2691//4507 2689//4507 2692//4507
f 2692//4507 2689//4507 2690//4507
f 2681//4508 2691//4508 2683//4508
f 2683//4508 2691//4508 2692//4508
f 2689//4509 2693//4509 2690//4509
f 2690//4509 2693//4509 2695//4509
f 2694//4510 2697//4510 2696//4510
f 2696//4510 2697//4510 2698//4510
f 2693//4511 2694//4511 2695//4511
f 2695//4511 2694//4511 2696//4511
f 2701//4512 1183//4512 2702//4512
f 2702//4512 1183//4512 1185//4512
f 2699//4513 2701//4513 2700//4513
f 2700//4513 2701//4513 2702//4513
f 2697//4514 2699//4514 2698//4514
f 2698//4514 2699//4514 2700//4514
f 2708//4515 2707//4515 2710//4515
f 2710//4515 2707//4515 2709//4515
f 2703//4516 2708//4516 2704//4516
f 2704//4516 2708//4516 2710//4516
f 2712//4517 2703//4517 2714//4517
f 2714//4517 2703//4517 2704//4517
f 2711//4518 2712//4518 2713//4518
f 2713//4518 2712//4518 2714//4518
f 2715//4519 2711//4519 2716//4519
f 2716//4519 2711//4519 2713//4519
f 1179//4520 2715//4520 1181//4520
f 1181//4520 2715//4520 2716//4520
f 2717//4521 2719//4521 2718//4521
f 2718//4521 2719//4521 2721//4521
f 2707//4522 2717//4522 2709//4522
f 2709//4522 2717//4522 2718//4522
f 2726//4523 2725//4523 2728//4523
f 2728//4523 2725//4523 2727//4523
f 2723//4524 2726//4524 2724//4524
f 2724//4524 2726//4524 2728//4524
f 2719//4525 2723//4525 2721//4525
f 2721//4525 2723//4525 2724//4525
f 2731//4526 1271//4526 2732//4526
f 2732//4526 1271//4526 1272//4526
f 2729//4527 2731//4527 2730//4527
f 2730//4527 2731//4527 2732//4527
f 1279//4528 2733//4528 1281//4528
f 1281//4528 2733//4528 2734//4528
f 2739//4529 2729//4529 2740//4529
f 2740//4529 2729//4529 2730//4529
f 2733//4530 2739//4530 2734//4530
f 2734//4530 2739//4530 2740//4530
f 2741//4531 1283//4531 2742//4531
f 2742//4531 1283//4531 1284//4531
f 2736//4532 2741//4532 2738//4532
f 2738//4532 2741//4532 2742//4532
f 2735//4533 2736//4533 2737//4533
f 2737//4533 2736//4533 2738//4533
f 2725//4534 2735//4534 2727//4534
f 2727//4534 2735//4534 2737//4534
f 2745//4535 633//4535 2746//4535
f 2746//4535 633//4535 635//4535
f 2747//4536 2745//4536 2749//4536
f 2749//4536 2745//4536 2746//4536
f 2748//4537 2747//4537 2750//4537
f 2750//4537 2747//4537 2749//4537
f 2752//4538 2751//4538 2754//4538
f 2754//4538 2751//4538 2753//4538
f 2743//4539 2752//4539 2744//4539
f 2744//4539 2752//4539 2754//4539
f 2757//4540 2743//4540 2758//4540
f 2758//4540 2743//4540 2744//4540
f 2755//4541 2757//4541 2756//4541
f 2756//4541 2757//4541 2758//4541
f 615//4542 2755//4542 616//4542
f 616//4542 2755//4542 2756//4542
f 2759//4543 2748//4543 2760//4543
f 2760//4543 2748//4543 2750//4543
f 2751//4544 2759//4544 2753//4544
f 2753//4544 2759//4544 2760//4544
f 912//4545 2762//4545 914//4545
f 914//4545 2762//4545 2766//4545
f 2771//4546 2767//4546 2772//4546
f 2772//4546 2767//4546 2768//4546
f 2769//4547 2771//4547 2770//4547
f 2770//4547 2771//4547 2772//4547
f 2763//4548 2769//4548 2765//4548
f 2765//4548 2769//4548 2770//4548
f 2762//4549 2761//4549 2766//4549
f 2766//4549 2761//4549 2764//4549
f 2773//4550 2763//4550 2774//4550
f 2774//4550 2763//4550 2765//4550
f 2761//4551 2773//4551 2764//4551
f 2764//4551 2773//4551 2774//4551
f 2767//4552 2775//4552 2768//4552
f 2768//4552 2775//4552 2776//4552
f 2775//4553 951//4553 2776//4553
f 2776//4553 951//4553 952//4553
f 2779//4554 2777//4554 2780//4554
f 2780//4554 2777//4554 2778//4554
f 1411//4555 2779//4555 1412//4555
f 1412//4555 2779//4555 2780//4555
f 2783//4556 2782//4556 2785//4556
f 2785//4556 2782//4556 2786//4556
f 2782//4557 2781//4557 2786//4557
f 2786//4557 2781//4557 2784//4557
f 2777//4558 2787//4558 2778//4558
f 2778//4558 2787//4558 2789//4558
f 2788//4559 2791//4559 2790//4559
f 2790//4559 2791//4559 2792//4559
f 2787//4560 2788//4560 2789//4560
f 2789//4560 2788//4560 2790//4560
f 2797//4561 2794//4561 2799//4561
f 2799//4561 2794//4561 2796//4561
f 2798//4562 2797//4562 2800//4562
f 2800//4562 2797//4562 2799//4562
f 2781//4563 2798//4563 2784//4563
f 2784//4563 2798//4563 2800//4563
f 2801//4564 2783//4564 2802//4564
f 2802//4564 2783//4564 2785//4564
f 2791//4565 2801//4565 2792//4565
f 2792//4565 2801//4565 2802//4565
f 2803//4044 1424//4044 2804//4044
f 2804//4044 1424//4044 1428//4044
f 1365//4566 2803//4566 1367//4566
f 1367//4566 2803//4566 2804//4566
f 2794//4567 2793//4567 2796//4567
f 2796//4567 2793//4567 2795//4567
f 2807//4568 1369//4568 2808//4568
f 2808//4568 1369//4568 1371//4568
f 2805//4569 2809//4569 2806//4569
f 2806//4569 2809//4569 2810//4569
f 2793//4570 2805//4570 2795//4570
f 2795//4570 2805//4570 2806//4570
f 2811//4571 2807//4571 2812//4571
f 2812//4571 2807//4571 2808//4571
f 2809//4572 2811//4572 2810//4572
f 2810//4572 2811//4572 2812//4572
f 2813//4573 2814//4573 2815//4573
f 2816//4574 2817//4574 2818//4574
f 2819//4575 2815//4575 2814//4575
f 2820//4576 2818//4576 2817//4576
f 2821//4577 2814//4577 2822//4577
f 2823//4578 2824//4578 2818//4578
f 2813//4579 2822//4579 2814//4579
f 2816//4580 2818//4580 2824//4580
f 2815//4581 2825//4581 2813//4581
f 2817//4582 2816//4582 2826//4582
f 2827//4583 2828//4583 2829//4583
f 2830//4584 2831//4584 2832//4584
f 2825//4585 2829//4585 2813//4585
f 2826//4586 2816//4586 2831//4586
f 2828//4587 2813//4587 2829//4587
f 2832//4588 2831//4588 2816//4588
f 2822//4589 2813//4589 2833//4589
f 2824//4590 2834//4590 2816//4590
f 2828//4591 2835//4591 2813//4591
f 2832//4592 2816//4592 2836//4592
f 2837//4593 2833//4593 2835//4593
f 2838//4594 2836//4594 2834//4594
f 2813//4595 2835//4595 2833//4595
f 2816//4596 2834//4596 2836//4596
f 2837//4597 2835//4597 2839//4597
f 2838//4598 2840//4598 2836//4598
f 2841//4599 2839//4599 2835//4599
f 2842//4600 2836//4600 2840//4600
f 2843//4601 2844//4601 2845//4601
f 2846//4602 2847//4602 2848//4602
f 2828//4603 2827//4603 2849//4603
f 2832//4604 2850//4604 2830//4604
f 2851//4605 2844//4605 2852//4605
f 2853//4606 2854//4606 2848//4606
f 2843//4607 2849//4607 2844//4607
f 2846//4608 2848//4608 2850//4608
f 2827//4609 2852//4609 2849//4609
f 2830//4610 2850//4610 2854//4610
f 2844//4611 2849//4611 2852//4611
f 2848//4612 2854//4612 2850//4612
f 2855//4613 2835//4613 2849//4613
f 2856//4614 2850//4614 2836//4614
f 2828//4615 2849//4615 2835//4615
f 2832//4616 2836//4616 2850//4616
f 2841//4617 2835//4617 2857//4617
f 2842//4618 2858//4618 2836//4618
f 2855//4619 2859//4619 2835//4619
f 2856//4620 2836//4620 2860//4620
f 2861//4621 2862//4621 2863//4621
f 2864//4622 2865//4622 2866//4622
f 2835//4623 2859//4623 2857//4623
f 2836//4624 2858//4624 2860//4624
f 2862//4625 2857//4625 2863//4625
f 2866//4626 2865//4626 2858//4626
f 2859//4627 2863//4627 2857//4627
f 2860//4628 2858//4628 2865//4628
f 2867//4629 2843//4629 2868//4629
f 2869//4630 2870//4630 2846//4630
f 2845//4631 2871//4631 2843//4631
f 2847//4632 2846//4632 2872//4632
f 2873//4633 2874//4633 2871//4633
f 2875//4634 2872//4634 2876//4634
f 2868//4635 2843//4635 2874//4635
f 2870//4636 2876//4636 2846//4636
f 2871//4637 2874//4637 2843//4637
f 2872//4638 2846//4638 2876//4638
f 2877//4639 2849//4639 2867//4639
f 2878//4640 2869//4640 2850//4640
f 2843//4641 2867//4641 2849//4641
f 2846//4642 2850//4642 2869//4642
f 2879//4643 2855//4643 2877//4643
f 2880//4644 2878//4644 2856//4644
f 2849//4645 2877//4645 2855//4645
f 2850//4646 2856//4646 2878//4646
f 2859//4647 2855//4647 2881//4647
f 2860//4648 2882//4648 2856//4648
f 2879//4649 2883//4649 2855//4649
f 2880//4650 2856//4650 2884//4650
f 2885//4651 2881//4651 2883//4651
f 2886//4652 2884//4652 2882//4652
f 2855//4653 2883//4653 2881//4653
f 2856//4654 2882//4654 2884//4654
f 2887//4655 2867//4655 2888//4655
f 2889//4656 2890//4656 2869//4656
f 2868//4657 2891//4657 2867//4657
f 2870//4658 2869//4658 2892//4658
f 2893//4659 2888//4659 2891//4659
f 2894//4660 2892//4660 2890//4660
f 2867//4661 2891//4661 2888//4661
f 2869//4662 2890//4662 2892//4662
f 2895//4663 2877//4663 2887//4663
f 2896//4664 2889//4664 2878//4664
f 2867//4665 2887//4665 2877//4665
f 2869//4666 2878//4666 2889//4666
f 2897//4667 2879//4667 2898//4667
f 2899//4668 2900//4668 2880//4668
f 2877//4669 2895//4669 2879//4669
f 2878//4670 2880//4670 2896//4670
f 2901//4671 2902//4671 2895//4671
f 2903//4672 2896//4672 2904//4672
f 2898//4673 2879//4673 2902//4673
f 2900//4674 2904//4674 2880//4674
f 2895//4675 2902//4675 2879//4675
f 2896//4676 2880//4676 2904//4676
f 2883//4677 2879//4677 2897//4677
f 2884//4678 2899//4678 2880//4678
f 2905//4679 2887//4679 2906//4679
f 2907//4680 2908//4680 2889//4680
f 2888//4681 2909//4681 2887//4681
f 2890//4682 2889//4682 2910//4682
f 2911//4683 2912//4683 2909//4683
f 2913//4684 2910//4684 2914//4684
f 2915//4685 2916//4685 2912//4685
f 2917//4686 2914//4686 2918//4686
f 2909//4687 2912//4687 2887//4687
f 2910//4688 2889//4688 2914//4688
f 2916//4689 2906//4689 2912//4689
f 2918//4690 2914//4690 2908//4690
f 2887//4691 2912//4691 2906//4691
f 2889//4692 2908//4692 2914//4692
f 2919//4693 2895//4693 2905//4693
f 2920//4694 2907//4694 2896//4694
f 2887//4695 2905//4695 2895//4695
f 2889//4696 2896//4696 2907//4696
f 2901//4697 2895//4697 2921//4697
f 2903//4698 2922//4698 2896//4698
f 2919//4699 2923//4699 2895//4699
f 2920//4700 2896//4700 2924//4700
f 2921//4701 2895//4701 2923//4701
f 2922//4702 2924//4702 2896//4702
f 2925//4703 2905//4703 2926//4703
f 2927//4704 2928//4704 2907//4704
f 2906//4705 2929//4705 2905//4705
f 2908//4706 2907//4706 2930//4706
f 2926//4707 2905//4707 2929//4707
f 2928//4708 2930//4708 2907//4708
f 2931//4709 2919//4709 2932//4709
f 2933//4710 2934//4710 2920//4710
f 2905//4711 2925//4711 2919//4711
f 2907//4712 2920//4712 2927//4712
f 2932//4713 2919//4713 2925//4713
f 2934//4714 2927//4714 2920//4714
f 2923//4715 2919//4715 2931//4715
f 2924//4716 2933//4716 2920//4716
f 2819//4717 2814//4717 2820//4717
f 2820//4717 2814//4717 2818//4717
f 2815//4718 2819//4718 2817//4718
f 2817//4718 2819//4718 2820//4718
f 2821//4719 2822//4719 2823//4719
f 2823//4719 2822//4719 2824//4719
f 2814//4720 2821//4720 2818//4720
f 2818//4720 2821//4720 2823//4720
f 2825//4721 2815//4721 2826//4721
f 2826//4721 2815//4721 2817//4721
f 2829//4722 2825//4722 2831//4722
f 2831//4722 2825//4722 2826//4722
f 2827//4723 2829//4723 2830//4723
f 2830//4723 2829//4723 2831//4723
f 2833//4724 2837//4724 2834//4724
f 2834//4724 2837//4724 2838//4724
f 2822//4725 2833//4725 2824//4725
f 2824//4725 2833//4725 2834//4725
f 2839//4726 2841//4726 2840//4726
f 2840//4726 2841//4726 2842//4726
f 2837//4727 2839//4727 2838//4727
f 2838//4727 2839//4727 2840//4727
f 2845//4728 2844//4728 2847//4728
f 2847//4728 2844//4728 2848//4728
f 2852//4729 2827//4729 2854//4729
f 2854//4729 2827//4729 2830//4729
f 2851//4730 2852//4730 2853//4730
f 2853//4730 2852//4730 2854//4730
f 2844//4731 2851//4731 2848//4731
f 2848//4731 2851//4731 2853//4731
f 2863//4732 2859//4732 2865//4732
f 2865//4732 2859//4732 2860//4732
f 2861//4733 2863//4733 2864//4733
f 2864//4733 2863//4733 2865//4733
f 2862//4734 2861//4734 2866//4734
f 2866//4734 2861//4734 2864//4734
f 2857//4735 2862//4735 2858//4735
f 2858//4735 2862//4735 2866//4735
f 2841//4736 2857//4736 2842//4736
f 2842//4736 2857//4736 2858//4736
f 2871//4737 2845//4737 2872//4737
f 2872//4737 2845//4737 2847//4737
f 2873//4738 2871//4738 2875//4738
f 2875//4738 2871//4738 2872//4738
f 2874//4739 2873//4739 2876//4739
f 2876//4739 2873//4739 2875//4739
f 2868//4740 2874//4740 2870//4740
f 2870//4740 2874//4740 2876//4740
f 2885//4741 2883//4741 2886//4741
f 2886//4741 2883//4741 2884//4741
f 2881//4742 2885//4742 2882//4742
f 2882//4742 2885//4742 2886//4742
f 2859//4743 2881//4743 2860//4743
f 2860//4743 2881//4743 2882//4743
f 2891//4744 2868//4744 2892//4744
f 2892//4744 2868//4744 2870//4744
f 2893//4745 2891//4745 2894//4745
f 2894//4745 2891//4745 2892//4745
f 2888//4746 2893//4746 2890//4746
f 2890//4746 2893//4746 2894//4746
f 2902//4747 2901//4747 2904//4747
f 2904//4747 2901//4747 2903//4747
f 2898//4748 2902//4748 2900//4748
f 2900//4748 2902//4748 2904//4748
f 2897//4749 2898//4749 2899//4749
f 2899//4749 2898//4749 2900//4749
f 2883//4750 2897//4750 2884//4750
f 2884//4750 2897//4750 2899//4750
f 2909//4751 2888//4751 2910//4751
f 2910//4751 2888//4751 2890//4751
f 2911//4752 2909//4752 2913//4752
f 2913//4752 2909//4752 2910//4752
f 2912//4753 2911//4753 2914//4753
f 2914//4753 2911//4753 2913//4753
f 2915//4754 2912//4754 2917//4754
f 2917//4754 2912//4754 2914//4754
f 2916//4755 2915//4755 2918//4755
f 2918//4755 2915//4755 2917//4755
f 2906//4756 2916//4756 2908//4756
f 2908//4756 2916//4756 2918//4756
f 2921//4757 2923//4757 2922//4757
f 2922//4757 2923//4757 2924//4757
f 2901//4758 2921//4758 2903//4758
f 2903//4758 2921//4758 2922//4758
f 2929//4759 2906//4759 2930//4759
f 2930//4759 2906//4759 2908//4759
f 2926//4760 2929//4760 2928//4760
f 2928//4760 2929//4760 2930//4760
f 2925//4761 2926//4761 2927//4761
f 2927//4761 2926//4761 2928//4761
f 2932//4762 2925//4762 2934//4762
f 2934//4762 2925//4762 2927//4762
f 2931//4763 2932//4763 2933//4763
f 2933//4763 2932//4763 2934//4763
f 2923//4764 2931//4764 2924//4764
f 2924//4764 2931//4764 2933//4764
# Vertices: 2934, normals: 4764, texture coordinates: 0, faces: 5912

